연번,행정동,주소,상세위치,데이터 기준일
1,신설동,서울특별시 동대문구 한빛로 61,전신주,2026-03-17
2,신설동,서울특별시 동대문구 한빛로 39,울타리,2026-03-17
3,신설동,서울특별시 동대문구 한빛로 33-2,가로수,2026-03-17
4,신설동,서울특별시 동대문구 한빛로 15,전신주,2026-03-17
5,신설동,서울특별시 동대문구 한빛로1길 10-1,전신주,2026-03-17
6,신설동,서울특별시 동대문구 안암로6길 15,울타리,2026-03-17
7,신설동,서울특별시 동대문구 무학로49길 75,화단 앞,2026-03-17
8,신설동,서울특별시 동대문구 무학로49길 60,화단 앞,2026-03-17
9,신설동,서울특별시 동대문구 안암로14길 11,담벼락,2026-03-17
10,신설동,서울특별시 동대문구 안암로 42,가로수,2026-03-17
11,신설동,서울특별시 동대문구 안암로 58,전신주,2026-03-17
12,신설동,서울특별시 동대문구 무학로 197,전신주,2026-03-17
13,신설동,서울특별시 동대문구 무학로37길 26,전신주,2026-03-17
14,신설동,서울특별시 동대문구 왕산로9길 15,전신주,2026-03-17
15,신설동,서울특별시 동대문구 천호대로13길 67,담벼락,2026-03-17
16,신설동,서울특별시 동대문구 무학로35길 32,가로등,2026-03-17
17,신설동,서울특별시 동대문구 천호대로9가길 18,울타리,2026-03-17
18,신설동,서울특별시 동대문구 천호대로7길 17,다리 끝,2026-03-17
19,신설동,서울특별시 동대문구 무학로23길 22-1,담벼락,2026-03-17
20,신설동,서울특별시 동대문구 무학로26길 45,가로등,2026-03-17
21,신설동,서울특별시 동대문구 천호대로22길 31,담벼락,2026-03-17
22,신설동,서울특별시 동대문구 무학로16길 69,담벼락,2026-03-17
23,신설동,서울특별시 동대문구 무학로16길 37,가로등,2026-03-17
24,신설동,서울특별시 동대문구 천호대로16길 30,가로등,2026-03-17
25,신설동,서울특별시 동대문구 무학로26길 13,전신주,2026-03-17
26,신설동,서울특별시 동대문구 천호대로 23,울타리,2026-03-17
27,신설동,서울특별시 동대문구 청계천로13길 21,담벼락,2026-03-17
28,신설동,서울특별시 동대문구 청계천로13길 31,담벼락,2026-03-17
29,신설동,서울특별시 동대문구 천호대로22길 23,전신주,2026-03-17
30,신설동,서울특별시 동대문구 하정로 36,가로등,2026-03-17
31,용두동,서울특별시 동대문구 고산자로34길 12,담벼락,2026-03-17
32,용두동,서울특별시 동대문구 왕산로28길 43,화단 앞,2026-03-17
33,용두동,서울특별시 동대문구 고산자로30길 29,전신주,2026-03-17
34,용두동,서울특별시 동대문구 고산자로28가길 2,전신주,2026-03-17
35,용두동,서울특별시 동대문구 천호대로29가길 1,전신주,2026-03-17
36,용두동,서울특별시 동대문구 천호대로35길 8,가로등,2026-03-17
37,용두동,서울특별시 동대문구 천호대로29가길 40,가로등,2026-03-17
38,용두동,서울특별시 동대문구 천호대로45길 29,담벼락,2026-03-17
39,용두동,서울특별시 동대문구 고산자로30길 93,담벼락,2026-03-17
40,용두동,서울특별시 동대문구 천호대로45길 65-1,전신주,2026-03-17
41,용두동,서울특별시 동대문구 천호대로45길 75,전신주,2026-03-17
42,용두동,서울특별시 동대문구 천호대로45길 89,가로수,2026-03-17
43,용두동,서울특별시 동대문구 천호대로25길 5,담벼락,2026-03-17
44,용두동,서울특별시 동대문구 천호대로25길 21,담벼락,2026-03-17
45,용두동,서울특별시 동대문구 천호대로25길 37,담벼락,2026-03-17
46,용두동,서울특별시 동대문구 천호대로25길 55,담벼락,2026-03-17
47,용두동,서울특별시 동대문구 천호대로25길 67,담벼락,2026-03-17
48,용두동,서울특별시 동대문구 천호대로25길 81,담벼락,2026-03-17
49,용두동,서울특별시 동대문구 왕산로 74-1,가로등,2026-03-17
50,용두동,서울특별시 동대문구 무학로36길 32,전신주,2026-03-17
51,용두동,서울특별시 동대문구 천호대로17길 64,전신주,2026-03-17
52,용두동,서울특별시 동대문구 왕산로22길 52,담벼락,2026-03-17
53,용두동,서울특별시 동대문구 천호대로17길 41,전신주,2026-03-17
54,용두동,서울특별시 동대문구 왕산로16길 48,담벼락,2026-03-17
55,용두동,서울특별시 동대문구 무학로32길 27,담벼락,2026-03-17
56,용두동,서울특별시 동대문구 천호대로21길 33,담벼락,2026-03-17
57,용두동,서울특별시 동대문구 무학로32길 56,담벼락,2026-03-17
58,용두동,서울특별시 동대문구 무학로30길 26,담벼락,2026-03-17
59,용두동,서울특별시 동대문구 무학로30길 8,가로등,2026-03-17
60,용두동,서울특별시 동대문구 왕산로26길 10,가로등,2026-03-17
61,용두동,서울특별시 동대문구 고산자로31길 12,담벼락,2026-03-17
62,용두동,서울특별시 동대문구 천호대로27길 16,전신주,2026-03-17
63,용두동,서울특별시 동대문구 한빛로 78,가로등,2026-03-17
64,용두동,서울특별시 동대문구 무학로 178,가로수,2026-03-17
65,용두동,서울특별시 동대문구 천호대로13길 53,가로등,2026-03-17
66,제기동,서울특별시 동대문구 제기로 74-1,전신주,2026-03-17
67,제기동,서울특별시 동대문구 제기로20길 20,전신주,2026-03-17
68,제기동,서울특별시 동대문구 고산자로52길 3,전신주,2026-03-17
69,제기동,서울특별시 동대문구 고산자로52길 43-3,전신주,2026-03-17
70,제기동,서울특별시 동대문구 고산자로54길 66,전신주,2026-03-17
71,제기동,서울특별시 동대문구 제기로17길 68,가로등,2026-03-17
72,제기동,서울특별시 동대문구 제기로17길 45,가로등,2026-03-17
73,제기동,서울특별시 동대문구 정릉천동로 122,전신주,2026-03-17
74,제기동,서울특별시 동대문구 정릉천동로 142,가로등,2026-03-17
75,제기동,서울특별시 동대문구 안암로24길 5,전신주,2026-03-17
76,제기동,서울특별시 동대문구 약령시로9길 45,화단 옆,2026-03-17
77,제기동,서울특별시 동대문구 약령시로9길 33,울타리,2026-03-17
78,제기동,서울특별시 동대문구 약령시로9길 15,가로등,2026-03-17
79,제기동,서울특별시 동대문구 약령시로 37,가로수 옆,2026-03-17
80,제기동,서울특별시 동대문구 약령시로 25,가로등,2026-03-17
81,제기동,서울특별시 동대문구 약령시로 5-7,울타리 벽,2026-03-17
82,제기동,서울특별시 동대문구 제기로 16,가로등,2026-03-17
83,제기동,서울특별시 동대문구 제기로4나길 8,울타리 앞,2026-03-17
84,제기동,서울특별시 동대문구 약령시로3길 38,울타리 앞,2026-03-17
85,제기동,서울특별시 동대문구 약령시로3길 22,울타리 앞,2026-03-17
86,제기동,서울특별시 동대문구 약령시로5길 23-6,가로수,2026-03-17
87,제기동,서울특별시 동대문구 약령시로5길 22-4,담벼락 앞,2026-03-17
88,제기동,서울특별시 동대문구 약령시로5길 4,담벼락 앞,2026-03-17
89,제기동,서울특별시 동대문구 왕산로23가길 57,울타리 앞,2026-03-17
90,제기동,서울특별시 동대문구 무학로44길 39,담벼락 앞,2026-03-17
91,제기동,서울특별시 동대문구 무학로42길 31,담벼락 앞,2026-03-17
92,제기동,서울특별시 동대문구 무학로42길 39,담벼락 앞,2026-03-17
93,제기동,서울특별시 동대문구 약령시로 20,담벼락 앞 / 수거함 1,2026-03-17
94,제기동,서울특별시 동대문구 약령시로 20,인도 울타리 / 수거함 2,2026-03-17
95,제기동,서울특별시 동대문구 무학로44길 53,전신주,2026-03-17
96,제기동,서울특별시 동대문구 왕산로23가길 25,담벼락 앞,2026-03-17
97,제기동,서울특별시 동대문구 왕산로23가길 15,담벼락 앞,2026-03-17
98,제기동,서울특별시 동대문구 왕산로23가길 13-5,전신주,2026-03-17
99,제기동,서울특별시 동대문구 왕산로23가길 7-2,전신주,2026-03-17
100,제기동,서울특별시 동대문구 왕산로19라길 3,울타리 / 수거함 1,2026-03-17
101,제기동,서울특별시 동대문구 왕산로19라길 3,화단 앞 / 수거함 2,2026-03-17
102,제기동,서울특별시 동대문구 왕산로19마길 26,울타리 앞,2026-03-17
103,제기동,서울특별시 동대문구 왕산로19라길 39,담벼락 앞,2026-03-17
104,제기동,서울특별시 동대문구 왕산로19다길 19,가로등,2026-03-17
105,제기동,서울특별시 동대문구 왕산로19다길 15,담벼락 앞,2026-03-17
106,제기동,서울특별시 동대문구 왕산로19나길 3,전신주,2026-03-17
107,제기동,서울특별시 동대문구 왕산로19가길 39-2,전신주,2026-03-17
108,제기동,서울특별시 동대문구 왕산로19가길 59,전신주,2026-03-17
109,제기동,서울특별시 동대문구 왕산로19길 57,담벼락 앞,2026-03-17
110,제기동,서울특별시 동대문구 왕산로19바길 5,전신주,2026-03-17
111,제기동,서울특별시 동대문구 왕산로19바길 14,울타리 앞,2026-03-17
112,제기동,서울특별시 동대문구 왕산로19바길 21,전신주,2026-03-17
113,제기동,서울특별시 동대문구 왕산로19마길 3,가로등,2026-03-17
114,제기동,서울특별시 동대문구 약령시로 28,전신주,2026-03-17
115,제기동,서울특별시 동대문구 약령시로 34-1,전신주,2026-03-17
116,제기동,서울특별시 동대문구 왕산로23길 89,울타리 앞,2026-03-17
117,제기동,서울특별시 동대문구 정릉천동로 154,전신주,2026-03-17
118,제기동,서울특별시 동대문구 제기로 38,전신주,2026-03-17
119,제기동,서울특별시 동대문구 고산자로 550,전신주,2026-03-17
120,제기동,서울특별시 동대문구 회기로4길 21,가로등,2026-03-17
121,제기동,서울특별시 동대문구 고산자로62길 32,건물 앞,2026-03-17
122,제기동,서울특별시 동대문구 회기로 8,가로수,2026-03-17
123,제기동,서울특별시 동대문구 회기로 16,전신주,2026-03-17
124,제기동,서울특별시 동대문구 회기로 24,울타리,2026-03-17
125,청량리동,서울특별시 동대문구 왕산로 291-1,건물앞,2026-03-17
126,청량리동,서울특별시 동대문구 왕산로 283-1,건물앞,2026-03-17
127,청량리동,서울특별시 동대문구 제기로33길 23,화단 앞,2026-03-17
128,청량리동,서울특별시 동대문구 제기로33길 7-14,울타리,2026-03-17
129,청량리동,서울특별시 동대문구 홍릉로 65,가로수,2026-03-17
130,청량리동,서울특별시 동대문구 홍릉로 47,가로등,2026-03-17
131,청량리동,서울특별시 동대문구 홍릉로 33,가로수,2026-03-17
132,청량리동,서울특별시 동대문구 약령시로 119-1,가로수,2026-03-17
133,청량리동,서울특별시 동대문구 약령시로 133,가로등,2026-03-17
134,청량리동,서울특별시 동대문구 홍릉로 50,전신주,2026-03-17
135,청량리동,서울특별시 동대문구 홍릉로 75,건물 옆,2026-03-17
136,청량리동,서울특별시 동대문구 제기로 67,가로등,2026-03-17
137,청량리동,서울특별시 동대문구 회기로 36,전신주,2026-03-17
138,청량리동,서울특별시 동대문구 회기로8길 46,담벼락,2026-03-17
139,청량리동,서울특별시 동대문구 홍릉로 107,가로수,2026-03-17
140,청량리동,서울특별시 동대문구 홍릉로25길 6,전신주,2026-03-17
141,청량리동,서울특별시 동대문구 제기로17길 32,주차장 입구,2026-03-17
142,청량리동,서울특별시 동대문구 홍릉로 82,가로등,2026-03-17
143,청량리동,서울특별시 동대문구 회기로10길 37,담벼락,2026-03-17
144,청량리동,서울특별시 동대문구 회기로10길 49,가로등,2026-03-17
145,청량리동,서울특별시 동대문구 제기로26길 2,인도 전신주,2026-03-17
146,청량리동,서울특별시 동대문구 홍릉로10길 39,전신주,2026-03-17
147,청량리동,서울특별시 동대문구 왕산로43길 74,전신주,2026-03-17
148,청량리동,서울특별시 동대문구 왕산로43나길 10,전신주,2026-03-17
149,청량리동,서울특별시 동대문구 왕산로43나길 26,담벼락,2026-03-17
150,청량리동,서울특별시 동대문구 제기로36길 17,가로등,2026-03-17
151,청량리동,서울특별시 동대문구 왕산로47길 16,전신주,2026-03-17
152,청량리동,서울특별시 동대문구 제기로38길 40,전신주,2026-03-17
153,청량리동,서울특별시 동대문구 왕산로43길 22,전신주 앞,2026-03-17
154,청량리동,서울특별시 동대문구 왕산로43길 34,화단 앞,2026-03-17
155,청량리동,서울특별시 동대문구 왕산로43길 50,화단 앞,2026-03-17
156,청량리동,서울특별시 동대문구 왕산로43다길 10,울타리 앞,2026-03-17
157,청량리동,서울특별시 동대문구 홍릉로8길 21,화단 앞,2026-03-17
158,청량리동,서울특별시 동대문구 홍릉로8길 10-1,가로등,2026-03-17
159,청량리동,서울특별시 동대문구 홍릉로12길 32-1,울타리 앞,2026-03-17
160,회기동,서울특별시 동대문구 홍릉로24길 111,전신주,2026-03-17
161,회기동,서울특별시 동대문구 홍릉로24길 119,울타리,2026-03-17
162,회기동,서울특별시 동대문구 홍릉로24길 127,가로등,2026-03-17
163,회기동,서울특별시 동대문구 회기로 108-28,담벼락,2026-03-17
164,회기동,서울특별시 동대문구 회기로 108-14,담벼락,2026-03-17
165,회기동,서울특별시 동대문구 회기로 108-20,건물 앞,2026-03-17
166,회기동,서울특별시 동대문구 회기로12나길 37,담벼락,2026-03-17
167,회기동,서울특별시 동대문구 회기로12나길 13,전신주,2026-03-17
168,회기동,서울특별시 동대문구 회기로12나길 9,전신주,2026-03-17
169,회기동,서울특별시 동대문구 회기로12길 14,전신주,2026-03-17
170,회기동,서울특별시 동대문구 회기로12길 20,전신주,2026-03-17
171,회기동,서울특별시 동대문구 회기로12길 36,전신주,2026-03-17
172,회기동,서울특별시 동대문구 회기로12길 27-26,전신주,2026-03-17
173,회기동,서울특별시 동대문구 회기로12길 5-6,건물 앞,2026-03-17
174,회기동,서울특별시 동대문구 회기로14길 6,전신주,2026-03-17
175,회기동,서울특별시 동대문구 회기로 129,가로등,2026-03-17
176,회기동,서울특별시 동대문구 회기로 117-3,전신주,2026-03-17
177,회기동,서울특별시 동대문구 경희대로3길 33,울타리,2026-03-17
178,회기동,서울특별시 동대문구 경희대로3길 41,전신주,2026-03-17
179,회기동,서울특별시 동대문구 경희대로 17,전신주,2026-03-17
180,회기동,서울특별시 동대문구 경희대로3길 2,가로수,2026-03-17
181,회기동,서울특별시 동대문구 경희대로 10,가로등,2026-03-17
182,회기동,서울특별시 동대문구 회기로 161-3,가로수,2026-03-17
183,회기동,서울특별시 동대문구 회기로25길 17-20,전신주,2026-03-17
184,회기동,서울특별시 동대문구 경희대로4길 42,울타리,2026-03-17
185,회기동,서울특별시 동대문구 회기로23길 31,울타리,2026-03-17
186,회기동,서울특별시 동대문구 회기로23길 49,울타리,2026-03-17
187,회기동,서울특별시 동대문구 회기로23길 61,울타리,2026-03-17
188,회기동,서울특별시 동대문구 이문로9길 27,전신주,2026-03-17
189,회기동,서울특별시 동대문구 이문로 47,가로등,2026-03-17
190,회기동,서울특별시 동대문구 이문로 53,가로수,2026-03-17
191,회기동,서울특별시 동대문구 이문로 19,가로수,2026-03-17
192,회기동,서울특별시 동대문구 회기로26길 12,배전함,2026-03-17
193,회기동,서울특별시 동대문구 회기로26길 26,가로수,2026-03-17
194,회기동,서울특별시 동대문구 회기로26길 44,울타리 앞,2026-03-17
195,회기동,서울특별시 동대문구 회기로16길 5-4,전신주,2026-03-17
196,회기동,서울특별시 동대문구 이문로3길 52-1,전신주,2026-03-17
197,회기동,서울특별시 동대문구 이문로3길 26,가로수,2026-03-17
198,회기동,서울특별시 동대문구 이문로1길 33,전신주,2026-03-17
199,회기동,서울특별시 동대문구 이문로3길 22-5,담벼락,2026-03-17
200,회기동,서울특별시 동대문구 이문로1길 8-13,건물 옆,2026-03-17
201,휘경동,서울특별시 동대문구 외대역동로1길 12,전신주,2026-03-17
202,휘경동,서울특별시 동대문구 망우로21가길 12,가로등,2026-03-17
203,휘경동,서울특별시 동대문구 망우로21나길 14,화단 앞,2026-03-17
204,휘경동,서울특별시 동대문구 망우로21길 63,가로등,2026-03-17
205,휘경동,서울특별시 동대문구 망우로21나길 6,전신주,2026-03-17
206,휘경동,서울특별시 동대문구 망우로21길 26,가로등,2026-03-17
207,휘경동,서울특별시 동대문구 망우로20가길 34-2,화단 앞,2026-03-17
208,휘경동,서울특별시 동대문구 한천로49길 44,담벼락,2026-03-17
209,휘경동,서울특별시 동대문구 한천로51길 10,담벼락,2026-03-17
210,휘경동,서울특별시 동대문구 한천로51길 40,전신주,2026-03-17
211,휘경동,서울특별시 동대문구 한천로49길 14,담벼락,2026-03-17
212,휘경동,서울특별시 동대문구 한천로47길 14,전신주,2026-03-17
213,휘경동,서울특별시 동대문구 장안벚꽃로7가길 34,전신주,2026-03-17
214,휘경동,서울특별시 동대문구 사가정로23나길 22,가로등,2026-03-17
215,휘경동,서울특별시 동대문구 망우로20가길 4,담벼락,2026-03-17
216,휘경동,서울특별시 동대문구 망우로18길 6,울타리,2026-03-17
217,휘경동,서울특별시 동대문구 망우로18가길 7-3,전신주,2026-03-17
218,휘경동,서울특별시 동대문구 망우로18길 38,전신주,2026-03-17
219,휘경동,서울특별시 동대문구 망우로18길 53,담벼락,2026-03-17
220,휘경동,서울특별시 동대문구 망우로18길 77,울타리,2026-03-17
221,휘경동,서울특별시 동대문구 망우로16길 58,담벼락,2026-03-17
222,휘경동,서울특별시 동대문구 망우로18라길 2,담벼락,2026-03-17
223,휘경동,서울특별시 동대문구 망우로18가길 23,울타리,2026-03-17
224,휘경동,서울특별시 동대문구 망우로18다길 41,담벼락,2026-03-17
225,휘경동,서울특별시 동대문구 망우로18다길 25,담벼락,2026-03-17
226,휘경동,서울특별시 동대문구 망우로18다길 14,가로등,2026-03-17
227,휘경동,서울특별시 동대문구 망우로18가길 85-2,가로등,2026-03-17
228,휘경동,서울특별시 동대문구 망우로14가길 19-8,담벼락,2026-03-17
229,휘경동,서울특별시 동대문구 망우로14가길 9-1,담벼락,2026-03-17
230,휘경동,서울특별시 동대문구 망우로12길 17,울타리,2026-03-17
231,휘경동,서울특별시 동대문구 망우로12길 42,전신주,2026-03-17
232,휘경동,서울특별시 동대문구 망우로10가길 12,울타리,2026-03-17
233,휘경동,서울특별시 동대문구 망우로12라길 17-1,건물 앞,2026-03-17
234,휘경동,서울특별시 동대문구 망우로12라길 24,울타리,2026-03-17
235,휘경동,서울특별시 동대문구 망우로6길 38,울타리,2026-03-17
236,휘경동,서울특별시 동대문구 서울시립대로29가길 45,건물 앞,2026-03-17
237,휘경동,서울특별시 동대문구 망우로10길 60,건물 앞,2026-03-17
238,휘경동,서울특별시 동대문구 망우로10길 54,건물 앞,2026-03-17
239,휘경동,서울특별시 동대문구 전농로38길 80,담벼락,2026-03-17
240,휘경동,서울특별시 동대문구 전농로38길 89,전신주,2026-03-17
241,휘경동,서울특별시 동대문구 망우로4길 13,담벼락,2026-03-17
242,휘경동,서울특별시 동대문구 망우로 16,전신주,2026-03-17
243,휘경동,서울특별시 동대문구 망우로14길 18,가로등,2026-03-17
244,휘경동,서울특별시 동대문구 망우로 29,담벼락,2026-03-17
245,휘경동,서울특별시 동대문구 이문로 16,가로등,2026-03-17
246,휘경동,서울특별시 동대문구 회기로29길 21,전신주,2026-03-17
247,휘경동,서울특별시 동대문구 천장산로4가길 1,전신주,2026-03-17
248,휘경동,서울특별시 동대문구 회기로29길 59-5,담벼락,2026-03-17
249,휘경동,서울특별시 동대문구 회기로31길 23,가로등,2026-03-17
250,휘경동,서울특별시 동대문구 이문로12길 66,가로등,2026-03-17
251,이문동,서울특별시 동대문구 휘경로14길 9,전신주,2026-03-17
252,이문동,서울특별시 동대문구 이문로42길 73,울타리,2026-03-17
253,이문동,서울특별시 동대문구 이문로46길 40,울타리,2026-03-17
254,이문동,서울특별시 동대문구 이문로46길 30,울타리,2026-03-17
255,이문동,서울특별시 동대문구 신이문로 10,전신주,2026-03-17
256,이문동,서울특별시 동대문구 이문로 168,전신주,2026-03-17
257,이문동,서울특별시 동대문구 신이문로 28,가로등,2026-03-17
258,이문동,서울특별시 동대문구 신이문로 39,전신주,2026-03-17
259,이문동,서울특별시 동대문구 신이문로 27-12,가로등,2026-03-17
260,이문동,서울특별시 동대문구 한천로63길 17,담벼락,2026-03-17
261,이문동,서울특별시 동대문구 신이문로 17,가로수 옆,2026-03-17
262,이문동,서울특별시 동대문구 이문로 196-17,담벼락,2026-03-17
263,이문동,서울특별시 동대문구 이문로50길 20,담벼락,2026-03-17
264,이문동,서울특별시 동대문구 신이문로 3,울타리,2026-03-17
265,이문동,서울특별시 동대문구 이문로51길 30,담벼락,2026-03-17
266,이문동,서울특별시 동대문구 이문로 131,전신주,2026-03-17
267,이문동,서울특별시 동대문구 이문로25길 22-1,전신주,2026-03-17
268,이문동,서울특별시 동대문구 이문로21길 17,가로등,2026-03-17
269,이문동,서울특별시 동대문구 이문로25길 9,전신주,2026-03-17
270,이문동,서울특별시 동대문구 이문로9길 8,화단 옆,2026-03-17
271,이문동,서울특별시 동대문구 이문로 70,전신주,2026-03-17
272,이문동,서울특별시 동대문구 이문로 80,전신주,2026-03-17
273,이문동,서울특별시 동대문구 이문로 90,담벼락,2026-03-17
274,이문동,서울특별시 동대문구 휘경로2길 24,울타리,2026-03-17
275,이문동,서울특별시 동대문구 이문로16길 47,담벼락,2026-03-17
276,이문동,서울특별시 동대문구 휘경로10길 38,담벼락,2026-03-17
277,이문동,서울특별시 동대문구 휘경로10길 28,담벼락,2026-03-17
278,이문동,서울특별시 동대문구 휘경로 26-7,전신주,2026-03-17
279,이문동,서울특별시 동대문구 이문로 85,울타리,2026-03-17
280,이문동,서울특별시 동대문구 이문로 118,담벼락,2026-03-17
281,이문동,서울특별시 동대문구 이문로 136,담벼락,2026-03-17
282,이문동,서울특별시 동대문구 이문로9길 74,담벼락,2026-03-17
283,이문동,서울특별시 동대문구 이문로9길 84,전신주,2026-03-17
284,이문동,서울특별시 동대문구 이문로9길 103,화단 옆,2026-03-17
285,이문동,서울특별시 동대문구 이문로9길 105-16,울타리,2026-03-17
286,이문동,서울특별시 동대문구 이문로9가길 13,건물 옆,2026-03-17
287,이문동,서울특별시 동대문구 이문로9길 115,울타리,2026-03-17
288,이문동,서울특별시 동대문구 이문로9길 123,울타리,2026-03-17
289,이문동,서울특별시 동대문구 천장산로7길 10-1,화단 앞,2026-03-17
290,이문동,서울특별시 동대문구 이문로9나길 20,울타리,2026-03-17
291,이문동,서울특별시 동대문구 천장산로7길 54,담벼락,2026-03-17
292,이문동,서울특별시 동대문구 천장산로7길 62,전신주,2026-03-17
293,이문동,서울특별시 동대문구 천장산로9길 30-3,전신주,2026-03-17
294,이문동,서울특별시 동대문구 천장산로9길 8-4,가로등,2026-03-17
295,이문동,서울특별시 동대문구 천장산로 31,전신주,2026-03-17
296,이문동,서울특별시 동대문구 천장산로 39,울타리,2026-03-17
297,이문동,서울특별시 동대문구 천장산로11길 36,전신주,2026-03-17
298,이문동,서울특별시 동대문구 천장산로4가길 1,전신주,2026-03-17
299,이문동,서울특별시 동대문구 천장산로4길 36,울타리,2026-03-17
300,이문동,서울특별시 동대문구 천장산로 24,담벼락,2026-03-17
301,답십리1동,서울특별시 동대문구 답십리로40길 7,한성빌딩주차장 입구 담,2026-03-17
302,답십리1동,서울특별시 동대문구 답십리로30길 6,,2026-03-17
303,답십리1동,서울특별시 동대문구 답십리로38길 25,간데메공원 (답3동 새마을방역봉사대옆),2026-03-17
304,답십리1동,서울특별시 동대문구 답십리로38길 39,간데메공원,2026-03-17
305,답십리1동,서울특별시 동대문구 답십리로30길 44,빛과진리교회 맞은편 간데메공원 입구,2026-03-17
307,답십리1동,서울특별시 동대문구 전농로3길 40,,2026-03-17
308,답십리1동,서울특별시 동대문구 전농로 79-17,,2026-03-17
309,답십리1동,서울특별시 동대문구 황물로 111,이마트24 건너편,2026-03-17
310,답십리1동,서울특별시 동대문구 고미술로 14,개미포차 건너편,2026-03-17
311,답십리1동,서울특별시 동대문구 황물로11길 23,,2026-03-17
312,답십리1동,서울특별시 동대문구 천호대로67길 43,착한부동산 건너편,2026-03-17
313,답십리1동,서울특별시 동대문구 천호대로71길 44,세운종합상사 건너편,2026-03-17
314,답십리1동,서울특별시 동대문구 사가정로2길 100,또와수퍼 건너편,2026-03-17
315,답십리1동,서울특별시 동대문구 황물로 101,,2026-03-17
316,답십리1동,서울특별시 동대문구 황물로 125,,2026-03-17
317,답십리1동,서울특별시 동대문구 전농로3길 68-1,답십리재림교회옆,2026-03-17
318,답십리2동,서울특별시 동대문구 한천로11길 51,문화이발관건너편,2026-03-17
319,답십리2동,서울특별시 동대문구 답십리로56길 90,,2026-03-17
320,답십리2동,서울특별시 동대문구 답십리로56길 98,,2026-03-17
321,답십리2동,서울특별시 동대문구 답십리로56길 56,답십리두산박스터널입구,2026-03-17
322,답십리2동,서울특별시 동대문구 답십리로60길 43-2,,2026-03-17
323,답십리2동,서울특별시 동대문구 동대무구 답십리로59길 57,디지털 봉제기기앞,2026-03-17
324,답십리2동,서울특별시 동대문구 답십리로59길 27,,2026-03-17
325,답십리2동,서울특별시 동대문구 한천로17길 8,,2026-03-17
326,답십리2동,서울특별시 동대문구 황물로15길 14,,2026-03-17
327,답십리2동,서울특별시 동대문구 답십리로60길 92,민중빌라트옆,2026-03-17
328,답십리2동,서울특별시 동대문구 한천로11길 18,답십리2동 주민센터 앞,2026-03-17
329,답십리2동,서울특별시 동대문구 황물로15길 1,황금정육점 건너편,2026-03-17
330,답십리2동,서울특별시 동대문구 황물로15길 34,"케이원,엑스프로베터리 사이",2026-03-17
331,답십리2동,서울특별시 동대문구 황물로15길 10,,2026-03-17
332,답십리2동,서울특별시 동대문구 답십리로52길 26,,2026-03-17
333,답십리2동,서울특별시 동대문구 답십리로58길 26,,2026-03-17
334,전농1동,서울특별시 동대문구 서울시립대로19길 55,,2026-03-17
335,전농1동,서울특별시 동대문구 전농로37길 96-14,,2026-03-17
336,전농1동,서울특별시 동대문구 전농로37길 21,전일청소년독서실 주차장 대각선방향,2026-03-17
337,전농1동,서울특별시 동대문구 서울시립대로19길 21,,2026-03-17
338,전농1동,서울특별시 동대문구 답십리로29길 28,텃골근린공원,2026-03-17
339,전농1동,서울특별시 동대문구 전농로37길 21,,2026-03-17
340,전농1동,서울특별시 동대문구 전농로38나길 4,현대미싱옆,2026-03-17
341,전농1동,서울특별시 동대문구 전농로38길 12,은주네반찬 앞,2026-03-17
343,전농1동,서울특별시 동대문구 전농로38다길 4,,2026-03-17
344,전농1동,서울특별시 동대문구 전농로38길 30,세화아파트 건너편,2026-03-17
345,전농1동,서울특별시 동대문구 서울시립대로29길 70,해봄빌라옆,2026-03-17
346,전농1동,서울특별시 동대문구 서울시립대로29길 24,,2026-03-17
347,전농1동,서울특별시 동대문구 전농로29길 42,전곡마을마당공원입구,2026-03-17
348,전농1동,서울특별시 동대문구 답십리로23다길 32,로얄하이츠빌라옆,2026-03-17
349,전농1동,서울특별시 동대문구 전농로27길 25,,2026-03-17
350,전농1동,서울특별시 동대문구 답십리로23길 120,,2026-03-17
351,전농1동,서울특별시 동대문구 답십리로23길 58,샛말어린이공원입구,2026-03-17
352,전농1동,서울특별시 동대문구 시립대로5길 4,,2026-03-17
353,전농1동,서울특별시 동대문구 답십리로15길 26,럭키연립옆,2026-03-17
354,전농1동,서울특별시 동대문구 답십리로15길 39,전농1동주민센터방향,2026-03-17
355,전농1동,서울특별시 동대문구 답십리로23나길 55,대한불교진각종무애심인당 오른쪽 담,2026-03-17
356,전농1동,서울특별시 동대문구 전농로17길 7,봉순이네 뼈 감자탕집 건너편,2026-03-17
357,전농1동,서울특별시 동대문구 서울시립대로3길 22,바이림 건너편,2026-03-17
358,전농2동,서울특별시 동대문구 전농로30길 7,동대문구보훈회관,2026-03-17
359,전농2동,서울특별시 동대문구 한천로 185,동트리움102,2026-03-17
360,전농2동,서울특별시 동대문구 한천로 185,동트리움101,2026-03-17
361,전농2동,서울특별시 동대문구 전농로20길 31,혜성여자고등학교 입구 바마이클커피전문점 건너편,2026-03-17
362,전농2동,서울특별시 동대문구 사가정로17길 21,아름드리어린이공원입구,2026-03-17
363,전농2동,서울특별시 동대문구 한천로43길 23,41차퍼시픽하우스앞 배봉산입구계단,2026-03-17
364,전농2동,서울특별시 동대문구 한천로41길 11,한살림앞,2026-03-17
365,전농2동,서울특별시 동대문구 한천로33가길 17-2,정춘정 공예교실 건너편,2026-03-17
367,전농2동,서울특별시 동대문구 사가정로13가길 32,CU편의점 건너편 아름드리어린이공원입구,2026-03-17
369,전농2동,서울특별시 동대문구 전농로23길 11,스튜디오비분리 맞은편(전곡마을마당공원입구),2026-03-17
370,장안1동,서울특별시 동대문구 장한로17길 20,샛별어린이공원 앞,2026-03-17
372,장안1동,서울특별시 동대문구 장한로17길 20,샛별어린이공원 옆,2026-03-17
374,장안1동,서울특별시 동대문구 한천로18길 52,장안제1동주민센터 앞,2026-03-17
376,장안1동,서울특별시 동대문구 천호대로77나길 2,장안동 명성세탁소 앞,2026-03-17
378,장안1동,서울특별시 동대문구 천호대로89길 33,형인허브빌 아파트 미나리공원 맞은편,2026-03-17
380,장안1동,서울특별시 동대문구 천호대로87길 43,미나리어린이공원 화장실 근처,2026-03-17
382,장안1동,서울특별시 동대문구 답십리로68길 24,장미어린이공원 CU옆,2026-03-17
384,장안1동,서울특별시 동대문구 천호대로77가길 27,신일해피트리2차아파트 관리실뒤,2026-03-17
386,장안1동,서울특별시 동대문구 천호대로89길 33,형인허브빌 정문놀이터 앞,2026-03-17
387,장안1동,서울특별시 동대문구 천호대로89길 58,장안어린이집 정문 옆,2026-03-17
388,장안1동,서울특별시 동대문구 장안로26가길 113,장안1동 문화센터 안쪽,2026-03-17
389,장안1동,서울특별시 동대문구 장한로 34,SK텔레콤 뒤편,2026-03-17
390,장안1동,서울특별시 동대문구 장한로10길 48,금성아트빌 101동 앞,2026-03-17
391,장안1동,서울특별시 동대문구 장한로10길 28,홍해오크팰리스 정문 앞,2026-03-17
392,장안1동,서울특별시 동대문구 장한로12길 18,장안동 임진강 메기메운탕 건너편,2026-03-17
393,장안1동,서울특별시 동대문구 장한로12길 62,형인허브빌 아파트 어린이 보호구역 앞,2026-03-17
394,장안1동,서울특별시 동대문구 장한로12길 73,장안동 정석빌딩 앞,2026-03-17
395,장안1동,서울특별시 동대문구 장한로12길 90,장안동 상록파라브아파트 101동 옆,2026-03-17
397,장안1동,서울특별시 동대문구 장한로14길 61,안평초등학교 횡단보도 앞,2026-03-17
398,장안1동,서울특별시 동대문구 장한로18길 26-10,장안동 장평중학교 후문 앞,2026-03-17
400,장안1동,서울특별시 동대문구 장한로18길 26-5,장안동 장평중학교 아르떼피아노 앞,2026-03-17
401,장안1동,서울특별시 동대문구 답십리로64길 16,동대문구 선거관리위원회 앞,2026-03-17
402,장안1동,서울특별시 동대문구 한천로 72,민지빌딩(스피드메이트타이어) 뒤,2026-03-17
403,장안1동,서울특별시 동대문구 천호대로83길 77-3,대명빌라맨션 앞,2026-03-17
405,장안1동,서울특별시 동대문구 장한로 34,장안소방서 주차장 옆,2026-03-17
406,장안1동,서울특별시 동대문구 천호대로97길 9,장안푸르미에 CU 앞,2026-03-17
407,장안1동,서울특별시 동대문구 천호대로91길 62,금성연립 가동 옆,2026-03-17
408,장안1동,서울특별시 동대문구 장한로3길 34,서비스에이스장안센터앞,2026-03-17
409,장안1동,서울특별시 동대문구 한천로 100,버거킹 장안SK점 뒷담,2026-03-17
410,장안1동,서울특별시 동대문구 답십리로68길 58,송석아트빌 앞,2026-03-17
411,장안2동,서울특별시 동대문구 장안동 348,한내어린이공원 앞,2026-03-17
413,장안2동,서울특별시 동대문구 장안벚꽃로3길 18,은석초등학교 어린이보호구역 길,2026-03-17
414,장안2동,서울특별시 동대문구 사가정로23길 40,연후빌딩주차장 건너편,2026-03-17
416,장안2동,서울특별시 동대문구 사가정로23길 64,성우스타밸리스 103동 건너편,2026-03-17
418,장안2동,서울특별시 동대문구 장한로26나길 6,늘봄어린이공원입구,2026-03-17
420,장안2동,서울특별시 동대문구 장한로31길 33,장안동성당 앞,2026-03-17
421,장안2동,서울특별시 동대문구 장한로20길 7,서희스타힐스 앞,2026-03-17
422,장안2동,서울특별시 동대문구 장한로26다길 84,똘비왕족발 건너편,2026-03-17
424,장안2동,서울특별시 동대문구 장한로26다길 77,솔향기어린이집옆,2026-03-17
425,장안2동,서울특별시 동대문구 장한로26다길 10,장안동 어린이도서관 앞,2026-03-17
427,장안2동,서울특별시 동대문구 장한로28가길 11,SM해그린아파트 앞,2026-03-17
428,장안2동,서울특별시 동대문구 장한로 178,성광니트 앞,2026-03-17
429,장안2동,서울특별시 동대문구 사가정로23가길 51,미도빌라 입구 맞은편,2026-03-17
430,장안2동,서울특별시 동대문구 사가정로23가길 51,미도빌라 뒷담,2026-03-17
431,장안2동,서울특별시 동대문구 사가정로23가길 35,방원예뜨랑아파트 101동 담 화성빌라 건너편,2026-03-17
432,장안2동,서울특별시 동대문구 사가정로23가길 23,은하수드림필아파트 입구 옆,2026-03-17
433,장안2동,서울특별시 동대문구 장한로 191,장안교회 입구 건너편,2026-03-17
435,장안2동,서울특별시 동대문구 장한로33길 20,오복연립 다동 천지어패럴 대각선뱡향,2026-03-17
437,장안2동,서울특별시 동대문구 장한로33길 20,오복연립 늘푸른어린이공원 맞은편,2026-03-17
438,장안2동,서울특별시 동대문구 답십리로65길 44,가든시티 1차 옆,2026-03-17
439,장안2동,서울특별시 동대문구 장한로34길 23-12,,2026-03-17
