연번,행정동,도로명주소,지번주소,위도,경도
1,화곡1동,서울특별시 강서구 화곡로26가길 28,서울특별시 강서구 화곡동 1074-4,37.54058582,126.83847512
2,화곡1동,서울특별시 강서구 화곡로24길 28,서울특별시 강서구 화곡동 1081-31,37.53974623,126.83851110
3,화곡1동,서울특별시 강서구 강서로31길 33,서울특별시 강서구 화곡동 1078-9,37.53947239,126.83967826
4,화곡1동,서울특별시 강서구 강서로31길 27,서울특별시 강서구 화곡동 1078-16,37.53961258,126.84001277
5,화곡1동,서울특별시 강서구 강서로31길 28-28,서울특별시 강서구 화곡동 1079-35,37.54040274,126.83966846
6,화곡1동,서울특별시 강서구 가로공원로89길 21,서울특별시 강서구 화곡동 400-72,37.53891883,126.84029146
7,화곡1동,서울특별시 강서구 가로공원로 219-11,서울특별시 강서구 화곡동 400-81,37.53828792,126.83987054
8,화곡1동,서울특별시 강서구 가로공원로 222-1,서울특별시 강서구 화곡동 367-4,37.53757543,126.84068434
9,화곡1동,서울특별시 강서구 가로공원로 240,서울특별시 강서구 화곡동 367-63,37.53828455,126.84238299
10,화곡1동,서울특별시 강서구 가로공원로 231,서울특별시 강서구 화곡동 400-43,37.53839957,126.84128216
11,화곡1동,서울특별시 강서구 화곡로24길 74,서울특별시 강서구 화곡동 379-12,37.53789107,126.83963254
12,화곡1동,서울특별시 강서구 가로공원로77길 9,서울특별시 강서구 화곡동 379-52,37.53780653,126.83744130
13,화곡1동,서울특별시 강서구 월정로30가길 12,서울특별시 강서구 화곡동 373-48,37.53458461,126.83689096
14,화곡1동,서울특별시 강서구 화곡로14길 19,서울특별시 강서구 화곡동 1087,37.53838061,126.83494481
15,화곡1동,서울특별시 강서구 화곡로18길 44,서울특별시 강서구 화곡동 1087-17,37.53834912,126.83620376
16,화곡1동,서울특별시 강서구 월정로28길 4,서울특별시 강서구 화곡동 360-1,37.53287233,126.83700409
17,화곡1동,서울특별시 강서구 강서로17라길 7-34,서울특별시 강서구 화곡동 354-86,37.53288510,126.83995111
18,화곡1동,서울특별시 강서구 강서로17다길 15,서울특별시 강서구 화곡동 354-30,37.53322275,126.84206282
19,화곡1동,서울특별시 강서구 강서로17나길 37,서울특별시 강서구 화곡동 353-16,37.53417385,126.84301392
20,화곡1동,서울특별시 강서구 가로공원로82길 78,서울특별시 강서구 화곡동 366-112,37.53412961,126.84119029
21,화곡1동,서울특별시 강서구 가로공원로80가길 34,서울특별시 강서구 화곡동 366-90,37.53465147,126.84132835
22,화곡1동,서울특별시 강서구 가로공원로82길 43,서울특별시 강서구 화곡동 369-10,37.53553488,126.84057407
23,화곡1동,서울특별시 강서구 가로공원로82길 33,서울특별시 강서구 화곡동 369-20,37.53599852,126.84029826
24,화곡1동,서울특별시 강서구 가로공원로82길 41-15,서울특별시 강서구 화곡동 369-13,37.53603364,126.84048317
25,화곡1동,서울특별시 강서구 가로공원로80길 27,서울특별시 강서구 화곡동 369-73,37.53613158,126.83948571
26,화곡1동,서울특별시 강서구 월정로30길 114,서울특별시 강서구 화곡동 352-1,37.53585188,126.84200365
27,화곡1동,서울특별시 강서구 가로공원로84길 59,서울특별시 강서구 화곡동 352-46,37.53507391,126.84169924
28,화곡1동,서울특별시 강서구 강서로17가길 55,서울특별시 강서구 화곡동 351-41,37.53524479,126.84329079
29,화곡1동,서울특별시 강서구 강서로17가길 70,서울특별시 강서구 화곡동 351-14,37.53591986,126.84298084
30,화곡1동,서울특별시 강서구 강서로17가길 18-16,서울특별시 강서구 화곡동 382-11,37.53405516,126.84462506
31,화곡1동,서울특별시 강서구 강서로17가길 16,서울특별시 강서구 화곡동 350-33,37.53375882,126.84448301
32,화곡1동,서울특별시 강서구 강서로17가길 16-10,서울특별시 강서구 화곡동 350-63,37.53387934,126.84487083
33,화곡1동,서울특별시 강서구 강서로15길 47,서울특별시 강서구 화곡동 346-121,37.53209015,126.84344956
34,화곡1동,서울특별시 강서구 곰달래로19나길 15-23,서울특별시 강서구 화곡동 346-91,37.53172990,126.84308930
35,화곡1동,서울특별시 강서구 곰달래로19나길 17,서울특별시 강서구 화곡동 346-80,37.53088476,126.84335931
36,화곡1동,서울특별시 강서구 곰달래로19나길 21-22,서울특별시 강서구 화곡동 346-72,37.53172142,126.84375694
37,화곡1동,서울특별시 강서구 곰달래로21길 18-14,서울특별시 강서구 화곡동 346-41,37.53142301,126.84465157
38,화곡1동,서울특별시 강서구 강서로15길 26,서울특별시 강서구 화곡동 348-33,37.53235900,126.84453841
39,화곡1동,서울특별시 강서구 곰달래로19나길 43-32,서울특별시 강서구 화곡동 346-9,37.53229267,126.84493566
40,화곡1동,서울특별시 강서구 강서로13길 25,서울특별시 강서구 화곡동 343-13,37.53177052,126.84540321
41,화곡1동,서울특별시 강서구 곰달래로 113,서울특별시 강서구 화곡동 343-21,37.53064711,126.84556992
42,화곡1동,서울특별시 강서구 가로공원로76가길 87,서울특별시 강서구 화곡동 351-88,37.53473046,126.84339336
43,화곡1동,서울특별시 강서구 강서로15길 101,서울특별시 강서구 화곡동 424-210,37.53189905,126.84035689
44,화곡1동,서울특별시 강서구 곰달래로19가길 16-26,서울특별시 강서구 화곡동 424-5,37.53179573,126.84151021
45,화곡1동,서울특별시 강서구 곰달래로17길 6,서울특별시 강서구 화곡동 425-1,37.53052249,126.84115268
46,화곡1동,서울특별시 강서구 월정로18길 35,서울특별시 강서구 화곡동 922-9,37.52943481,126.84089059
47,화곡1동,서울특별시 강서구 강서로7길 144,서울특별시 강서구 화곡동 936-6,37.52885350,126.83976910
48,화곡1동,서울특별시 강서구 강서로7길 82,서울특별시 강서구 화곡동 916-32,37.52939176,126.84325722
49,화곡1동,서울특별시 강서구 월정로20길 96,서울특별시 강서구 화곡동 917-4,37.52984941,126.84403293
50,화곡1동,서울특별시 강서구 강서로7길 52-3,서울특별시 강서구 화곡동 918-15,37.52952304,126.84462259
51,화곡1동,서울특별시 강서구 강서로7길 52-12,서울특별시 강서구 화곡동 900-47,37.52995961,126.84492794
52,화곡1동,서울특별시 강서구 강서로7길 20-10,서울특별시 강서구 화곡동 899-14,37.53001166,126.84663220
53,화곡1동,서울특별시 강서구 강서로5가길 12,서울특별시 강서구 화곡동 903-12,37.52926286,126.84741470
54,화곡1동,서울특별시 강서구 국회대로 107,서울특별시 강서구 화곡동 908-5,37.52798801,126.84683738
55,화곡1동,서울특별시 강서구 월정로14길 56,서울특별시 강서구 화곡동 911-12,37.52751508,126.84326692
56,화곡1동,서울특별시 강서구 곰달래로15길 28,서울특별시 강서구 화곡동 424-94,37.53142042,126.83987369
57,화곡1동,서울특별시 강서구 강서로29길 37,서울특별시 강서구 화곡동 400-69,37.53895034,126.83987343
58,화곡1동,서울특별시 강서구 월정로24길 10,서울특별시 강서구 화곡동 355-28,37.53079172,126.83856458
59,화곡1동,,서울특별시 강서구 화곡동 355-12,37.53148628,126.83881960
60,화곡1동,,서울특별시 강서구 화곡동 662-16,37.53405170,126.83830553
61,화곡1동,,서울특별시 강서구 화곡동 372-26,37.53517184,126.83600751
62,화곡1동,서울특별시 강서구 가로공원로84길 26,서울특별시 강서구 화곡동 1171,37.53652600,126.84043500
63,화곡2동,서울특별시 강서구 강서로5라길 89,서울특별시 강서구 화곡동 883-5,37.52993451,126.85334940
64,화곡2동,서울특별시 강서구 강서로5라길 133,서울특별시 강서구 화곡동 851-14,37.53026679,126.85568159
65,화곡2동,서울특별시 강서구 곰달래로44길 25,서울특별시 강서구 화곡동 846-26,37.53031227,126.85670244
66,화곡2동,서울특별시 강서구 강서로5라길 160,서울특별시 강서구 화곡동 845-11,37.53023786,126.85723681
67,화곡2동,서울특별시 강서구 국회대로 171,서울특별시 강서구 화곡동 885-2,37.52889245,126.85403431
68,화곡2동,서울특별시 강서구 국회대로7길 143,서울특별시 강서구 화곡동 886-2,37.52907063,126.85291643
69,화곡2동,서울특별시 강서구 국회대로7길 157,서울특별시 강서구 화곡동 1143,37.52893360,126.85212782
70,화곡2동,서울특별시 강서구 강서로10길 138,서울특별시 강서구 화곡동 850-17,37.53083615,126.85547391
71,화곡2동,서울특별시 강서구 강서로10길 104,서울특별시 강서구 화곡동 875-1,37.53065221,126.85360809
72,화곡2동,서울특별시 강서구 곰달래로31가길 37,서울특별시 강서구 화곡동 869-39,37.53221670,126.85338826
73,화곡2동,서울특별시 강서구 곰달래로45길 26,서울특별시 강서구 화곡동 867-17,37.53355822,126.85618744
74,화곡2동,서울특별시 강서구 곰달래로47길 92,서울특별시 강서구 화곡동 463-4,37.53527365,126.85509684
75,화곡2동,서울특별시 강서구 등촌로13아길 88,서울특별시 강서구 화곡동 459-5,37.53559543,126.85453446
76,화곡2동,서울특별시 강서구 곰달래로47길 116,서울특별시 강서구 화곡동 462-1,37.53612211,126.85428418
77,화곡2동,서울특별시 강서구 곰달래로47길 129,서울특별시 강서구 화곡동 460-10,37.53641909,126.85363201
78,화곡2동,서울특별시 강서구 곰달래로35길 117,서울특별시 강서구 화곡동 160-1,37.53601664,126.85307081
79,화곡2동,서울특별시 강서구 곰달래로35길 108,서울특별시 강서구 화곡동 460-2,37.53604675,126.85359325
80,화곡2동,서울특별시 강서구 곰달래로35길 86,서울특별시 강서구 화곡동 457-2,37.53496424,126.85392200
81,화곡2동,서울특별시 강서구 곰달래로31마길 39,서울특별시 강서구 화곡동 161-9,37.53457882,126.85336372
82,화곡2동,서울특별시 강서구 곰달래로31마길 24,서울특별시 강서구 화곡동 455-1,37.53429375,126.85249977
83,화곡2동,서울특별시 강서구 곰달래로31마길 7,서울특별시 강서구 화곡동 163-26,37.53447564,126.85161645
84,화곡2동,서울특별시 강서구 곰달래로31라길 34,서울특별시 강서구 화곡동 454-2,37.53384380,126.85301420
85,화곡2동,서울특별시 강서구 곰달래로31마길 42-4,서울특별시 강서구 화곡동 455-24,37.53426264,126.85341593
86,화곡2동,서울특별시 강서구 곰달래로35길 42,서울특별시 강서구 화곡동 870-51,37.53303372,126.85396458
87,화곡2동,서울특별시 강서구 곰달래로35길 40-1,서울특별시 강서구 화곡동 870-50,37.53290166,126.85390962
88,화곡2동,서울특별시 강서구 곰달래로31다길 31,서울특별시 강서구 화곡동 454-5,37.53359893,126.85302882
89,화곡2동,서울특별시 강서구 곰달래로33길 43,서울특별시 강서구 화곡동 451-18,37.53287764,126.85162528
90,화곡2동,서울특별시 강서구 곰달래로31길 88,서울특별시 강서구 화곡동 163-8,37.53483656,126.85124271
91,화곡2동,서울특별시 강서구 강서로18아길 34,서울특별시 강서구 화곡동 167-1,37.53650237,126.85177593
92,화곡2동,서울특별시 강서구 곰달래로35길 135,서울특별시 강서구 화곡동 167-44,37.53636440,126.85211337
93,화곡2동,서울특별시 강서구 강서로18아길 26-14,서울특별시 강서구 화곡동 166-26,37.53588216,126.85216750
94,화곡2동,서울특별시 강서구 강서로18아길 26-23,서울특별시 강서구 화곡동 167-9,37.53591448,126.85271992
95,화곡2동,서울특별시 강서구 강서로18길 129-6,서울특별시 강서구 화곡동 160-22,37.53550110,126.85293967
96,화곡2동,서울특별시 강서구 강서로18길 121,서울특별시 강서구 화곡동 164-6,37.53528021,126.85217514
97,화곡2동,서울특별시 강서구 강서로18길 117,서울특별시 강서구 화곡동 164-52,37.53531693,126.85199891
98,화곡2동,서울특별시 강서구 곰달래로32길 19,서울특별시 강서구 화곡동 883-9,37.53020475,126.85337376
99,화곡2동,서울특별시 강서구 곰달래로31가길 73,서울특별시 강서구 화곡동 864-48,37.53248780,126.85542434
100,화곡2동,서울특별시 강서구 곰달래로47길 38,서울특별시 강서구 화곡동 832-21,37.53331917,126.85714155
101,화곡2동,서울특별시 강서구 곰달래로47길 79,서울특별시 강서구 화곡동 458-17,37.53469561,126.85542403
102,화곡2동,서울특별시 강서구 곰달래로35길 64,서울특별시 강서구 화곡동 456-18,37.53396363,126.85395665
103,화곡2동,서울특별시 강서구 곰달래로33길 26,서울특별시 강서구 화곡동 869-41,37.53210950,126.85188520
104,화곡2동,서울특별시 강서구 곰달래로31가길 27,서울특별시 강서구 화곡동 869-42,37.53207171,126.85235786
105,화곡2동,서울특별시 강서구 서울특별시 강서로12길 72,서울특별시 강서구 화곡동 159-15,37.53207149,126.85096445
106,화곡2동,서울특별시 강서구 곰달래로45길 39,서울특별시 강서구 화곡동 868-4,37.53391913,126.85542881
107,화곡2동,서울특별시 강서구 곰달래로33가길 22,서울특별시 강서구 화곡동 871-16,37.53137360,126.85306905
108,화곡3동,서울특별시 강서구 강서로33가길 13-5,서울특별시 강서구 화곡동 1050-15,37.54234323,126.83854929
109,화곡3동,서울특별시 강서구 강서로33가길 32,서울특별시 강서구 화곡동 1032-12,37.54315614,126.83824089
110,화곡3동,서울특별시 강서구 화곡로19길 38,서울특별시 강서구 화곡동 1036-31,37.54282044,126.83602821
111,화곡3동,서울특별시 강서구 강서로33길 78,서울특별시 강서구 화곡동 1045-60,37.54110340,126.83563639
112,화곡3동,서울특별시 강서구 강서로33길 94,서울특별시 강서구 화곡동 1044-30,37.54088201,126.83471673
113,화곡3동,서울특별시 강서구 강서로33길 101,서울특별시 강서구 화곡동 1068-3,37.54045425,126.83435695
114,화곡3동,서울특별시 강서구 화곡로15길 48,서울특별시 강서구 화곡동 1046-4,37.54206754,126.83477691
115,화곡3동,서울특별시 강서구 강서로35길 97,서울특별시 강서구 화곡동 1041-1,37.54230191,126.83351055
116,화곡3동,서울특별시 강서구 강서로35길 90,서울특별시 강서구 화곡동 1040-21,37.54253994,126.83382198
117,화곡3동,서울특별시 강서구 화곡로15길 56,서울특별시 강서구 화곡동 1046,37.54244406,126.83490508
118,화곡3동,서울특별시 강서구 화곡로13길 66-29,서울특별시 강서구 화곡동 1039-29,37.54311824,126.83378789
119,화곡3동,서울특별시 강서구 화곡로13길 66-5,서울특별시 강서구 화곡동 1039-39,37.54301962,126.83311393
120,화곡3동,서울특별시 강서구 화곡로13길 92,서울특별시 강서구 화곡동 1017-2,37.54405137,126.83306105
121,화곡3동,서울특별시 강서구 강서로45다길 62-23,서울특별시 강서구 화곡동 1015-7,37.54499411,126.83384641
122,화곡3동,서울특별시 강서구 강서로45다길 62-17,서울특별시 강서구 화곡동 1015-12,37.54512784,126.83405138
123,화곡3동,서울특별시 강서구 강서로45다길 59,서울특별시 강서구 화곡동 1014-9,37.54525658,126.83520078
124,화곡3동,서울특별시 강서구 강서로45가길 44,서울특별시 강서구 화곡동 1014-35,37.54594433,126.83546870
125,화곡3동,서울특별시 강서구 강서로45가길 58,서울특별시 강서구 화곡동 1014-23,37.54533606,126.83572781
126,화곡3동,서울특별시 강서구 화곡로13길 153,서울특별시 강서구 화곡동 1014-18,37.54487973,126.83548801
127,화곡3동,서울특별시 강서구 강서로45다길 71,서울특별시 강서구 화곡동 1019,37.54466973,126.83517910
128,화곡3동,서울특별시 강서구 강서로45다길 82,서울특별시 강서구 화곡동 1017-32,37.54426664,126.83473811
129,화곡3동,서울특별시 강서구 강서로43길 18,서울특별시 강서구 화곡동 1007-25,37.54713506,126.83506391
130,화곡3동,서울특별시 강서구 강서로43길 28,서울특별시 강서구 화곡동 1009-8,37.54723980,126.83464600
131,화곡3동,서울특별시 강서구 강서로45다길 12-27,서울특별시 강서구 화곡동 1009,37.54726259,126.83329243
132,화곡3동,서울특별시 강서구 강서로45다길 30-10,서울특별시 강서구 화곡동 1010-11,37.54666223,126.83436437
133,화곡3동,서울특별시 강서구 화곡로13나길 10-16,서울특별시 강서구 화곡동 1042-12,37.54144813,126.83371035
134,화곡8동,서울특별시 강서구 국회대로7길 204,서울특별시 강서구 화곡동 891-18,37.52896780,126.84945951
135,화곡8동,서울특별시 강서구 곰달래로26길 31,서울특별시 강서구 화곡동 891-21,37.52926884,126.84940233
136,화곡8동,서울특별시 강서구 강서로5라길 39,서울특별시 강서구 화곡동 892-55,37.52955781,126.85048037
137,화곡8동,서울특별시 강서구 강서로5라길 51,서울특별시 강서구 화곡동 879-8,37.52966509,126.85124427
138,화곡8동,서울특별시 강서구 곰달래로30길 14,서울특별시 강서구 화곡동 878-3,37.53021655,126.85142826
139,화곡8동,서울특별시 강서구 강서로10길 31,서울특별시 강서구 화곡동 896-10,37.53043897,126.84954819
140,화곡8동,서울특별시 강서구 곰달래로26길 16,서울특별시 강서구 화곡동 894-4,37.52994237,126.84907210
141,화곡8동,서울특별시 강서구 강서로8길 5,서울특별시 강서구 화곡동 894-14,37.52992091,126.84835860
142,화곡8동,서울특별시 강서구 강서로10길 19,서울특별시 강서구 화곡동 897-4,37.53038483,126.84891768
143,화곡8동,,서울특별시 강서구 화곡동 391-49,37.53100356,126.84941211
144,화곡8동,서울특별시 강서구 곰달래로25길 20,서울특별시 강서구 화곡동 391-37,37.53166955,126.84919013
145,화곡8동,서울특별시 강서구 강서로12길 32,서울특별시 강서구 화곡동 342-7,37.53182527,126.84871181
146,화곡8동,서울특별시 강서구 강서로12길 23-9,서울특별시 강서구 화곡동 341-36,37.53218762,126.84791820
147,화곡8동,서울특별시 강서구 강서로12길 29-12,서울특별시 강서구 화곡동 341-81,37.53246890,126.84846918
148,화곡8동,서울특별시 강서구 곰달래로25길 34,서울특별시 강서구 화곡동 392-60,37.53231952,126.84904004
149,화곡8동,서울특별시 강서구 곰달래로25길 52,서울특별시 강서구 화곡동 392-71,37.53297452,126.84866672
150,화곡8동,서울특별시 강서구 강서로16길 44-55,서울특별시 강서구 화곡동 392-47,37.53256227,126.84954879
151,화곡8동,서울특별시 강서구 강서로16길 52,서울특별시 강서구 화곡동 392-2,37.53339091,126.84904309
152,화곡8동,,서울특별시 강서구 화곡동 157-1,37.53421860,126.85101973
153,화곡8동,서울특별시 강서구 강서로20길 14,서울특별시 강서구 화곡동 338-29,37.53416444,126.84557624
154,화곡8동,서울특별시 강서구 강서로18바길 25,서울특별시 강서구 화곡동 399-6,37.53613924,126.84940402
155,화곡8동,서울특별시 강서구 강서로18길 71,서울특별시 강서구 화곡동 396-41,37.53493462,126.84941809
156,화곡8동,서울특별시 강서구 강서로18아길 15-12,서울특별시 강서구 화곡동 154-11,37.53621326,126.85079158
157,화곡8동,서울특별시 강서구 강서로18아길 14,서울특별시 강서구 화곡동 164-20,37.53567089,126.85124693
158,화곡8동,서울특별시 강서구 강서로18길 99,서울특별시 강서구 화곡동 155-33,37.53528921,126.85094888
159,화곡8동,서울특별시 강서구 강서로18길 91,서울특별시 강서구 화곡동 155-30,37.53522634,126.85053355
160,화곡8동,서울특별시 강서구 강서로18길 61-6,서울특별시 강서구 화곡동 397-17,37.53493627,126.84895081
161,화곡8동,서울특별시 강서구 강서로18나길 22,서울특별시 강서구 화곡동 339-8,37.53507358,126.84698808
162,화곡8동,서울특별시 강서구 강서로20길 39,서울특별시 강서구 화곡동 338-45,37.53468848,126.84649003
163,화곡8동,서울특별시 강서구 강서로18가길 37,서울특별시 강서구 화곡동 337-14,37.53544558,126.84606385
164,화곡8동,서울특별시 강서구 초록마을로37길 7,서울특별시 강서구 화곡동 407-14,37.53527990,126.84552653
165,화곡8동,서울특별시 강서구 초록마을로 172,서울특별시 강서구 화곡동 407-8,37.53587222,126.84566527
166,화곡8동,서울특별시 강서구 초록마을로 162,서울특별시 강서구 화곡동 680-16,37.53623508,126.84672468
167,화곡8동,서울특별시 강서구 초록마을로 147,서울특별시 강서구 화곡동 330-26,37.53657464,126.84823538
168,화곡8동,서울특별시 강서구 초록마을로 137-1,서울특별시 강서구 화곡동 152-21,37.53694485,126.84921435
169,화곡8동,서울특별시 강서구 초록마을로 128,서울특별시 강서구 화곡동 410-7,37.53751602,126.85008658
170,화곡8동,서울특별시 강서구 초록마을로 114,서울특별시 강서구 화곡동 410-144,37.53832538,126.85136228
171,화곡8동,서울특별시 강서구 초록마을로24길 7-4,서울특별시 강서구 화곡동 56-112,37.53866093,126.85108892
172,화곡8동,서울특별시 강서구 초록마을로24길 7-15,서울특별시 강서구 화곡동 410-130,37.53827696,126.85054330
173,화곡8동,서울특별시 강서구 초록마을로32길 7-6,서울특별시 강서구 화곡동 409-149,37.53701403,126.84758435
174,화곡8동,서울특별시 강서구 초록마을로22길 69,서울특별시 강서구 화곡동 410-247,37.53863848,126.84796258
175,화곡8동,서울특별시 강서구 초록마을로32길 33,서울특별시 강서구 화곡동 409-249,37.53804154,126.84724848
176,화곡8동,서울특별시 강서구 초록마을로32길 29-17,서울특별시 강서구 화곡동 410-75,37.53749730,126.84658938
177,화곡8동,서울특별시 강서구 곰달래로26길 2,서울특별시 강서구 화곡동 897-1,37.53053823,126.84903005
178,화곡8동,서울특별시 강서구 초록마을로28길 15-8,서울특별시 강서구 화곡동 410-54,37.53791867,126.84915650
179,염창동,서울특별시 강서구 공항대로81길 15,서울특별시 강서구 염창동 282-7,37.54787653,126.87639553
180,염창동,서울특별시 강서구 양천로77길 21,서울특별시 강서구 염창동 257-2,37.55028400,126.87682057
181,염창동,서울특별시 강서구 양천로75길 22-2,서울특별시 강서구 염창동 253,37.55061070,126.87536788
182,염창동,서울특별시 강서구 양천로73가길 48,서울특별시 강서구 염창동 250-5,37.55021740,126.87492765
183,염창동,서울특별시 강서구 양천로75길 40,서울특별시 강서구 염창동 113-1,37.55142905,126.87542039
184,염창동,서울특별시 강서구 양천로73길 63,서울특별시 강서구 염창동 97-33,37.55295824,126.87416879
185,염창동,서울특별시 강서구 양천로65길 32,서울특별시 강서구 염창동 242-40,37.55587014,126.86690447
186,염창동,서울특별시 강서구 양천로 603-31,서울특별시 강서구 염창동 241-6,37.55601082,126.86590387
187,염창동,서울특별시 강서구 공항대로61길 10-15,서울특별시 강서구 염창동 273-32,37.55144385,126.86630112
188,염창동,서울특별시 강서구 공항대로61길 48-26,서울특별시 강서구 염창동 271-9,37.55226818,126.86758615
189,염창동,서울특별시 강서구 공항대로65가길 57,서울특별시 강서구 염창동 267-16,37.55207592,126.86848188
190,염창동,서울특별시 강서구 공항대로65가길 45,서울특별시 강서구 염창동 267-6,37.55174177,126.86908067
191,염창동,서울특별시 강서구 공항대로65가길 21,서울특별시 강서구 염창동 266-1,37.55118777,126.87024488
192,염창동,서울특별시 강서구 공항대로65가길 11,서울특별시 강서구 염창동 266-5,37.55086113,126.87071418
193,염창동,서울특별시 강서구 공항대로65길 71,서울특별시 강서구 염창동 266-7,37.55064412,126.87091180
194,염창동,서울특별시 강서구 공항대로65가길 31,서울특별시 강서구 염창동 267-10,37.55127513,126.86963589
195,염창동,서울특별시 강서구 공항대로65길 1-11,서울특별시 강서구 염창동 272-6,37.55062319,126.86722772
196,염창동,서울특별시 강서구 공항대로65길 39,서울특별시 강서구 염창동 272-26,37.55030601,126.86930295
197,염창동,서울특별시 강서구 공항대로67길 29-12,서울특별시 강서구 염창동 276-12,37.54993101,126.86962793
198,염창동,서울특별시 강서구 공항대로59다길 179,서울특별시 강서구 염창동 264-19,37.54963395,126.87193621
199,등촌1동,서울특별시 강서구 화곡로64길 12,서울특별시 강서구 등촌동 656-21,37.55716624,126.85396061
200,등촌1동,서울특별시 강서구 화곡로64길 28,서울특별시 강서구 등촌동 656-36,37.55690803,126.85470457
201,등촌1동,서울특별시 강서구 공항대로45길 33,서울특별시 강서구 등촌동 656-37,37.55677584,126.85498233
202,등촌1동,서울특별시 강서구 화곡로64길 85,서울특별시 강서구 등촌동 642-9,37.55582256,126.85785042
203,등촌1동,서울특별시 강서구 공항대로49길 5-17,서울특별시 강서구 등촌동 654-17,37.55530342,126.85719160
204,등촌1동,서울특별시 강서구 공항대로51길 16,서울특별시 강서구 등촌동 653-1,37.55496584,126.85758824
205,등촌1동,서울특별시 강서구 공항대로51길 10-13,서울특별시 강서구 등촌동 653-2,37.55518674,126.85801210
206,등촌1동,서울특별시 강서구 양천로60길 41-18,서울특별시 강서구 등촌동 637-17,37.55648578,126.85905413
207,등촌1동,서울특별시 강서구 양천로62길 35-12,서울특별시 강서구 등촌동 636-10,37.55592411,126.86065366
208,등촌1동,서울특별시 강서구 공항대로59다길 10,서울특별시 강서구 등촌동 647-3,37.55337891,126.86408338
209,등촌1동,서울특별시 강서구 양천로66길 21,서울특별시 강서구 등촌동 633-17,37.55408781,126.86517578
210,등촌1동,서울특별시 강서구 공항대로59다길 33,서울특별시 강서구 등촌동 633-43,37.55311785,126.86530609
211,등촌1동,서울특별시 강서구 공항대로59가길 14,서울특별시 강서구 등촌동 648-5,37.55176617,126.86458775
212,등촌1동,서울특별시 강서구 공항대로57길 21,서울특별시 강서구 등촌동 646-52,37.55289757,126.86273324
213,등촌1동,서울특별시 강서구 공항대로59길 27,서울특별시 강서구 등촌동 646-35,37.55283834,126.86356242
214,등촌1동,서울특별시 강서구 공항대로59나길 11,서울특별시 강서구 등촌동 647-17,37.55277573,126.86442511
215,등촌1동,서울특별시 강서구 공항대로59가길 7-10,서울특별시 강서구 등촌동 647-58,37.55241680,126.86476108
216,등촌1동,서울특별시 강서구 공항대로59나길 36,서울특별시 강서구 등촌동 647-78,37.55209342,126.86546625
217,등촌1동,서울특별시 강서구 화곡로66길 118,서울특별시 강서구 등촌동 643-9,37.55546786,126.85937339
218,등촌1동,서울특별시 강서구 등촌로13길 24,서울특별시 강서구 등촌동 572-18,37.53562522,126.86194212
219,등촌1동,서울특별시 강서구 공항대로53가길 22,서울특별시 강서구 등촌동 722,37.55476730,126.85848100
220,등촌1동,서울특별시 강서구 화곡로64길 78,서울특별시 강서구 등촌동 654-7,37.55582906,126.85712055
221,등촌1동,서울특별시 강서구 화곡로64길 70,서울특별시 강서구 등촌동 654-1,37.55597510,126.85680791
222,등촌1동,서울특별시 강서구 화곡로66길 99,서울특별시 강서구 등촌동 637-18,37.55623519,126.85880845
223,등촌1동,서울특별시 강서구 화곡로66길 132,서울특별시 강서구 등촌동 643-21,37.55521782,126.86020387
224,등촌1동,서울특별시 강서구 화곡로66길 149,서울특별시 강서구 등촌동 636-45,37.55499062,126.86121662
225,등촌1동,서울특별시 강서구 공항대로55길 26,서울특별시 강서구 등촌동 645-5,37.55413049,126.86134463
226,등촌1동,서울특별시 강서구 화곡로68길 91,서울특별시 강서구 등촌동 630-7,37.55758946,126.85909393
227,등촌1동,서울특별시 강서구 공항대로55길 9-9,서울특별시 강서구 등촌동 651-7,37.55375073,126.86027847
228,등촌1동,서울특별시 강서구 공항대로53길 27,서울특별시 강서구 등촌동 643-32,37.55477618,126.86014516
229,등촌1동,서울특별시 강서구 공항대로53가길 8,서울특별시 강서구 등촌동 643-67,37.55436546,126.85942831
230,등촌1동,서울특별시 강서구 화곡로66길 161,서울특별시 강서구 등촌동 635-4,37.55481085,126.86174264
231,등촌1동,서울특별시 강서구 화곡로66길 174-5,서울특별시 강서구 등촌동 6456-42,37.55398816,126.86236377
232,등촌1동,서울특별시 강서구 화곡로66길 186-12,서울특별시 강서구 등촌동 645-28,37.55377657,126.86240954
233,등촌1동,서울특별시 강서구 화곡로66길 185,서울특별시 강서구 등촌동 635-12,37.55419020,126.86293887
234,등촌1동,서울특별시 강서구 화곡로66길 186-8,서울특별시 강서구 등촌동 645-39,37.55374486,126.86256872
235,등촌1동,서울특별시 강서구 등촌로 201-7,서울특별시 강서구 등촌동 511-9,37.54769069,126.86256252
236,등촌1동,서울특별시 강서구 공항대로55길 4,서울특별시 강서구 등촌동 650-4,37.55332737,126.86083074
237,등촌1동,서울특별시 강서구 화곡로68길 30,서울특별시 강서구 등촌동 639-30,37.55868443,126.85587206
238,등촌1동,서울특별시 강서구 양천로62길 14,서울특별시 강서구 등촌동 630-10,37.55718390,126.86066897
239,등촌1동,서울특별시 강서구 화곡로68길 127,서울특별시 강서구 등촌동 631-2,37.55674735,126.86081034
240,등촌1동,서울특별시 강서구 화곡로66길 145-15,서울특별시 강서구 등촌동 636-30,37.55545612,126.86156920
241,등촌1동,서울특별시 강서구 양천로62길 38,서울특별시 강서구 등촌동 637-26,37.55637694,126.85996075
242,등촌2동,서울특별시 강서구 등촌로39가길 27,서울특별시 강서구 등촌동 514-44,37.54523239,126.85926079
243,등촌2동,서울특별시 강서구 등촌로39가길 43,서울특별시 강서구 등촌동 515-39,37.54487782,126.85878834
244,등촌2동,서울특별시 강서구 등촌로39마길 44,서울특별시 강서구 등촌동 518-28,37.54646340,126.85766337
245,등촌2동,서울특별시 강서구 등촌로39길 63-41,서울특별시 강서구 등촌동 518-30,37.54667648,126.85751167
246,등촌2동,서울특별시 강서구 등촌로39길 64-8,서울특별시 강서구 등촌동 521-37,37.54733157,126.86020094
247,등촌2동,서울특별시 강서구 등촌로39길 64-18,서울특별시 강서구 등촌동 521-6,37.54751239,126.86065472
248,등촌2동,서울특별시 강서구 등촌로51가길 60,서울특별시 강서구 등촌동 524-22,37.54628404,126.86170984
249,등촌2동,서울특별시 강서구 등촌로39다길 6,서울특별시 강서구 등촌동 517-5,37.54627160,126.86002243
250,등촌2동,서울특별시 강서구 등촌로51가길 50,서울특별시 강서구 등촌동 523-28,37.54670002,126.86192826
251,등촌2동,서울특별시 강서구 등촌로51라길 17,서울특별시 강서구 등촌동 366-56,37.54872623,126.86158017
252,등촌2동,서울특별시 강서구 등촌로55길 11-13,서울특별시 강서구 등촌동 507-24,37.54982467,126.86316120
253,등촌2동,서울특별시 강서구 공항대로58길 20,서울특별시 강서구 등촌동 533-8,37.55096859,126.86246913
254,등촌2동,서울특별시 강서구 등촌로57길 21,서울특별시 강서구 등촌동 506-1,37.55106476,126.86281389
255,등촌2동,서울특별시 강서구 공항대로58길 40,서울특별시 강서구 등촌동 532-5,37.55004177,126.86219392
256,등촌2동,서울특별시 강서구 등촌로53길 39 뒤,서울특별시 강서구 등촌동 676 뒤,37.54963390,126.86035800
257,등촌2동,서울특별시 강서구 등촌로53길 39 앞,서울특별시 강서구 등촌동 676 앞,37.54963390,126.86035800
258,등촌2동,서울특별시 강서구 공항대로58가길 73,서울특별시 강서구 등촌동 530-26,37.55017594,126.85937722
259,등촌2동,서울특별시 강서구 등촌로53길 54,서울특별시 강서구 등촌동 530-19,37.54994600,126.86050964
260,등촌2동,서울특별시 강서구 등촌로51길 80,서울특별시 강서구 등촌동 529-39,37.54978589,126.85907003
261,등촌2동,서울특별시 강서구 등촌로51길 103,서울특별시 강서구 등촌동 365-174,37.54974567,126.85760643
262,등촌2동,서울특별시 강서구 등촌로51길 114,서울특별시 강서구 등촌동 365-146,37.55023894,126.85774061
263,등촌2동,서울특별시 강서구 공항대로58나길 40-45,서울특별시 강서구 등촌동 365-92,37.55076305,126.85766380
264,등촌2동,서울특별시 강서구 공항대로58나길 81,서울특별시 강서구 등촌동 365-95,37.55051113,126.85766563
265,등촌2동,서울특별시 강서구 공항대로58나길 64,서울특별시 강서구 등촌동 365-103,37.55082643,126.85866905
266,등촌2동,서울특별시 강서구 공항대로58다길 52,서울특별시 강서구 등촌동 365-223,37.55061544,126.85921830
267,등촌2동,서울특별시 강서구 공항대로58다길 35,서울특별시 강서구 등촌동 365-35,37.55059684,126.86009503
268,등촌2동,서울특별시 강서구 공항대로53나길 23,서울특별시 강서구 등촌동 643-48,37.55471621,126.85934141
269,등촌2동,서울특별시 강서구 공항대로58나길 10-11,서울특별시 강서구 등촌동 365-233,37.55140233,126.86131856
270,등촌2동,서울특별시 강서구 공항대로58가길 20,서울특별시 강서구 등촌동 533-66,37.55099904,126.86200747
271,등촌2동,서울특별시 강서구 등촌로55길 58,서울특별시 강서구 등촌동 530-17,37.54994883,126.86084517
272,등촌2동,서울특별시 강서구 등촌로55길 33-3,서울특별시 강서구 등촌동 532-17,37.55017800,126.86196021
273,등촌2동,서울특별시 강서구 등촌로47길 15,서울특별시 강서구 등촌동 523-1,37.54687174,126.86176884
274,등촌2동,서울특별시 강서구 등촌로35길 138,서울특별시 강서구 등촌동 568-12,37.53694032,126.86263882
275,등촌2동,서울특별시 강서구 등촌로39마길 4,서울특별시 강서구 등촌동 519-2,37.54677871,126.85973587
276,등촌2동,서울특별시 강서구 등촌로39마길 42,서울특별시 강서구 등촌동 518-8,37.54645126,126.85783246
277,등촌2동,서울특별시 강서구 등촌로39길 64-14,서울특별시 강서구 등촌동 521-10,37.54744754,126.86051294
278,등촌2동,서울특별시 강서구 등촌로35길 115,서울특별시 강서구 등촌동 565-20,37.53792206,126.86295236
279,등촌2동,서울특별시 강서구 등촌로 201-7,서울특별시 강서구 등촌동 511-9,37.54769069,126.86256252
280,등촌2동,서울특별시 강서구 등촌로51길 90,서울특별시 강서구 등촌동 366-152,37.54993481,126.85837378
281,화곡4동,서울특별시 강서구 강서로10길 196,서울특별시 강서구 화곡동 841-5,37.53118166,126.85881281
282,화곡4동,서울특별시 강서구 곰달래로58길 7-8,서울특별시 강서구 화곡동 780-15,37.53165704,126.86240753
283,화곡4동,서울특별시 강서구 강서로8길 203,서울특별시 강서구 화곡동 792-9,37.53110572,126.85942242
284,화곡4동,서울특별시 강서구 등촌로3나길 23,서울특별시 강서구 화곡동 787-48,37.53024132,126.86173008
285,화곡4동,서울특별시 강서구 곰달래로59길 11,서울특별시 강서구 화곡동 777-2,37.53293077,126.86286046
286,화곡4동,서울특별시 강서구 곰달래로58길 42,서울특별시 강서구 화곡동 787-49,37.53027145,126.86191896
287,화곡4동,서울특별시 강서구 등촌로3가길 24,서울특별시 강서구 화곡동 784-11,37.53032359,126.86251305
288,화곡4동,서울특별시 강서구 국회대로 249-1,서울특별시 강서구 화곡동 785-3,37.53003951,126.86266901
289,화곡4동,서울특별시 강서구 곰달래로60길 28,서울특별시 강서구 화곡동 783-2,37.53097701,126.86298894
290,화곡4동,서울특별시 강서구 곰달래로58길 7-12,서울특별시 강서구 화곡동 780-16,37.53170708,126.86258823
291,화곡4동,서울특별시 강서구 곰달래로 257,서울특별시 강서구 화곡동 797-20,37.53226667,126.86156987
292,화곡4동,서울특별시 강서구 곰달래로57길 26,서울특별시 강서구 화곡동 804-7,37.53342153,126.86199812
293,화곡4동,서울특별시 강서구 등촌로5길 18-17,서울특별시 강서구 화곡동 805-8,37.53404665,126.86215830
294,화곡4동,서울특별시 강서구 등촌로5길 18-39,서울특별시 강서구 화곡동 805-26,37.53500230,126.86212057
295,화곡4동,서울특별시 강서구 곰달래로57길 60,서울특별시 강서구 화곡동 805-19,37.53494940,126.86176600
296,화곡4동,서울특별시 강서구 곰달래로57길 47,서울특별시 강서구 화곡동 807-5,37.53437863,126.86158022
297,화곡4동,서울특별시 강서구 곰달래로57길 45-14,서울특별시 강서구 화곡동 807-8,37.53462988,126.86116260
298,화곡4동,서울특별시 강서구 곰달래로57가길 26,서울특별시 강서구 화곡동 809-3,37.53468531,126.86080146
299,화곡4동,서울특별시 강서구 곰달래로57가길 10,서울특별시 강서구 화곡동 806-9,37.53385422,126.86148355
300,화곡4동,서울특별시 강서구 등촌로5가길 35,서울특별시 강서구 화곡동 811-1,37.53423454,126.85988608
301,화곡4동,서울특별시 강서구 곰달래로53길 56,서울특별시 강서구 화곡동 827-18,37.53415351,126.85842603
302,화곡4동,서울특별시 강서구 곰달래로51길 31,서울특별시 강서구 화곡동 831-7,37.53316803,126.85807366
303,화곡4동,서울특별시 강서구 등촌로13다길 73,서울특별시 강서구 화곡동 831-34,37.53368270,126.85764660
304,화곡4동,서울특별시 강서구 곰달래로53길 66,서울특별시 강서구 화곡동 824-13,37.53458634,126.85819418
305,화곡4동,서울특별시 강서구 곰달래로49가길 30,서울특별시 강서구 화곡동 824-27,37.53489391,126.85838809
306,화곡4동,서울특별시 강서구 등촌로13라길 45,서울특별시 강서구 화곡동 824-1,37.53504472,126.85815032
307,화곡4동,서울특별시 강서구 등촌로13다길 40-39,서울특별시 강서구 화곡동 819-3,37.53555067,126.85795272
308,화곡4동,서울특별시 강서구 곰달래로49가길 53,서울특별시 강서구 화곡동 820-1,37.53566410,126.85727658
309,화곡4동,서울특별시 강서구 곰달래로49가길 46,서울특별시 강서구 화곡동 819-6,37.53541916,126.85776006
310,화곡4동,서울특별시 강서구 등촌로13다길 22-11,서울특별시 강서구 화곡동 826-1,37.53567978,126.85900346
311,화곡4동,서울특별시 강서구 등촌로13다길 23,서울특별시 강서구 화곡동 812-1,37.53524951,126.85957711
312,화곡4동,서울특별시 강서구 등촌로13길 56,서울특별시 강서구 화곡동 504-52,37.53603303,126.86057629
313,화곡4동,서울특별시 강서구 등촌로13길 36-18,서울특별시 강서구 화곡동 504-27,37.53622535,126.86091921
314,화곡4동,서울특별시 강서구 등촌로13나길 14,서울특별시 강서구 화곡동 504-151,37.53612751,126.86161681
315,화곡4동,서울특별시 강서구 등촌로13나길 25,서울특별시 강서구 화곡동 504-155,37.53644801,126.86093713
316,화곡4동,서울특별시 강서구 등촌로13마길 18,서울특별시 강서구 화곡동 504-92,37.53714917,126.86055724
317,화곡4동,서울특별시 강서구 등촌로13마길 25-2,서울특별시 강서구 화곡동 504-164,37.53767471,126.86093157
318,화곡4동,서울특별시 강서구 등촌로13마길 11-27,서울특별시 강서구 화곡동 504-77,37.53799518,126.85931727
319,화곡4동,서울특별시 강서구 등촌로13마길 5-28,서울특별시 강서구 화곡동 504-180,37.53793907,126.85918692
320,화곡4동,서울특별시 강서구 등촌로13길 104,서울특별시 강서구 화곡동 504-78,37.53773522,126.85884922
321,화곡4동,서울특별시 강서구 등촌로13길 166,서울특별시 강서구 화곡동 488-40,37.53971932,126.85765300
322,화곡4동,서울특별시 강서구 등촌로13길 162-16,서울특별시 강서구 화곡동 488-33,37.53912027,126.85774466
323,화곡4동,서울특별시 강서구 등촌로13길 144,서울특별시 강서구 화곡동 488-24,37.53909061,126.85758721
324,화곡4동,서울특별시 강서구 등촌로13바길 8,서울특별시 강서구 화곡동 480-12,37.53694465,126.85889495
325,화곡4동,서울특별시 강서구 등촌로13바길 8-11,서울특별시 강서구 화곡동 479-3,37.53713480,126.85839664
326,화곡4동,서울특별시 강서구 등촌로13바길 28-15,서울특별시 강서구 화곡동 472-17,37.53675055,126.85730223
327,화곡4동,서울특별시 강서구 등촌로13바길 28-6,서울특별시 강서구 화곡동 478-10,37.53645957,126.85793662
328,화곡4동,서울특별시 강서구 등촌로5길 18-45,서울특별시 강서구 화곡동 805-1,37.53499170,126.86199703
329,화곡4동,서울특별시 강서구 등촌로13아길 25,서울특별시 강서구 화곡동 478-1,37.53711728,126.85746639
330,화곡4동,서울특별시 강서구 등촌로13바길 38-16,서울특별시 강서구 화곡동 472-4,37.53669736,126.85712832
331,화곡4동,서울특별시 강서구 등촌로13아길 20,서울특별시 강서구 화곡동 477-1,37.53838143,126.85706220
332,화곡4동,서울특별시 강서구 등촌로13아길 30-13,서울특별시 강서구 화곡동 475-18,37.53749958,126.85650584
333,화곡4동,서울특별시 강서구 곰달래로53나길 15,서울특별시 강서구 화곡동 475-20,37.53729391,126.85630495
334,화곡4동,서울특별시 강서구 등촌로13자길 39-17,서울특별시 강서구 화곡동 475-19,37.53743179,126.85617683
335,화곡4동,서울특별시 강서구 등촌로13바길 18-3,서울특별시 강서구 화곡동 478-6,37.53657485,126.85826645
336,화곡4동,서울특별시 강서구 등촌로13자길 63-33,서울특별시 강서구 화곡동 468-6,37.53626242,126.85554796
337,화곡4동,서울특별시 강서구 등촌로13자길 63-25,서울특별시 강서구 화곡동 468-2,37.53653977,126.85534218
338,화곡4동,서울특별시 강서구 곰달래로53길 133,서울특별시 강서구 화곡동 468-13,37.53670539,126.85558048
339,화곡4동,서울특별시 강서구 곰달래로53길 142,서울특별시 강서구 화곡동 474-8,37.53719323,126.85553507
340,화곡4동,서울특별시 강서구 곰달래로53길 153,서울특별시 강서구 화곡동 467-17,37.53740305,126.85493262
341,화곡4동,서울특별시 강서구 등촌로13자길 49,서울특별시 강서구 화곡동 474-22,37.53766824,126.85531545
342,화곡4동,서울특별시 강서구 등촌로13자길 61,서울특별시 강서구 화곡동 467-19,37.53742837,126.85470865
343,화곡4동,서울특별시 강서구 등촌로13자길 63-8,서울특별시 강서구 화곡동 466-16,37.53705358,126.85451658
344,화곡4동,서울특별시 강서구 곰달래로49길 130,서울특별시 강서구 화곡동 466-9,37.53670080,126.85455155
345,화곡4동,서울특별시 강서구 등촌로13자길 82,서울특별시 강서구 화곡동 476-46,37.53704415,126.85358892
346,화곡4동,서울특별시 강서구 등촌로13다길 14,서울특별시 강서구 화곡동 814-12,37.53562508,126.85983234
347,화곡4동,서울특별시 강서구 곰달래로57가길 50-1,서울특별시 강서구 화곡동 813-21,37.53525752,126.85987523
348,화곡4동,서울특별시 강서구 곰달래로57길 44,서울특별시 강서구 화곡동 805-14,37.53415817,126.86190036
349,화곡4동,서울특별시 강서구 곰달래로49가길 6,서울특별시 강서구 화곡동 823-16,37.53404927,126.85737821
350,화곡4동,서울특별시 강서구 곰달래로49길 64,서울특별시 강서구 화곡동 822-20,37.53446934,126.85680468
351,우장산동,서울특별시 강서구 우장산2길 84,서울특별시 강서구 내발산동 702-23,37.55100053,126.83694832
352,우장산동,서울특별시 강서구 우장산로2길 65,서울특별시 강서구 내발산동 704-16,37.55183057,126.83717908
353,우장산동,서울특별시 강서구 우장산로2길 57-17,서울특별시 강서구 내발산동 703-19,37.55227368,126.83809500
354,우장산동,서울특별시 강서구 우장산로4길 60,서울특별시 강서구 내발산동 704-2,37.55191542,126.83834113
355,우장산동,서울특별시 강서구 우장산로2길 65-9,서울특별시 강서구 내발산동 704-11,37.55184837,126.83767403
356,우장산동,서울특별시 강서구 우장산로2길 51,서울특별시 강서구 내발산동 703-1,37.55240057,126.83719640
357,우장산동,서울특별시 강서구 우장산로2길 36,서울특별시 강서구 내발산동 677-14,37.55311335,126.83713441
358,우장산동,서울특별시 강서구 우장산로6길 75,서울특별시 강서구 내발산동 676-6,37.55305759,126.83759830
359,우장산동,서울특별시 강서구 우장산로6길 64-6,서울특별시 강서구 내발산동 675-10,37.55326589,126.83850944
360,우장산동,서울특별시 강서구 우장산로 12-9,서울특별시 강서구 내발산동 670-58,37.55417262,126.83868833
361,우장산동,서울특별시 강서구 우장산로 18-13,서울특별시 강서구 내발산동 670-31,37.55401894,126.83923754
362,우장산동,서울특별시 강서구 우장산로4길 19,서울특별시 강서구 내발산동 671-37,37.55364519,126.83948833
363,우장산동,서울특별시 강서구 우장산로4길 25,서울특별시 강서구 내발산동 671-38,37.55319664,126.83946157
364,우장산동,서울특별시 강서구 강서로48길 41,서울특별시 강서구 내발산동 676-26,37.55255400,126.83883339
365,우장산동,서울특별시 강서구 강서로48길 53,서울특별시 강서구 내발산동 674-13,37.55245003,126.83949542
366,우장산동,서울특별시 강서구 우장산로6길 41,서울특별시 강서구 내발산동 674-9,37.55281769,126.83960384
367,우장산동,서울특별시 강서구 우장산로8길 54,서울특별시 강서구 내발산동 674-20,37.55249932,126.84003219
368,우장산동,서울특별시 강서구 우장산로8길 35,서울특별시 강서구 내발산동 673-3,37.55292302,126.84093630
369,우장산동,서울특별시 강서구 우장산로8길 4,서울특별시 강서구 내발산동 672-7,37.55425464,126.84163808
370,우장산동,서울특별시 강서구 우장산로6길 9,서울특별시 강서구 내발산동 672-14,37.55392233,126.84061209
371,우장산동,서울특별시 강서구 우장산로6길 22,서울특별시 강서구 내발산동 671-22,37.55353598,126.84014926
372,우장산동,서울특별시 강서구 우장산로6길 33,서울특별시 강서구 내발산동 674-37,37.55294612,126.84016444
373,우장산동,서울특별시 강서구 우장산로 24-21,서울특별시 강서구 내발산동 671-47,37.55352661,126.83981814
374,우장산동,서울특별시 강서구 우장산로 19,서울특별시 강서구 내발산동 665-14,37.55468825,126.83933580
375,우장산동,서울특별시 강서구 강서로50길 22,서울특별시 강서구 내발산동 665-2,37.55507177,126.83852285
376,우장산동,서울특별시 강서구 강서로50길 48,서울특별시 강서구 내발산동 663-12,37.55496066,126.84003395
377,우장산동,서울특별시 강서구 강서로50길 72,서울특별시 강서구 내발산동 731,37.55480842,126.84058848
378,우장산동,서울특별시 강서구 공항대로38길 104,서울특별시 강서구 내발산동 659-3,37.55689978,126.84332355
379,우장산동,서울특별시 강서구 공항대로42길 54-35,서울특별시 강서구 내발산동 658-9,37.55687716,126.84243494
380,우장산동,서울특별시 강서구 공항대로 308-20,서울특별시 강서구 내발산동 651-9,37.55715060,126.84181971
381,우장산동,서울특별시 강서구 공항대로38길 65,서울특별시 강서구 내발산동 651-13,37.55724814,126.84125645
382,우장산동,서울특별시 강서구 공항대로38길 49,서울특별시 강서구 내발산동 651-20,37.55734484,126.84026946
383,우장산동,서울특별시 강서구 강서로52길 34,서울특별시 강서구 내발산동 652-4,37.55750823,126.83976446
384,우장산동,서울특별시 강서구 강서로52길 66,서울특별시 강서구 내발산동 651-21,37.55739657,126.84181817
385,우장산동,서울특별시 강서구 강서로52길 76,서울특별시 강서구 내발산동 650-1,37.55732758,126.84237797
386,우장산동,서울특별시 강서구 강서로 360,서울특별시 강서구 내발산동 653-1,37.55769458,126.83839361
387,우장산동,서울특별시 강서구 공항대로42길 54-26,서울특별시 강서구 내발산동 659-9,37.55681848,126.84309239
388,우장산동,서울특별시 강서구 우현로 4,서울특별시 강서구 화곡동 1162,37.54686025,126.84489565
389,우장산동,서울특별시 강서구 화곡로35길 12,서울특별시 강서구 화곡동 111-97,37.54556635,126.84375226
390,우장산동,서울특별시 강서구 화곡로43가길 39,서울특별시 강서구 화곡동 80-4,37.54827722,126.84384811
391,우장산동,서울특별시 강서구 화곡로43가길 49,서울특별시 강서구 화곡동 77-57,37.54864896,126.84350479
392,우장산동,서울특별시 강서구 화곡로43가길 61,서울특별시 강서구 화곡동 77-15,37.54894484,126.84309124
393,우장산동,서울특별시 강서구 화곡로43가길 53-12,서울특별시 강서구 화곡동 77-45,37.54870615,126.84266828
394,우장산동,서울특별시 강서구 화곡로41길 33,서울특별시 강서구 화곡동 84-27,37.54684600,126.84318537
395,우장산동,서울특별시 강서구 화곡로41길 30,서울특별시 강서구 화곡동 84-19,37.54685989,126.84360540
396,우장산동,서울특별시 강서구 화곡로41길 24,서울특별시 강서구 화곡동 84-17,37.54670991,126.84390094
397,우장산동,서울특별시 강서구 화곡로39길 6,서울특별시 강서구 화곡동 95-38,37.54594371,126.84451971
398,우장산동,서울특별시 강서구 화곡로39길 30,서울특별시 강서구 화곡동 95-105,37.54656051,126.84341286
399,우장산동,서울특별시 강서구 화곡로 217-11,서울특별시 강서구 화곡동 111-78,37.54523407,126.84348568
400,우장산동,서울특별시 강서구 화곡로35길 23,서울특별시 강서구 화곡동 111-111,37.54566359,126.84309291
401,우장산동,서울특별시 강서구 화곡로35길 23-17,서울특별시 강서구 화곡동 111-153,37.54507328,126.84250132
402,우장산동,서울특별시 강서구 화곡로33길 5-9,서울특별시 강서구 화곡동 111-52,37.54440983,126.84280246
403,우장산동,서울특별시 강서구 화곡로33길 23,서울특별시 강서구 화곡동 111-24,37.54518113,126.84290948
404,우장산동,서울특별시 강서구 화곡로27가길 42,서울특별시 강서구 화곡동 1060-13,37.54353781,126.84237419
405,우장산동,서울특별시 강서구 화곡로27가길 24,서울특별시 강서구 화곡동 1060-39,37.54289986,126.84173587
406,우장산동,서울특별시 강서구 강서로34길 41-17,서울특별시 강서구 화곡동 1056-10,37.54410275,126.84090650
407,우장산동,서울특별시 강서구 화곡로31다길 21,서울특별시 강서구 화곡동 1026-2,37.54513923,126.83790200
408,우장산동,서울특별시 강서구 화곡로27길 60,서울특별시 강서구 화곡동 1030-1,37.54418786,126.83908484
409,우장산동,서울특별시 강서구 화곡로27길 42,서울특별시 강서구 화곡동 1053,37.54349586,126.83959179
410,우장산동,서울특별시 강서구 화곡로27길 21,서울특별시 강서구 화곡동 1052-11,37.54261598,126.84015130
411,우장산동,서울특별시 강서구 강서로34길 21,서울특별시 강서구 화곡동 1054-8,37.54301781,126.84074168
412,우장산동,서울특별시 강서구 화곡로31길 29,서울특별시 강서구 화곡동 1057-7,37.54429646,126.84164047
413,우장산동,서울특별시 강서구 화곡로31가길 40,서울특별시 강서구 화곡동 1059,37.54561462,126.84130489
414,우장산동,서울특별시 강서구 화곡로31길 67,서울특별시 강서구 화곡동 1030-11,37.54434110,126.83960119
415,우장산동,서울특별시 강서구 화곡로31길 79,서울특별시 강서구 화곡동 1030,37.54429643,126.83901683
416,가양1동,서울특별시 강서구 강서로 515,서울특별시 강서구 가양동 1457-1,37.57170967,126.84166972
417,가양1동,서울특별시 강서구 양천로49길 34,서울특별시 강서구 가양동 187-7,37.57022055,126.84089873
418,가양1동,서울특별시 강서구 양천로49길 68-16,서울특별시 강서구 가양동 237-3,37.57190051,126.84013979
419,가양1동,서울특별시 강서구 양천로49길 68-20,서울특별시 강서구 가양동 237-4,37.57194585,126.84002219
420,가양1동,서울특별시 강서구 양천로49길 83,서울특별시 강서구 가양동 241-2,37.57208767,126.83942307
421,가양1동,서울특별시 강서구 양천로47나길 43,서울특별시 강서구 가양동 235-4,37.57238700,126.83956800
422,가양1동,서울특별시 강서구 양천로47길 104,서울특별시 강서구 마곡동 5-37,37.57493431,126.83708498
423,가양1동,서울특별시 강서구 양천로47나길 7,서울특별시 강서구 마곡동 14-6,37.57150896,126.83836670
424,가양1동,서울특별시 강서구 양천로47나길 17,서울특별시 강서구 마곡동 12-4,37.57166897,126.83869191
425,가양1동,서울특별시 강서구 양천로47가길 29,서울특별시 강서구 가양동 253,37.57104860,126.83938930
426,가양1동,서울특별시 강서구 양천로47가길 16,서울특별시 강서구 가양동 272-2,37.57055568,126.83887022
427,가양1동,서울특별시 강서구 양천로 311,서울특별시 강서구 가양동 272-31,37.57049602,126.83807594
428,가양1동,서울특별시 강서구 양천로47가길 32,서울특별시 강서구 가양동 251-2,37.57090481,126.83965992
429,가양1동,서울특별시 강서구 양천로47가길 44,서울특별시 강서구 가양동 249-3,37.57115371,126.84016300
430,가양1동,서울특별시 강서구 양천로49길 53,서울특별시 강서구 가양동 249-7,37.57104600,126.84039880
431,가양1동,서울특별시 강서구 양천로49길 29,서울특별시 강서구 가양동 275-5,37.56997832,126.84053204
432,가양1동,서울특별시 강서구 강서로76길 7,서울특별시 강서구 가양동 151-11,37.56952418,126.84204438
433,가양1동,서울특별시 강서구 강서로76길 21,서울특별시 강서구 가양동 146-63,37.56930382,126.84280415
434,가양1동,서울특별시 강서구 양천로51길 27,서울특별시 강서구 가양동 146-48,37.56902607,126.84316458
435,가양1동,서울특별시 강서구 양천로30길 111,서울특별시 강서구 마곡동 359-7,37.56837579,126.82282361
436,가양1동,서울특별시 강서구 양천로30길 125,서울특별시 강서구 마곡동 737-5,37.56755830,126.82311800
437,가양1동,서울특별시 강서구 마곡중앙5로 52-5,서울특별시 강서구 마곡동 737-2,37.56766792,126.82242889
438,가양1동,서울특별시 강서구 마곡동로10길 23,서울특별시 강서구 마곡동 776-1,37.56867515,126.83935591
439,가양1동,서울특별시 강서구 양천로30가길 15,서울특별시 강서구 마곡동 327-86,37.57051923,126.82364442
440,가양1동,서울특별시 강서구 양천로30길 11,서울특별시 강서구 마곡동 326-8,37.57268749,126.82287430
441,등촌3동,서울특별시 강서구 강서로56길 84,서울특별시 강서구 등촌동 670-4,37.55894206,126.84337903
442,등촌3동,서울특별시 강서구 강서로54길 17,서울특별시 강서구 등촌동 674-4,37.55920582,126.83958166
443,등촌3동,서울특별시 강서구 강서로54길 73,서울특별시 강서구 등촌동 670-1,37.55902084,126.84273035
444,등촌3동,서울특별시 강서구 강서로54길 49,서울특별시 강서구 등촌동 671-4,37.55906299,126.84143652
445,등촌3동,서울특별시 강서구 화곡로61길 41-1,서울특별시 강서구 등촌동 660-9,37.55736417,126.84999623
446,등촌3동,서울특별시 강서구 공항대로43길 39,서울특별시 강서구 등촌동 705-6,37.55925364,126.84955886
447,등촌3동,서울특별시 강서구 강서로56길 56,서울특별시 강서구 등촌동 671-5,37.55908506,126.84183542
448,공항동,서울특별시 강서구 남부순환로11가길 1,서울특별시 강서구 공항동 1335-10,37.55390433,126.81447362
449,공항동,서울특별시 강서구 방화대로5가길 25,서울특별시 강서구 공항동 1338-1,37.55436892,126.81495390
450,공항동,서울특별시 강서구 방화대로5가길 8,서울특별시 강서구 공항동 1340-6,37.55466336,126.81587495
451,공항동,서울특별시 강서구 방화대로7길 5,서울특별시 강서구 공항동 672,37.55623550,126.81587029
452,공항동,서울특별시 강서구 방화대로8길 2,서울특별시 강서구 공항동 1343-1,37.55632142,126.81677095
453,공항동,서울특별시 강서구 방화대로6마길 15,서울특별시 강서구 공항동 1360-7,37.55406443,126.81823503
454,공항동,서울특별시 강서구 방화대로6라길 1,서울특별시 강서구 공항동 1355-10,37.55510218,126.81827947
455,공항동,서울특별시 강서구 방화대로6바길 5-11,서울특별시 강서구 공항동 1356-3,37.55526553,126.81868763
456,공항동,서울특별시 강서구 방화대로7가길 33,서울특별시 강서구 공항동 659-5,37.55779396,126.81564078
457,공항동,서울특별시 강서구 방화대로7가길 53,서울특별시 강서구 공항동 658-1,37.55810641,126.81505579
458,공항동,서울특별시 강서구 방화대로7가길 63,서울특별시 강서구 공항동 657-2,37.55833507,126.81447508
459,공항동,서울특별시 강서구 송정로4길 60,서울특별시 강서구 공항동 657-1,37.55834908,126.81432916
460,공항동,서울특별시 강서구 공항대로8가길 36,서울특별시 강서구 공항동 651-6,37.55866585,126.81397175
461,공항동,서울특별시 강서구 공항대로8가길 28,서울특별시 강서구 공항동 651-1,37.55882452,126.81363216
462,공항동,서울특별시 강서구 공항대로8가길 24,서울특별시 강서구 공항동 651,37.55891978,126.81347777
463,공항동,서울특별시 강서구 공항대로8가길 8-3,서울특별시 강서구 공항동 40-12,37.55923091,126.81292027
464,공항동,서울특별시 강서구 공항대로8가길 8-11,서울특별시 강서구 공항동 40-9,37.55893924,126.81313808
465,공항동,서울특별시 강서구 공항대로8길 7,서울특별시 강서구 공항동 34-107,37.56068525,126.81231836
466,공항동,서울특별시 강서구 공항대로8길 18,서울특별시 강서구 공항동 41-105,37.56030924,126.81213391
467,공항동,서울특별시 강서구 방화대로7나길 4,서울특별시 강서구 공항동 661-7,37.55673253,126.81554969
468,공항동,서울특별시 강서구 방화대로7나길 32-12,서울특별시 강서구 공항동 665-12,37.55694049,126.81417398
469,공항동,서울특별시 강서구 방화대로7나길 32-13,서울특별시 강서구 공항동 666-5,37.55701771,126.81394993
470,공항동,서울특별시 강서구 공항대로8길 56,서울특별시 강서구 공항동 55-135,37.55854036,126.81216744
471,공항동,서울특별시 강서구 송정로4길 11-3,서울특별시 강서구 공항동 55-80,37.55868294,126.81156916
472,공항동,서울특별시 강서구 남부순환로11가길 32,서울특별시 강서구 공항동 681-7,37.55504590,126.81373607
473,공항동,서울특별시 강서구 남부순환로11길 40,서울특별시 강서구 공항동 675-7,37.55519760,126.81503605
474,공항동,서울특별시 강서구 남부순환로11길 51,서울특별시 강서구 공항동 678-1,37.55583851,126.81470683
475,공항동,서울특별시 강서구 방화대로5라길 33,서울특별시 강서구 공항동 680,37.55565046,126.81395695
476,공항동,서울특별시 강서구 남부순환로11가길 47,서울특별시 강서구 공항동 683-3,37.55568517,126.81339801
477,공항동,서울특별시 강서구 남부순환로3길 7,서울특별시 강서구 공항동 66-96,37.55892357,126.80858155
478,공항동,서울특별시 강서구 공항대로2길 49,서울특별시 강서구 공항동 66-34,37.55924909,126.80885721
479,공항동,서울특별시 강서구 공항대로2길 36-10,서울특별시 강서구 공항동 66-65,37.55982286,126.80831226
480,공항동,서울특별시 강서구 공항대로2길 31,서울특별시 강서구 공항동 66-138,37.55996434,126.80882279
481,공항동,서울특별시 강서구 공항대로2가길 25,서울특별시 강서구 공항동 60-13,37.55960910,126.80961856
482,공항동,서울특별시 강서구 공항대로2가길 33,서울특별시 강서구 공항동 60-117,37.55940036,126.80991200
483,공항동,서울특별시 강서구 방화대로6바길 5-23,서울특별시 강서구 공항동 1349-4,37.55582086,126.81865980
484,공항동,서울특별시 강서구 공항대로4가길 10,서울특별시 강서구 공항동 42-16,37.56040793,126.81125459
485,공항동,서울특별시 강서구 공항대로4길 23,서울특별시 강서구 공항동 53-62,37.56010405,126.81064713
486,공항동,서울특별시 강서구 방화대로21길 66,서울특별시 강서구 공항동 18-104,37.56386753,126.81315169
487,공항동,서울특별시 강서구 공항대로7가길 32,서울특별시 강서구 공항동 14-26,37.56248173,126.81447849
488,공항동,서울특별시 강서구 방화대로21길 39,서울특별시 강서구 공항동 14-8,37.56300666,126.81425546
489,공항동,서울특별시 강서구 공항대로13길 20-25,서울특별시 강서구 공항동 14-59,37.56224392,126.81451338
490,공항동,서울특별시 강서구 공항대로13길 11,서울특별시 강서구 공항동 14-67,37.56170291,126.81344978
491,공항동,서울특별시 강서구 공항대로5길 27,서울특별시 강서구 공항동 25-5,37.56183258,126.81277591
492,공항동,서울특별시 강서구 공항대로7길 20,서울특별시 강서구 공항동 24-1,37.56211551,126.81267186
493,공항동,서울특별시 강서구 공항대로7나길 9,서울특별시 강서구 공항동 22-138,37.56274810,126.81267685
494,공항동,서울특별시 강서구 공항대로7나길 30,서울특별시 강서구 공항동 18-10,37.56341629,126.81194886
495,공항동,서울특별시 강서구 방화동로3길 39,서울특별시 강서구 방화동 612-61,37.56413183,126.80800920
496,공항동,서울특별시 강서구 방화대로7다길 38,서울특별시 강서구 공항동 654-6,37.55770529,126.81362544
497,공항동,서울특별시 강서구 초원로 6-11,서울특별시 강서구 방화동 648-29,37.56707410,126.80628511
498,방화2동,서울특별시 강서구 초원로 38-15,서울특별시 강서구 방화동 602-5,37.56695712,126.80976014
499,방화2동,서울특별시 강서구 방화대로5길 7,서울특별시 강서구 공항동 1340-5,37.55477174,126.81586677
500,발산1동,서울특별시 강서구 수명로2길 124-21,서울특별시 강서구 내발산동 743-4,37.55252227,126.82952215
501,발산1동,서울특별시 강서구 강서로45길 179,서울특별시 강서구 내발산동 690,37.55297848,126.82998330
502,발산1동,서울특별시 강서구 강서로45길 147,서울특별시 강서구 내발산동 693-1,37.55165917,126.83075029
503,발산1동,서울특별시 강서구 강서로45라길 12,서울특별시 강서구 내발산동 722,37.54835860,126.83382910
504,발산1동,서울특별시 강서구 강서로45나길 19-21,서울특별시 강서구 내발산동 721,37.54881088,126.83433212
505,발산1동,서울특별시 강서구 강서로45라길 29,서울특별시 강서구 내발산동 715-7,37.54896585,126.83381485
506,발산1동,서울특별시 강서구 강서로45길 92-22,서울특별시 강서구 내발산동 715-10,37.54921191,126.83336334
507,발산1동,서울특별시 강서구 강서로47마길 60,서울특별시 강서구 내발산동 712-16,37.55047553,126.83201092
508,발산1동,서울특별시 강서구 강서로47마길 37,서울특별시 강서구 내발산동 688-26,37.55170669,126.83178634
509,발산1동,서울특별시 강서구 강서로47마길 18,서울특별시 강서구 내발산동 689-16,37.55234156,126.83104502
510,발산1동,서울특별시 강서구 강서로47라길 6,서울특별시 강서구 내발산동 688-7,37.55267343,126.83163434
511,발산1동,서울특별시 강서구 강서로47라길 31,서울특별시 강서구 내발산동 696,37.55168793,126.83259587
512,발산1동,서울특별시 강서구 강서로47라길 38,서울특별시 강서구 내발산동 695-5,37.55140367,126.83246807
513,발산1동,서울특별시 강서구 강서로47다길 32-11,서울특별시 강서구 내발산동 710-44,37.55137681,126.83335728
514,발산1동,서울특별시 강서구 강서로47다길 42-5,서울특별시 강서구 내발산동 710-37,37.55087170,126.83366757
515,발산1동,서울특별시 강서구 강서로45라길 65-13,서울특별시 강서구 내발산동 709-26,37.55075492,126.83430190
516,발산1동,서울특별시 강서구 강서로45라길 55-17,서울특별시 강서구 내발산동 716-6,37.55024700,126.83414924
517,발산1동,서울특별시 강서구 강서로45라길 55-20,서울특별시 강서구 내발산동 724-55,37.55047799,126.83343069
518,발산1동,서울특별시 강서구 강서로47라길 68,서울특별시 강서구 내발산동 711-18,37.55018954,126.83301884
519,발산1동,서울특별시 강서구 강서로47길 57,서울특별시 강서구 내발산동 698,37.55281130,126.83291895
520,발산1동,서울특별시 강서구 강서로47다길 10-15,서울특별시 강서구 내발산동 697-1,37.55229360,126.83337482
521,발산1동,서울특별시 강서구 강서로47다길 10-6,서울특별시 강서구 내발산동 698-11,37.55245152,126.83392718
522,발산1동,서울특별시 강서구 강서로47다길 21,서울특별시 강서구 내발산동 709,37.55178368,126.83430064
523,발산1동,서울특별시 강서구 강서로47길 25-9,서울특별시 강서구 내발산동 699-16,37.55231296,126.83471163
524,발산1동,서울특별시 강서구 강서로47가길 24,서울특별시 강서구 내발산동 708-1,37.55157846,126.83534801
525,발산1동,서울특별시 강서구 공항대로36길 115,서울특별시 강서구 내발산동 678-24,37.55349142,126.83590830
526,발산1동,서울특별시 강서구 공항대로36가길 15,서울특별시 강서구 내발산동 680-3,37.55303250,126.83483996
527,발산1동,서울특별시 강서구 공항대로36가길 32,서울특별시 강서구 내발산동 682-12,37.55335007,126.83391794
528,발산1동,서울특별시 강서구 공항대로36가길 55,서울특별시 강서구 내발산동 686-4,37.55333616,126.83249000
529,발산1동,서울특별시 강서구 공항대로36가길 42-5,서울특별시 강서구 내발산동 682-4,37.55363258,126.83305892
530,방화1동,서울특별시 강서구 방화대로42길 30-3,서울특별시 강서구 방화동 182-44,37.57174751,126.81867802
531,방화1동,서울특별시 강서구 남부순환로19길 48-4,서울특별시 강서구 외발산동 228-12,37.54654865,126.82393107
532,방화1동,서울특별시 강서구 남부순환로19길 16,서울특별시 강서구 외발산동 217-13,37.54638525,126.82232900
533,방화1동,서울특별시 강서구 남부순환로19길 87,서울특별시 강서구 외발산동 216-57,37.54700197,126.82394935
534,방화1동,서울특별시 강서구 남부순환로19길 91,서울특별시 강서구 외발산동 216-56,37.54693415,126.82378339
535,방화1동,서울특별시 강서구 남부순환로19길 128,서울특별시 강서구 외발산동 216-96,37.54703846,126.82172815
536,방화1동,서울특별시 강서구 양천로24길 124,서울특별시 강서구 방화동 247-226,37.56769797,126.81512490
537,방화1동,서울특별시 강서구 초원로 81,서울특별시 강서구 방화동 247-95,37.56768419,126.81455320
538,방화1동,서울특별시 강서구 초원로 73,서울특별시 강서구 방화동 249-322,37.56767848,126.81355803
539,방화1동,서울특별시 강서구 금낭화로 32,서울특별시 강서구 방화동 597-38,37.56815230,126.81195926
540,방화1동,서울특별시 강서구 금낭화로 36-10,서울특별시 강서구 방화동 597-29,37.56838605,126.81231568
541,방화1동,서울특별시 강서구 방화동로 92-12,서울특별시 강서구 방화동 249-248,37.56840364,126.81335259
542,방화1동,서울특별시 강서구 양천로28길 11,서울특별시 강서구 방화동 175-12,37.57269039,126.82061959
543,방화1동,서울특별시 강서구 양천로22길 12,서울특별시 강서구 방화동 574-51,37.57282084,126.81425769
544,방화1동,서울특별시 강서구 방화대로40길 46,서울특별시 강서구 방화동 184-79,37.57106070,126.81940041
545,방화1동,서울특별시 강서구 양천로20가길 13,서울특별시 강서구 방화동 574-18,37.57303550,126.81411498
546,방화1동,서울특별시 강서구 양천로24가길 43,서울특별시 강서구 방화동 266-11,37.57183455,126.81398971
547,방화1동,서울특별시 강서구 양천로24길 43,서울특별시 강서구 방화동 268-6,37.57135328,126.81556933
548,방화1동,서울특별시 강서구 양천로24길 56,서울특별시 강서구 방화동 260-9,37.57077488,126.81530339
549,방화1동,서울특별시 강서구 방화대로34길 59,서울특별시 강서구 방화동 186-31,37.57045517,126.81976670
550,방화1동,서울특별시 강서구 양천로30길 42,서울특별시 강서구 방화동 197-1,37.57133800,126.82246806
551,방화1동,서울특별시 강서구 방화대로33길 47,서울특별시 강서구 방화동 249-15,37.56811778,126.81383007
552,방화1동,서울특별시 강서구 방화동로14길 35,서울특별시 강서구 방화동 250-41,37.56926731,126.81477046
553,방화1동,서울특별시 강서구 방화대로41길 9,서울특별시 강서구 방화동 894,37.57136417,126.81619404
554,방화2동,서울특별시 강서구 개화동로7길 24,서울특별시 강서구 개화동 452-101,37.58023112,126.80065185
555,방화2동,서울특별시 강서구 개화동로13길 31,서울특별시 강서구 개화동 463-55,37.57848460,126.80229361
556,방화2동,서울특별시 강서구 개화동로9길 9,서울특별시 강서구 개화동 450-2,37.57911008,126.80048118
557,방화2동,서울특별시 강서구 개화동로13길 12-3,서울특별시 강서구 개화동 474-73,37.57780829,126.80163653
558,방화2동,서울특별시 강서구 양천로14가길 18,서울특별시 강서구 방화동 557-21,37.57233883,126.80913178
559,방화2동,서울특별시 강서구 금낭화로13길 37,서울특별시 강서구 방화동 555-10,37.57148788,126.80971647
560,방화2동,서울특별시 강서구 양천로14나길 7,서울특별시 강서구 방화동 553-22,37.57071903,126.80897257
561,방화2동,서울특별시 강서구 금낭화로11길 24,서울특별시 강서구 방화동 593-88,37.57055215,126.81030384
562,방화2동,서울특별시 강서구 금낭화로11길 31-24,서울특별시 강서구 방화동 593-66,37.57000534,126.81092237
563,방화2동,서울특별시 강서구 금낭화로11길 48,서울특별시 강서구 방화동 583-37,37.56950854,126.81002633
564,방화2동,서울특별시 강서구 금낭화로11길 64,서울특별시 강서구 방화동 592-2,37.56883021,126.81043929
565,방화2동,서울특별시 강서구 금낭화로7길 28,서울특별시 강서구 방화동 592-35,37.56875489,126.81032900
566,방화2동,서울특별시 강서구 양천로14길 99,서울특별시 강서구 방화동 584-1,37.56872041,126.80894700
567,방화2동,서울특별시 강서구 양천로14길 85-2,서울특별시 강서구 방화동 581-2,37.56919531,126.80888455
568,방화2동,서울특별시 강서구 금낭화로5길 28,서울특별시 강서구 방화동 604-7,37.56646149,126.81054512
569,방화2동,서울특별시 강서구 초원로12길 14,서울특별시 강서구 방화동 603-3,37.56711092,126.81093897
570,방화2동,서울특별시 강서구 개화길 52,서울특별시 강서구 개화동 230-11,37.58678683,126.80156278
571,방화2동,서울특별시 강서구 초원로2길 10,서울특별시 강서구 방화동 648-33,37.56731194,126.80644024
572,방화2동,서울특별시 강서구 초원로4길 9,서울특별시 강서구 방화동 648-48,37.56735313,126.80705069
573,방화2동,서울특별시 강서구 개화동로23길 12-15,서울특별시 강서구 방화동 645-27,37.56616274,126.80634067
574,방화2동,서울특별시 강서구 개화동로25길 19,서울특별시 강서구 방화동 645-43,37.56610958,126.80705345
575,방화2동,서울특별시 강서구 개화동로25길 41,서울특별시 강서구 방화동 615-59,37.56566153,126.80827783
576,방화2동,서울특별시 강서구 개화동로25길 61,서울특별시 강서구 방화동 615-20,37.56517998,126.80924365
577,방화2동,서울특별시 강서구 개화동로27길 35,서울특별시 강서구 방화동 614-203,37.56450860,126.80860416
578,방화2동,서울특별시 강서구 개화동로27길 13,서울특별시 강서구 방화동 616-20,37.56443212,126.80733791
579,방화2동,서울특별시 강서구 개화동로27나길 28,서울특별시 강서구 방화동 617-11,37.56523942,126.80751150
580,방화2동,서울특별시 강서구 양천로 91-47,서울특별시 강서구 방화동 289-1,37.57416665,126.81385498
581,방화2동,서울특별시 강서구 방화대로45길 64,서울특별시 강서구 방화동 448-49,37.57447400,126.81307119
582,방화2동,서울특별시 강서구 금낭화로15길 23,서울특별시 강서구 방화동 482-3,37.57464800,126.81070766
583,방화2동,서울특별시 강서구 양천로11길 31,서울특별시 강서구 방화동 486-44,37.57456914,126.80963255
584,방화2동,서울특별시 강서구 양천로1길 96,서울특별시 강서구 방화동 486-10,37.57408379,126.80902692
585,방화2동,서울특별시 강서구 양천로7길 22,서울특별시 강서구 방화동 486-16,37.57385503,126.80802601
586,방화2동,서울특별시 강서구 양천로7길 15-4,서울특별시 강서구 방화동 493-12,37.57378836,126.80758685
587,방화2동,서울특별시 강서구 양천로3길 14,서울특별시 강서구 방화동 495-45,37.57325532,126.80675348
588,방화2동,서울특별시 강서구 양천로3길 29,서울특별시 강서구 방화동 497-13,37.57401697,126.80677642
589,방화2동,서울특별시 강서구 양천로1길 54,서울특별시 강서구 방화동 497-19,37.57414612,126.80668915
590,방화2동,서울특별시 강서구 양천로1길 37,서울특별시 강서구 방화동 501-6,37.57406321,126.80574334
591,방화3동,서울특별시 강서구 금낭화로17길 22,서울특별시 강서구 방화동 811-4,37.57533710,126.81043944
592,방화3동,서울특별시 강서구 금낭화로 115,서울특별시 강서구 방화동 811-13,37.57566213,126.81170480
593,방화3동,서울특별시 강서구 금낭화로19길 27,서울특별시 강서구 방화동 812,37.57584849,126.81054534
594,방화3동,서울특별시 강서구 금낭화로19길 35,서울특별시 강서구 방화동 811,37.57568933,126.81023693
595,방화3동,서울특별시 강서구 금낭화로 274-18,서울특별시 강서구 방화동 809-5,37.57592270,126.80962888
596,방화3동,서울특별시 강서구 금낭화로 284,서울특별시 강서구 방화동 813-5,37.57604980,126.81100954
597,방화3동,서울특별시 강서구 금낭화로24길 29-4,서울특별시 강서구 방화동 826-1,37.57843607,126.81498390
598,방화3동,서울특별시 강서구 방화대로49길 44-2,서울특별시 강서구 방화동 328-1,37.57769492,126.81493388
599,방화3동,서울특별시 강서구 방화대로49길 6-3,서울특별시 강서구 방화동 323-11,37.57717100,126.81608841
600,방화3동,서울특별시 강서구 방화대로49길 6-15,서울특별시 강서구 방화동 319-6,37.57778313,126.81626249
601,방화3동,서울특별시 강서구 금낭화로24길 45,서울특별시 강서구 방화동 329-14,37.57840658,126.81572062
602,방화3동,서울특별시 강서구 금낭화로24가길 19,서울특별시 강서구 방화동 357-2,37.57889684,126.81516174
603,방화3동,서울특별시 강서구 방화대로50길 13,서울특별시 강서구 방화동 312-5,37.57678763,126.81777544
604,방화3동,서울특별시 강서구 방화대로52길 22,서울특별시 강서구 방화동 133-6,37.57748230,126.81807069
605,방화3동,서울특별시 강서구 방화대로52가길 32,서울특별시 강서구 방화동 128-5,37.57894265,126.81867303
606,방화3동,서울특별시 강서구 방화대로52길 40,서울특별시 강서구 방화동 141,37.57789850,126.81903374
607,방화3동,서울특별시 강서구 양천로27길 95,서울특별시 강서구 방화동 140-2,37.57751364,126.81911788
