연번,법정동,도로명주소,지번주소,위도,경도
1,강일동,서울특별시 강동구 아리수로93길 33-9,서울특별시 강동구 강일동 676,37.5657119,127.1731688
2,강일동,서울특별시 강동구 아리수로 421,서울특별시 강동구 강일동 679-2,37.5646204,127.1740491
3,강일동,서울특별시 강동구 아리수로91길 24-5,서울특별시 강동구 강일동 677-2,37.5651352,127.1731901
4,강일동,서울특별시 강동구 아리수로93가길 36-31,서울특별시 강동구 강일동 667-24,37.5691344,127.1739916
5,강일동,서울특별시 강동구 아리수로93가길 20-1,서울특별시 강동구 강일동 667-33,37.5683344,127.1726994
6,강일동,서울특별시 강동구 아리수로93길 27,서울특별시 강동구 강일동 675-2,37.5656119,127.1737911
7,강일동,서울특별시 강동구 아리수로93가길 20-22,서울특별시 강동구 강일동 667-57,37.5685581,127.1737865
8,상일동,서울특별시 강동구 상암로79가길 6,서울특별시 강동구 상일동 333,37.5468173,127.1674108
9,상일동,서울특별시 강동구 상암로81길 45,서울특별시 강동구 상일동 319-3,37.5463285,127.1689940
10,상일동,서울특별시 강동구 상암로81길 28,서울특별시 강동구 상일동 345,37.5464111,127.1679757
11,상일동,서울특별시 강동구 상암로81길 22,서울특별시 강동구 상일동 337,37.5464655,127.1677269
12,상일동,서울특별시 강동구 상암로81길 10-9,서울특별시 강동구 상일동 452,37.5460772,127.1683145
13,상일동,서울특별시 강동구 천호대로219길 30,서울특별시 강동구 상일동 307,37.5471736,127.1702746
14,상일동,서울특별시 강동구 천호대로219길 40,서울특별시 강동구 상일동 292-3,37.5476147,127.1705585
15,상일동,서울특별시 강동구 천호대로219길 72,서울특별시 강동구 상일동 280-4,37.5489474,127.1710934
16,상일동,서울특별시 강동구 천호대로219길 90,서울특별시 강동구 상일동 199,37.5498036,127.1709255
17,명일동,서울특별시 강동구 고덕로 166,서울특별시 강동구 명일동 305-10,37.5544706,127.1437185
18,명일동,서울특별시 강동구 양재대로151길 20,서울특별시 강동구 명일동 305-24,37.5540841,127.1430048
19,명일동,서울특별시 강동구 고덕로38길 34-4,서울특별시 강동구 명일동 312-222,37.5531207,127.1424258
20,명일동,서울특별시 강동구 고덕로38길 39-10,서울특별시 강동구 명일동 312-31,37.5525702,127.1431830
21,명일동,서울특별시 강동구 고덕로38길 40-5,서울특별시 강동구 명일동 312-129,37.5526163,127.1423003
22,명일동,서울특별시 강동구 양재대로147길 46,서울특별시 강동구 명일동 312-168,37.5525272,127.1414740
23,명일동,서울특별시 강동구 고덕로38길 71,서울특별시 강동구 명일동 312-151,37.5512914,127.1426487
24,명일동,서울특별시 강동구 구천면로 431-6,서울특별시 강동구 명일동 289-13,37.5504576,127.1467097
25,명일동,서울특별시 강동구 상암로47길 65,서울특별시 강동구 명일동 334-6,37.5494155,127.1441841
26,명일동,서울특별시 강동구 상암로47길 13,서울특별시 강동구 명일동 345-14,37.5470733,127.1438628
27,명일동,서울특별시 강동구 양재대로134길 25,서울특별시 강동구 명일동 337-30,37.5477568,127.1449392
28,명일동,서울특별시 강동구 양재대로134길 34,서울특별시 강동구 명일동 342-11,37.5475850,127.1454594
29,명일동,서울특별시 강동구 양재대로134길 55,서울특별시 강동구 명일동 339-27,37.5478448,127.1466707
30,명일동,서울특별시 강동구 양재대로136길 58,서울특별시 강동구 명일동 339-11,37.5482229,127.1468864
31,명일동,서울특별시 강동구 양재대로136길 44,서울특별시 강동구 명일동 338-13,37.5483050,127.1461058
32,명일동,서울특별시 강동구 양재대로136길 36,서울특별시 강동구 명일동 338-1,37.5483415,127.1456871
33,명일동,서울특별시 강동구 양재대로136길 24,서울특별시 강동구 명일동 337-1,37.5483693,127.1450309
34,명일동,서울특별시 강동구 상암로49길 34,서울특별시 강동구 명일동 337-26,37.5480270,127.1449849
35,명일동,서울특별시 강동구 상암로49길 12,서울특별시 강동구 명일동 343-1,37.5469639,127.1449716
36,명일동,서울특별시 강동구 상암로49길 12-7,서울특별시 강동구 명일동 342-20,37.5471527,127.1453001
37,명일동,서울특별시 강동구 양재대로130길 47,서울특별시 강동구 명일동 268,37.5460347,127.1458864
38,명일동,서울특별시 강동구 양재대로130길 36,서울특별시 강동구 명일동 348-1,37.5457653,127.1451956
39,명일동,서울특별시 강동구 천중로49길 101,서울특별시 강동구 명일동 355-5,37.5454511,127.1442445
40,명일동,서울특별시 강동구 천중로51길 108-5,서울특별시 강동구 명일동 348-4,37.5455668,127.1453763
41,명일동,서울특별시 강동구 천중로51길 108,서울특별시 강동구 명일동 348-3,37.5455672,127.1450934
42,명일동,서울특별시 강동구 상암로 210-29,서울특별시 강동구 명일동 268-19,37.5451246,127.1460204
43,명일동,서울특별시 강동구 천중로51길 96,서울특별시 강동구 명일동 349-4,37.5450534,127.1452734
44,명일동,서울특별시 강동구 동남로65길 46-7,서울특별시 강동구 명일동 239-2,37.5480886,127.1533364
45,명일동,서울특별시 강동구 동남로65길 54,서울특별시 강동구 명일동 245-6,37.5478369,127.1529059
46,명일동,서울특별시 강동구 동남로65길 46-8,서울특별시 강동구 명일동 236,37.5481513,127.1536534
47,명일동,서울특별시 강동구 동남로67길 4,서울특별시 강동구 명일동 83,37.5488604,127.1557030
48,명일동,서울특별시 강동구 상암로63길 6-27,서울특별시 강동구 명일동 164,37.5467613,127.1555290
49,명일동,서울특별시 강동구 상암로67길 35,서울특별시 강동구 명일동 149,37.5478965,127.1556105
50,명일동,서울특별시 강동구 동남로65길 6,서울특별시 강동구 명일동 148,37.5477523,127.1555989
51,명일동,서울특별시 강동구 암사길 109,서울특별시 강동구 명일동 322-13,37.5510861,127.1410526
52,고덕동,서울특별시 강동구 아리수로 212-1,서울특별시 강동구 고덕동 664,37.5617497,127.1517569
53,고덕동,서울특별시 강동구 아리수로62길 27,서울특별시 강동구 고덕동 633,37.5607487,127.1524680
54,고덕동,서울특별시 강동구 동남로83길 56-24,서울특별시 강동구 고덕동 638,37.5602350,127.1525914
55,고덕동,서울특별시 강동구 동남로81길 88,서울특별시 강동구 고덕동 645-3,37.5589380,127.1522606
56,고덕동,서울특별시 강동구 고덕로61길 118-9,서울특별시 강동구 고덕동 652-2,37.5601367,127.1519008
57,고덕동,서울특별시 강동구 아리수로 220-1,서울특별시 강동구 고덕동 610,37.5619016,127.1527193
58,고덕동,서울특별시 강동구 동남로81길 8,서울특별시 강동구 고덕동 501-5,37.5606716,127.1563273
59,고덕동,서울특별시 강동구 아리수로 228,서울특별시 강동구 고덕동 542,37.5620446,127.1536816
60,고덕동,서울특별시 강동구 동남로85길 48-8,서울특별시 강동구 고덕동 535-5,37.5610799,127.1541437
61,고덕동,서울특별시 강동구 동남로87길 50,서울특별시 강동구 고덕동 541-2,37.5619090,127.1540096
62,고덕동,서울특별시 강동구 동남로87길 42,서울특별시 강동구 고덕동 541-4,37.5619626,127.1543153
63,고덕동,서울특별시 강동구 동남로85길 41,서울특별시 강동구 고덕동 507-4,37.5607729,127.1546863
64,고덕동,서울특별시 강동구 동남로87길 12,서울특별시 강동구 고덕동 550,37.5624200,127.1559800
65,고덕동,서울특별시 강동구 아리수로68길 10,서울특별시 강동구 고덕동 518,37.5623473,127.1564213
66,고덕동,서울특별시 강동구 아리수로68길 44,서울특별시 강동구 고덕동 502-7,37.5608607,127.1564069
67,고덕동,서울특별시 강동구 아리수로 242,서울특별시 강동구 고덕동 567,37.5622410,127.1550176
68,고덕동,서울특별시 강동구 아리수로 248,서울특별시 강동구 고덕동 559,37.5624653,127.1557424
69,고덕동,서울특별시 강동구 동남로85길 88-21,서울특별시 강동구 고덕동 656,37.5613445,127.1515298
70,고덕동,서울특별시 강동구 아리수로 296-1,서울특별시 강동구 고덕동 281-1,37.5626745,127.1610964
71,고덕동,서울특별시 강동구 아리수로 304-1,서울특별시 강동구 고덕동 281-8,37.5626102,127.1620018
72,고덕동,서울특별시 강동구 아리수로 314,서울특별시 강동구 고덕동 233-3,37.5625367,127.1630089
73,고덕동,서울특별시 강동구 아리수로 322,서울특별시 강동구 고덕동 233-10,37.5624724,127.1639029
74,고덕동,서울특별시 강동구 아리수로 350,서울특별시 강동구 고덕동 142-7,37.5622338,127.1670715
75,고덕동,서울특별시 강동구 아리수로 368,서울특별시 강동구 고덕동 165-1,37.5620597,127.1690971
76,고덕동,서울특별시 강동구 상일로 147,서울특별시 강동구 고덕동 182-3,37.5601656,127.1705303
77,고덕동,서울특별시 강동구 상일로21길 25,서울특별시 강동구 고덕동 186-3,37.5595366,127.1693518
78,고덕동,서울특별시 강동구 상일로21길 14-4,서울특별시 강동구 고덕동 179-6,37.5598331,127.1699410
79,고덕동,서울특별시 강동구 상일로17길 25,서울특별시 강동구 고덕동 196-2,37.5587615,127.1694972
80,고덕동,서울특별시 강동구 상일로15길 6-10,서울특별시 강동구 고덕동 200-2,37.5586247,127.1706513
81,고덕동,서울특별시 강동구 고덕로83길 58,서울특별시 강동구 고덕동 187,37.5596004,127.1688200
82,고덕동,서울특별시 강동구 상일로21길 14-24,서울특별시 강동구 고덕동 176-4,37.5607524,127.1697280
83,고덕동,서울특별시 강동구 고덕로83길 132,서울특별시 강동구 고덕동 159-5,37.5613681,127.1675450
84,고덕동,서울특별시 강동구 아리수로82길 14-9,서울특별시 강동구 고덕동 156-4,37.5615673,127.1668890
85,고덕동,서울특별시 강동구 아리수로82길 18,서울특별시 강동구 고덕동 156-7,37.5615307,127.1672963
86,고덕동,서울특별시 강동구 아리수로82길 5,서울특별시 강동구 고덕동 163,37.5620348,127.1675804
87,고덕동,서울특별시 강동구 동남로82길 147,서울특별시 강동구 고덕동 225-10,37.5602634,127.1650526
88,고덕동,서울특별시 강동구 아리수로78길 43-16,서울특별시 강동구 고덕동 228,37.5607417,127.1645104
89,고덕동,서울특별시 강동구 아리수로78길 32,서울특별시 강동구 고덕동 249,37.5612476,127.1635041
90,고덕동,서울특별시 강동구 아리수로78길 12,서울특별시 강동구 고덕동 247,37.5621299,127.1640267
91,고덕동,서울특별시 강동구 고덕로83길 38,서울특별시 강동구 고덕동 191,37.5587986,127.1687729
92,고덕동,서울특별시 강동구 아리수로72길 64,서울특별시 강동구 고덕동 238,37.5621854,127.1629855
93,고덕동,서울특별시 강동구 아리수로76길 36,서울특별시 강동구 고덕동 260-4,37.5610781,127.1622814
94,고덕동,서울특별시 강동구 아리수로74길 35-17,서울특별시 강동구 고덕동 263-3,37.5611780,127.1617157
95,고덕동,서울특별시 강동구 아리수로74길 35-23,서울특별시 강동구 고덕동 261-4,37.5610152,127.1621228
96,고덕동,서울특별시 강동구 아리수로72길 46-18,서울특별시 강동구 고덕동 262,37.5615291,127.1618749
97,고덕동,서울특별시 강동구 아리수로74길 17,서울특별시 강동구 고덕동 271-4,37.5619449,127.1609477
98,고덕동,서울특별시 강동구 아리수로74길 27,서울특별시 강동구 고덕동 270,37.5615755,127.1609469
99,고덕동,서울특별시 강동구 동남로82길 29,서울특별시 강동구 고덕동 294-5,37.5606777,127.1585456
100,고덕동,서울특별시 강동구 동남로82길 29-13,서울특별시 강동구 고덕동 293-3,37.5608132,127.1582629
101,천호동,서울특별시 강동구 천중로43길 12,서울특별시 강동구 천호동 51-6,37.5415089,127.1407179
102,천호동,서울특별시 강동구 양재대로121길 16,서울특별시 강동구 천호동 50-32,37.5428782,127.1409015
103,천호동,서울특별시 강동구 천중로43길 45,서울특별시 강동구 천호동 50-10,37.5429048,127.1412976
104,천호동,서울특별시 강동구 양재대로121길 25-5,서울특별시 강동구 천호동 52-11,37.5422934,127.1402328
105,천호동,서울특별시 강동구 양재대로123길 31,서울특별시 강동구 천호동 49-14,37.5434377,127.1401558
106,천호동,서울특별시 강동구 양재대로123길 31,서울특별시 강동구 천호동 49-8,37.5434377,127.1401558
107,천호동,서울특별시 강동구 천중로39길 33,서울특별시 강동구 천호동 53-9,37.5426549,127.1392717
108,천호동,서울특별시 강동구 양재대로121길 49-7,서울특별시 강동구 천호동 53-32,37.5425473,127.1388189
109,천호동,서울특별시 강동구 양재대로121길 50,서울특별시 강동구 천호동 49-4,37.5431237,127.1390689
110,천호동,서울특별시 강동구 천중로35길 60,서울특별시 강동구 천호동 48-2,37.5437641,127.1384704
111,천호동,서울특별시 강동구 양재대로125길 45,서울특별시 강동구 천호동 47-34,37.5445914,127.1397845
112,천호동,서울특별시 강동구 상암로35길 28,서울특별시 강동구 천호동 21-27,37.5469897,127.1384084
113,천호동,서울특별시 강동구 상암로 168,서울특별시 강동구 천호동 41,37.5457160,127.1412010
114,천호동,서울특별시 강동구 양재대로127길 52,서울특별시 강동구 천호동 39-20,37.5455195,127.1397862
115,천호동,서울특별시 강동구 상암로 150,서울특별시 강동구 천호동 39-2,37.5455113,127.1390280
116,천호동,서울특별시 강동구 천중로35길 73-4,서울특별시 강동구 천호동 72-5,37.5446650,127.1385286
117,천호동,서울특별시 강동구 천중로35길 99-16,서울특별시 강동구 천호동 74-23,37.5454761,127.1383038
118,천호동,서울특별시 강동구 천중로35길 73-7,서울특별시 강동구 천호동 77-1,37.5445844,127.1380871
119,천호동,서울특별시 강동구 천중로35나길 2,서울특별시 강동구 천호동 81-2,37.5443949,127.1383018
120,천호동,서울특별시 강동구 천중로29길 49,서울특별시 강동구 천호동 83-13,37.5434493,127.1379945
121,천호동,서울특별시 강동구 천중로39길 72-16,서울특별시 강동구 천호동 46-17,37.5438514,127.1408468
122,천호동,서울특별시 강동구 천중로35길 19,서울특별시 강동구 천호동 110-31,37.5421166,127.1372679
123,천호동,서울특별시 강동구 천중로 137,서울특별시 강동구 천호동 111-5,37.5421087,127.1363401
124,천호동,서울특별시 강동구 천중로27길 2,서울특별시 강동구 천호동 98-27,37.5433265,127.1350636
125,천호동,서울특별시 강동구 천중로27길 10-6,서울특별시 강동구 천호동 218-31,37.5436502,127.1356186
126,천호동,서울특별시 강동구 구천면로42길 60,서울특별시 강동구 천호동 221-3,37.5449739,127.1362434
127,천호동,서울특별시 강동구 상암로 130,서울특별시 강동구 천호동 225-1,37.5460094,127.1368337
128,천호동,서울특별시 강동구 상암로 129,서울특별시 강동구 천호동 225-6,37.5462433,127.1371396
129,천호동,서울특별시 강동구 상암로27나길 22,서울특별시 강동구 천호동 231-17,37.5480363,127.1371202
130,천호동,서울특별시 강동구 상암로27나길 2-16,서울특별시 강동구 천호동 231-21,37.5481892,127.1374034
131,천호동,서울특별시 강동구 상암로41나길 14-1,서울특별시 강동구 천호동 37-10,37.5476374,127.1392809
132,천호동,서울특별시 강동구 상암로41가길 34,서울특별시 강동구 천호동 37-39,37.5469796,127.1393249
133,천호동,서울특별시 강동구 상암로39길 24,서울특별시 강동구 천호동 35-1,37.5469784,127.1403660
134,천호동,서울특별시 강동구 상암로39길 30-6,서울특별시 강동구 천호동 28-21,37.5473115,127.1406156
135,천호동,서울특별시 강동구 구천면로68길 7,서울특별시 강동구 천호동 24-7,37.5503357,127.1432466
136,천호동,서울특별시 강동구 상암로41길 67-9,서울특별시 강동구 천호동 27-10,37.5490414,127.1406075
137,천호동,서울특별시 강동구 상암로39길 86,서울특별시 강동구 천호동 22-12,37.5497982,127.1405749
138,천호동,서울특별시 강동구 상암로41길 89-12,서울특별시 강동구 천호동 22-15,37.5502935,127.1408248
139,천호동,서울특별시 강동구 상암로41길 89,서울특별시 강동구 천호동 22-11,37.5500137,127.1412430
140,천호동,서울특별시 강동구 상암로41길 75,서울특별시 강동구 천호동 27-4,37.5494912,127.1411741
141,천호동,서울특별시 강동구 양재대로131가길 7,서울특별시 강동구 천호동 33-19,37.5470399,127.1416448
142,천호동,서울특별시 강동구 양재대로133길 20,서울특별시 강동구 천호동 29-21,37.5479943,127.1422011
143,천호동,서울특별시 강동구 구천면로68길 65,서울특별시 강동구 천호동 31-1,37.5477323,127.1428117
144,천호동,서울특별시 강동구 구천면로68길 44,서울특별시 강동구 천호동 26-17,37.5486966,127.1426098
145,천호동,서울특별시 강동구 구천면로68길 46,서울특별시 강동구 천호동 26-15,37.5486428,127.1424400
146,천호동,서울특별시 강동구 구천면로68가길 11,서울특별시 강동구 천호동 26-14,37.5490035,127.1421351
147,천호동,서울특별시 강동구 구천면로68길 23,서울특별시 강동구 천호동 25-22,37.5495431,127.1430075
148,천호동,서울특별시 강동구 양재대로 1611,서울특별시 강동구 천호동 25-5,37.5494705,127.1434374
149,천호동,서울특별시 강동구 천중로43길 93,서울특별시 강동구 천호동 44-61,37.5447505,127.1424326
150,천호동,서울특별시 강동구 올림픽로79길 66,서울특별시 강동구 천호동 330-11,37.5454665,127.1223825
151,천호동,서울특별시 강동구 올림픽로79길 56,서울특별시 강동구 천호동 330-6,37.5451328,127.1227101
152,천호동,서울특별시 강동구 천중로2길 43-1,서울특별시 강동구 천호동 337-30,37.5441513,127.1221427
153,천호동,서울특별시 강동구 구천면로11길 20-28,서울특별시 강동구 천호동 338-27,37.5432952,127.1222884
154,천호동,서울특별시 강동구 구천면로13길 24,서울특별시 강동구 천호동 339-2,37.5429072,127.1228649
155,천호동,서울특별시 강동구 구천면로 153,서울특별시 강동구 천호동 338-28,37.5422684,127.1219473
156,천호동,서울특별시 강동구 올림픽로71길 23-10,서울특별시 강동구 천호동 459-85,37.5399168,127.1219209
157,천호동,서울특별시 강동구 선사로 20,서울특별시 강동구 천호동 462-35,37.5410727,127.1193995
158,천호동,서울특별시 강동구 올림픽로71길 81,서울특별시 강동구 천호동 472-24,37.5420812,127.1199329
159,천호동,서울특별시 강동구 구천면로11길 6-3,서울특별시 강동구 천호동 338-33,37.5425209,127.1217667
160,천호동,서울특별시 강동구 구천면로11길 16,서울특별시 강동구 천호동 338-12,37.5427015,127.1213483
161,천호동,서울특별시 강동구 선사로 58,서울특별시 강동구 천호동 337-52,37.5437291,127.1209313
162,천호동,서울특별시 강동구 올림픽로79길 43,서울특별시 강동구 천호동 337-11,37.5445649,127.1230147
163,천호동,서울특별시 강동구 선사로 58-8,서울특별시 강동구 천호동 337-58,37.5438277,127.1213841
164,천호동,서울특별시 강동구 선사로 52-1,서울특별시 강동구 천호동 337-92,37.5432337,127.1207155
165,천호동,서울특별시 강동구 천중로2길 1,서울특별시 강동구 천호동 331-9,37.5455824,127.1236048
166,천호동,서울특별시 강동구 천중로29길 2-12,서울특별시 강동구 천호동 102-33,37.5430285,127.1356628
167,천호동,서울특별시 강동구 올림픽로83길 30,서울특별시 강동구 천호동 331-12,37.5449875,127.1238301
168,천호동,서울특별시 강동구 올림픽로79길 44,서울특별시 강동구 천호동 331-20,37.5446637,127.1232185
169,천호동,서울특별시 강동구 올림픽로79길 32,서울특별시 강동구 천호동 333-12,37.5442668,127.1236818
170,천호동,서울특별시 강동구 올림픽로79길 22-13,서울특별시 강동구 천호동 333-9,37.5444830,127.1237953
171,천호동,서울특별시 강동구 구천면로17길 44,서울특별시 강동구 천호동 334-1,37.5433743,127.1242461
172,천호동,서울특별시 강동구 올림픽로79길 34,서울특별시 강동구 천호동 333-11,37.5443390,127.1236367
173,천호동,서울특별시 강동구 올림픽로79길 22-7,서울특별시 강동구 천호동 333-13,37.5442757,127.1238629
174,천호동,서울특별시 강동구 천중로12길 23,서울특별시 강동구 천호동 361-2,37.5441369,127.1272460
175,천호동,서울특별시 강동구 올림픽로80길 31,서울특별시 강동구 천호동 362-3,37.5434613,127.1271657
176,천호동,서울특별시 강동구 천중로12길 27,서울특별시 강동구 천호동 362-1,37.5438756,127.1273361
177,천호동,서울특별시 강동구 천중로 56-14,서울특별시 강동구 천호동 361-15,37.5444876,127.1279255
178,천호동,서울특별시 강동구 천중로 60-15,서울특별시 강동구 천호동 363-4,37.5442888,127.1285136
179,천호동,서울특별시 강동구 천중로 60-26,서울특별시 강동구 천호동 361-30,37.5439198,127.1281056
180,천호동,서울특별시 강동구 구천면로 258,서울특별시 강동구 천호동 280-6,37.5432129,127.1318838
181,천호동,서울특별시 강동구 천중로18길 65,서울특별시 강동구 천호동 400-7,37.5419090,127.1295619
182,천호동,서울특별시 강동구 구천면로33길 44,서울특별시 강동구 천호동 382-12,37.5425767,127.1286465
183,천호동,서울특별시 강동구 천중로15길 16,서울특별시 강동구 천호동 309-7,37.5458474,127.1285728
184,천호동,서울특별시 강동구 상암로16길 29,서울특별시 강동구 천호동 304-2,37.5472869,127.1304990
185,천호동,서울특별시 강동구 천중로17길 75,서울특별시 강동구 천호동 290-32,37.5480607,127.1314509
186,천호동,서울특별시 강동구 구천면로41길 87,서울특별시 강동구 천호동 310-28,37.5479637,127.1295270
187,천호동,서울특별시 강동구 천중로21길 58,서울특별시 강동구 천호동 292-10,37.5471312,127.1328412
188,천호동,서울특별시 강동구 구천면로41길 19-13,서울특별시 강동구 천호동 295-35,37.5457080,127.1324539
189,천호동,서울특별시 강동구 천중로21길 24,서울특별시 강동구 천호동 295-7,37.5456272,127.1322161
190,천호동,서울특별시 강동구 천중로 83,서울특별시 강동구 천호동 300-9,37.5448623,127.1313322
191,천호동,서울특별시 강동구 천중로 81-8,서울특별시 강동구 천호동 300-2,37.5450695,127.1313891
192,천호동,서울특별시 강동구 구천면로39길 28-16,서울특별시 강동구 천호동 302-17,37.5462501,127.1311422
193,천호동,서울특별시 강동구 천중로 77,서울특별시 강동구 천호동 301-35,37.5449262,127.1305855
194,천호동,서울특별시 강동구 천중로11길 24,서울특별시 강동구 천호동 313,37.5462991,127.1274646
195,천호동,서울특별시 강동구 천중로9길 9,서울특별시 강동구 천호동 314-8,37.5458856,127.1265361
196,천호동,서울특별시 강동구 올림픽로88길 7,서울특별시 강동구 천호동 315-3,37.5467412,127.1268430
197,천호동,서울특별시 강동구 천중로9길 41,서울특별시 강동구 천호동 315-31,37.5472636,127.1270476
198,천호동,서울특별시 강동구 올림픽로92길 29-3,서울특별시 강동구 천호동 288-14,37.5478839,127.1283273
199,천호동,서울특별시 강동구 올림픽로89길 26,서울특별시 강동구 천호동 317-13,37.5476982,127.1250340
200,천호동,서울특별시 강동구 올림픽로89길 32,서울특별시 강동구 천호동 317-29,37.5477887,127.1247060
201,천호동,서울특별시 강동구 올림픽로89길 27-12,서울특별시 강동구 천호동 321-9,37.5473475,127.1243658
202,천호동,서울특별시 강동구 천중로5길 31,서울특별시 강동구 천호동 326-2,37.5466095,127.1236291
203,천호동,서울특별시 강동구 천중로 7-10,서울특별시 강동구 천호동 326-34,37.5462497,127.1230174
204,천호동,서울특별시 강동구 천중로 7,서울특별시 강동구 천호동 326-32,37.5460427,127.1227908
205,천호동,서울특별시 강동구 천중로32길 12-11,서울특별시 강동구 천호동 133-28,37.5423437,127.1356276
206,천호동,서울특별시 강동구 구천면로34길 55-6,서울특별시 강동구 천호동 214-60,37.5428047,127.1343385
207,천호동,서울특별시 강동구 구천면로 258-6,서울특별시 강동구 천호동 280-9,37.5429602,127.1322228
208,천호동,서울특별시 강동구 구천면로 262-7,서울특별시 강동구 천호동 275-1,37.5435095,127.1325066
209,천호동,서울특별시 강동구 천중로30길 19,서울특별시 강동구 천호동 137-15,37.5418941,127.1348913
210,천호동,서울특별시 강동구 진황도로27길 81,서울특별시 강동구 천호동 199-1,37.5418871,127.1330696
211,천호동,서울특별시 강동구 진황도로27길 56,서울특별시 강동구 천호동 193-7,37.5407342,127.1327281
212,천호동,서울특별시 강동구 진황도로27길 60,서울특별시 강동구 천호동 194-3,37.5409774,127.1328190
213,천호동,서울특별시 강동구 진황도로27가길 6-5,서울특별시 강동구 천호동 166-96,37.5388800,127.1310502
214,천호동,서울특별시 강동구 성안로31길 9,서울특별시 강동구 천호동 121-27,37.5402979,127.1361105
215,천호동,서울특별시 강동구 진황도로33길 39,서울특별시 강동구 천호동 180-21,37.5388940,127.1346710
216,천호동,서울특별시 강동구 진황도로31길 34,서울특별시 강동구 천호동 167-89,37.5390119,127.1340149
217,천호동,서울특별시 강동구 진황도로31길 19,서울특별시 강동구 천호동 169-1,37.5384449,127.1334708
218,천호동,서울특별시 강동구 성안로31길 68,서울특별시 강동구 천호동 195,37.5413284,127.1332044
219,천호동,서울특별시 강동구 진황도로29길 8,서울특별시 강동구 천호동 165-1,37.5385005,127.1320905
220,천호동,서울특별시 강동구 성안로25길 64,서울특별시 강동구 천호동 167-102,37.5390679,127.1322613
221,천호동,서울특별시 강동구 진황도로27가길 6-6,서울특별시 강동구 천호동 166-79,37.5390417,127.1315144
222,천호동,서울특별시 강동구 진황도로 37,서울특별시 강동구 천호동 166-112,37.5386094,127.1313440
223,천호동,서울특별시 강동구 천호대로 1055,서울특별시 강동구 천호동 566,37.5383593,127.1294087
224,성내동,서울특별시 강동구 성안로9길 7-3,서울특별시 강동구 성내동 421-28,37.5288792,127.1308745
225,성내동,서울특별시 강동구 성내로17길 26,서울특별시 강동구 성내동 421-19,37.5280241,127.1300925
226,성내동,서울특별시 강동구 성내로17길 38,서울특별시 강동구 성내동 421-11,37.5284654,127.1302969
227,성내동,서울특별시 강동구 성안로9길 18-8,서울특별시 강동구 성내동 529-2,37.5295645,127.1303553
228,성내동,서울특별시 강동구 성내로15길 64-9,서울특별시 강동구 성내동 518-11,37.5301775,127.1300962
229,성내동,서울특별시 강동구 성내로15길 58,서울특별시 강동구 성내동 527,37.5300338,127.1296886
230,성내동,서울특별시 강동구 성안로9길 42-6,서울특별시 강동구 성내동 526-3,37.5298633,127.1290322
231,성내동,서울특별시 강동구 풍성로42길 29,서울특별시 강동구 성내동 522-14,37.5302347,127.1271548
232,성내동,서울특별시 강동구 풍성로42길 12,서울특별시 강동구 성내동 521-3,37.5308926,127.1269862
233,성내동,서울특별시 강동구 성내로13길 57-6,서울특별시 강동구 성내동 520-13,37.5307653,127.1280381
234,성내동,서울특별시 강동구 성내로13길 33-5,서울특별시 강동구 성내동 532-6,37.5295678,127.1273120
235,성내동,서울특별시 강동구 성내로13길 12,서울특별시 강동구 성내동 543-17,37.5284955,127.1274347
236,성내동,서울특별시 강동구 성내로15길 10-11,서울특별시 강동구 성내동 544-13,37.5278719,127.1291532
237,성내동,서울특별시 강동구 성내로9길 41,서울특별시 강동구 성내동 534-16,37.5306247,127.1247343
238,성내동,서울특별시 강동구 성내로3가길 39,서울특별시 강동구 성내동 534-4,37.5301470,127.1248354
239,성내동,서울특별시 강동구 풍성로 98,서울특별시 강동구 성내동 120-91,37.5324736,127.1229272
240,성내동,서울특별시 강동구 성내로10길 19,서울특별시 강동구 성내동 560-3,37.5279670,127.1245037
241,성내동,서울특별시 강동구 성안로3길 96-8,서울특별시 강동구 성내동 561-2,37.5279034,127.1249674
242,성내동,서울특별시 강동구 성내로6길 16,서울특별시 강동구 성내동 556-1,37.5291765,127.1223901
243,성내동,서울특별시 강동구 올림픽로48길 23-4,서울특별시 강동구 성내동 555-11,37.5292403,127.1216661
244,성내동,서울특별시 강동구 성내로 8-20,서울특별시 강동구 성내동 554,36.9694352,127.9376098
245,성내동,서울특별시 강동구 성내로6길 34-9,서울특별시 강동구 성내동 454-5,37.5283664,127.1216195
246,성내동,서울특별시 강동구 성내로6길 34-15,서울특별시 강동구 성내동 454-1,37.5285019,127.1213029
247,성내동,서울특별시 강동구 성내로6길 42-13,서울특별시 강동구 성내동 453-1,37.5281326,127.1211892
248,성내동,서울특별시 강동구 성내로6길 50-15,서울특별시 강동구 성내동 452-1,37.5278537,127.1207362
249,성내동,서울특별시 강동구 강동대로 143-48,서울특별시 강동구 성내동 452-2,37.5276373,127.1208830
250,성내동,서울특별시 강동구 성내로6다길 6,서울특별시 강동구 성내동 459-1,37.5272938,127.1220363
251,성내동,서울특별시 강동구 강동대로 155,서울특별시 강동구 성내동 460-1,37.5261292,127.1242857
252,성내동,서울특별시 강동구 성내로14길 42-33,서울특별시 강동구 성내동 461-24,37.5267509,127.1242528
253,성내동,서울특별시 강동구 성내로14길 42-23,서울특별시 강동구 성내동 461-2,37.5265070,127.1248407
254,성내동,서울특별시 강동구 성내로14길 48,서울특별시 강동구 성내동 461-12,37.5260194,127.1259146
255,성내동,서울특별시 강동구 성내로6가길 55,서울특별시 강동구 성내동 464-22,37.5269209,127.1254070
256,성내동,서울특별시 강동구 성내로6가길 53,서울특별시 강동구 성내동 464-16,37.5272370,127.1246948
257,성내동,서울특별시 강동구 성내로6가길 20,서울특별시 강동구 성내동 457-17,37.5276710,127.1232022
258,성내동,서울특별시 강동구 성내로6나길 19,서울특별시 강동구 성내동 457-18,37.5275179,127.1231114
259,성내동,서울특별시 강동구 강동대로 165,서울특별시 강동구 성내동 460-2,37.5256684,127.1255067
260,성내동,서울특별시 강동구 강동대로 177,서울특별시 강동구 성내동 468-6,37.5251989,127.1264336
261,성내동,서울특별시 강동구 강동대로 187,서울특별시 강동구 성내동 468-3,37.5248014,127.1274058
262,성내동,서울특별시 강동구 성내로6다길 115,서울특별시 강동구 성내동 467-1,37.5252067,127.1275875
263,성내동,서울특별시 강동구 성내로14길 41-20,서울특별시 강동구 성내동 467-11,37.5254955,127.1271468
264,성내동,서울특별시 강동구 성내로14길 30,서울특별시 강동구 성내동 465-14,37.5264236,127.1270352
265,성내동,서울특별시 강동구 성안로3길 39,서울특별시 강동구 성내동 465-2,37.5262249,127.1275440
266,성내동,서울특별시 강동구 성안로 7-7,서울특별시 강동구 성내동 448-5,37.5246289,127.1286386
267,성내동,서울특별시 강동구 성안로 7-12,서울특별시 강동구 성내동 447-6,37.5250344,127.1286167
268,성내동,서울특별시 강동구 천호대로168길 18,서울특별시 강동구 성내동 178-8,37.5349326,127.1320504
269,성내동,서울특별시 강동구 천호대로162길 45-11,서울특별시 강동구 성내동 23-16,37.5349272,127.1287127
270,성내동,서울특별시 강동구 천호대로162길 71-7,서울특별시 강동구 성내동 224-12,37.5335944,127.1281221
271,성내동,서울특별시 강동구 풍성로37길 40-10,서울특별시 강동구 성내동 284-9,37.5334514,127.1270357
272,성내동,서울특별시 강동구 풍성로35길 52,서울특별시 강동구 성내동 136-9,37.5341555,127.1257358
273,성내동,서울특별시 강동구 천호옛길 60-23,서울특별시 강동구 성내동 135-17,37.5336966,127.1252259
274,성내동,서울특별시 강동구 천호대로158길 48,서울특별시 강동구 성내동 37-87,37.5354620,127.1256927
275,성내동,서울특별시 강동구 천호대로158길 44,서울특별시 강동구 성내동 37-80,37.5356241,127.1258061
276,성내동,서울특별시 강동구 천호옛12길 9-8,서울특별시 강동구 성내동 37-67,37.5352100,127.1254207
277,성내동,서울특별시 강동구 천호옛길 55,서울특별시 강동구 성내동 118-36,37.5341758,127.1236201
278,성내동,서울특별시 강동구 천호옛8길 17,서울특별시 강동구 성내동 127-28,37.5332380,127.1242861
279,성내동,서울특별시 강동구 풍성로 89-8,서울특별시 강동구 성내동 111-31,37.5331228,127.1224757
280,성내동,서울특별시 강동구 천호옛길 43,서울특별시 강동구 성내동 111-67,37.5333026,127.1228267
281,성내동,서울특별시 강동구 성안로 99,서울특별시 강동구 성내동 384-10,37.5323191,127.1326002
282,성내동,서울특별시 강동구 풍성로45길 58,서울특별시 강동구 성내동 502-16,37.5325365,127.1315144
283,성내동,서울특별시 강동구 천호대로168길 67,서울특별시 강동구 성내동 500-8,37.5328430,127.1314245
284,성내동,서울특별시 강동구 천호대로168길 41,서울특별시 강동구 성내동 201,37.5337794,127.1319805
285,성내동,서울특별시 강동구 천호대로168나길 40,서울특별시 강동구 성내동 203-22,37.5335378,127.1304187
286,성내동,서울특별시 강동구 성안로13길 53,서울특별시 강동구 성내동 510-9,37.5319263,127.1292959
287,성내동,서울특별시 강동구 성안로13길 38,서울특별시 강동구 성내동 505-4,37.5318802,127.1302235
288,성내동,서울특별시 강동구 풍성로45길 7-7,서울특별시 강동구 성내동 517-17,37.5310700,127.1295546
289,성내동,서울특별시 강동구 성안로13길 45-10,서울특별시 강동구 성내동 511-11,37.5315295,127.1295781
290,성내동,서울특별시 강동구 천호대로170길 106-6,서울특별시 강동구 성내동 515-4,37.5309243,127.1309912
291,성내동,서울특별시 강동구 풍성로 155,서울특별시 강동구 성내동 517-25,37.5309713,127.1292603
292,성내동,서울특별시 강동구 풍성로 143-13,서울특별시 강동구 성내동 229-8,37.5317203,127.1280850
293,성내동,서울특별시 강동구 풍성로41길 13,서울특별시 강동구 성내동 226-63,37.5319188,127.1278477
294,성내동,서울특별시 강동구 풍성로 135,서울특별시 강동구 성내동 276-2,37.5315501,127.1272022
295,성내동,서울특별시 강동구 천호대로174길 57,서울특별시 강동구 성내동 386-1,37.5323446,127.1339353
296,성내동,서울특별시 강동구 천호대로174길 40-4,서울특별시 강동구 성내동 382-8,37.5332636,127.1339256
297,성내동,서울특별시 강동구 양재대로97길 61,서울특별시 강동구 성내동 405-1,37.5316871,127.1337870
298,성내동,서울특별시 강동구 양재대로95길 74,서울특별시 강동구 성내동 407-2,37.5313005,127.1330170
299,성내동,서울특별시 강동구 풍성로51길 30,서울특별시 강동구 성내동 405-6,37.5310840,127.1332316
300,성내동,서울특별시 강동구 양재대로95길 36,서울특별시 강동구 성내동 404-26,37.5306137,127.1348260
301,성내동,서울특별시 강동구 양재대로81길 60,서울특별시 강동구 성내동 445-3,37.5239864,127.1312055
302,성내동,서울특별시 강동구 양재대로97길 60,서울특별시 강동구 성내동 386-4,37.5319030,127.1340589
303,성내동,서울특별시 강동구 양재대로101길 51-16,서울특별시 강동구 성내동 386-6,37.5321820,127.1343083
304,성내동,서울특별시 강동구 양재대로101길 51-10,서울특별시 강동구 성내동 386-71,37.5323802,127.1343879
305,성내동,서울특별시 강동구 양재대로101길 41,서울특별시 강동구 성내동 386-18,37.5325861,127.1355309
306,성내동,서울특별시 강동구 양재대로97길 38,서울특별시 강동구 성내동 386-20,37.5315503,127.1352236
307,성내동,서울특별시 강동구 풍성로55길 43,서울특별시 강동구 성내동 404-3,37.5311082,127.1357998
308,성내동,서울특별시 강동구 풍성로55길 36,서울특별시 강동구 성내동 403-3,37.5307206,127.1359009
309,성내동,서울특별시 강동구 풍성로54길 7,서울특별시 강동구 성내동 597,37.5289386,127.1341668
310,성내동,서울특별시 강동구 강동대로53길 58,서울특별시 강동구 성내동 438-2,37.5252734,127.1325426
311,성내동,서울특별시 강동구 양재대로85길 55,서울특별시 강동구 성내동 444-1,37.5246618,127.1315460
312,성내동,서울특별시 강동구 양재대로85길 37,서울특별시 강동구 성내동 443-27,37.5244625,127.1325412
313,성내동,서울특별시 강동구 양재대로91가길 98,서울특별시 강동구 성내동 443-26,37.5240482,127.1323934
314,성내동,서울특별시 강동구 강동대로55길 26,서울특별시 강동구 성내동 441-4,37.5234166,127.1331841
315,성내동,서울특별시 강동구 양재대로81길 76,서울특별시 강동구 성내동 446-11,37.5244017,127.1304256
316,성내동,서울특별시 강동구 강동대로51길 12,서울특별시 강동구 성내동 448-14,37.5240598,127.1300065
317,성내동,서울특별시 강동구 성안로 14,서울특별시 강동구 성내동 446-22,37.5250333,127.1296461
318,길동,서울특별시 강동구 양재대로124길 75-12,서울특별시 강동구 길동 328-15,37.5427182,127.1465589
319,길동,서울특별시 강동구 천호대로197길 70,서울특별시 강동구 길동 107,37.5389958,127.1476040
320,길동,서울특별시 강동구 천호대로199길 75,서울특별시 강동구 길동 157-18,37.5398424,127.1479111
321,길동,서울특별시 강동구 천호대로199길 75,서울특별시 강동구 길동 157-2,37.5398424,127.1479111
322,길동,서울특별시 강동구 양재대로126길 87,서울특별시 강동구 길동 46-4,37.5431049,127.1472046
323,길동,서울특별시 강동구 명일로 275,서울특별시 강동구 길동 48,37.5433207,127.1475671
324,길동,서울특별시 강동구 양재대로128길 72-1,서울특별시 강동구 길동 326-14,37.5438265,127.1465271
325,길동,서울특별시 강동구 천중로51길 28-9,서울특별시 강동구 길동 340-13,37.5420804,127.1450414
326,길동,서울특별시 강동구 천중로53길 26,서울특별시 강동구 길동 342-4,37.5419356,127.1455956
327,길동,서울특별시 강동구 천중로53길 14,서울특별시 강동구 길동 342-29,37.5414131,127.1454588
328,길동,서울특별시 강동구 천중로53길 6,서울특별시 강동구 길동 343-1,37.5409627,127.1454240
329,길동,서울특별시 강동구 천중로 215,서울특별시 강동구 길동 344-4,37.5409640,127.1443377
330,길동,서울특별시 강동구 양재대로122길 32,서울특별시 강동구 길동 346-16,37.5418480,127.1434908
331,길동,서울특별시 강동구 천중로49가길 26,서울특별시 강동구 길동 344-2,37.5412793,127.1443497
332,길동,서울특별시 강동구 양재대로126길 66,서울특별시 강동구 길동 328-1,37.5431695,127.1459487
333,길동,서울특별시 강동구 천중로49길 55,서울특별시 강동구 길동 334-16,37.5434338,127.1434259
334,길동,서울특별시 강동구 천중로49길 33,서울특별시 강동구 길동 337-11,37.5424973,127.1430394
335,길동,서울특별시 강동구 양재대로126길 29,서울특별시 강동구 길동 323-4,37.5438203,127.1442300
336,길동,서울특별시 강동구 천중로51길 56,서울특별시 강동구 길동 331-2,37.5432518,127.1449079
337,길동,서울특별시 강동구 천중로51길 78,서울특별시 강동구 길동 325-2,37.5441433,127.1453170
338,길동,서울특별시 강동구 천중로49길 79-1,서울특별시 강동구 길동 321-9,37.5444157,127.1436201
339,길동,서울특별시 강동구 양재대로122가길 46,서울특별시 강동구 길동 321-6,37.5440017,127.1431894
340,길동,서울특별시 강동구 양재대로122가길 30,서울특별시 강동구 길동 334-3,37.5433803,127.1430185
341,길동,서울특별시 강동구 천중로 208,서울특별시 강동구 길동 350-3,37.5406320,127.1432056
342,길동,서울특별시 강동구 천중로 220,서울특별시 강동구 길동 351-2,37.5405582,127.1446425
343,길동,서울특별시 강동구 천중로54길 9-5,서울특별시 강동구 길동 352-10,37.5402600,127.1453434
344,길동,서울특별시 강동구 천중로56길 40,서울특별시 강동구 길동 361-21,37.5389533,127.1455559
345,길동,서울특별시 강동구 명일로17길 3,서울특별시 강동구 길동 126-4,37.5383582,127.1459395
346,길동,서울특별시 강동구 천호대로193길 42,서울특별시 강동구 길동 144-1,37.5370075,127.1452919
347,길동,서울특별시 강동구 천호대로193길 23-3,서울특별시 강동구 길동 401-2,37.5361975,127.1445662
348,길동,서울특별시 강동구 양재대로112길 77,서울특별시 강동구 길동 401-1,37.5362073,127.1438761
349,길동,서울특별시 강동구 양재대로112길 76,서울특별시 강동구 길동 402-1,37.5358740,127.1438189
350,길동,서울특별시 강동구 천호대로187길 31,서울특별시 강동구 길동 406-1,37.5355968,127.1420760
351,길동,서울특별시 강동구 양재대로110길 43-9,서울특별시 강동구 길동 407-13,37.5355160,127.1418043
352,길동,서울특별시 강동구 양재대로112길 51,서울특별시 강동구 길동 396-10,37.5363169,127.1426657
353,길동,서울특별시 강동구 양재대로112길 66,서울특별시 강동구 길동 404-3,37.5359468,127.1432533
354,길동,서울특별시 강동구 진황도로49길 64,서울특별시 강동구 길동 228,37.5350996,127.1434214
355,길동,서울특별시 강동구 양재대로110길 20-13,서울특별시 강동구 길동 241-2,37.5348059,127.1404000
356,길동,서울특별시 강동구 양재대로110길 15-11,서울특별시 강동구 길동 409-12,37.5359502,127.1403569
357,길동,서울특별시 강동구 천중로50길 48,서울특별시 강동구 길동 364-18,37.5387141,127.1422063
358,길동,서울특별시 강동구 천중로50길 39,서울특별시 강동구 길동 359-15,37.5389840,127.1425123
359,길동,서울특별시 강동구 천중로48길 9,서울특별시 강동구 길동 349-11,37.5404174,127.1418700
360,길동,서울특별시 강동구 천중로48길 19,서울특별시 강동구 길동 357-6,37.5399671,127.1416882
361,길동,서울특별시 강동구 천중로48길 27,서울특별시 강동구 길동 358-1,37.5396789,127.1415971
362,길동,서울특별시 강동구 천중로38가길 26,서울특별시 강동구 길동 383-4,37.5394140,127.1369688
363,길동,서울특별시 강동구 천중로38가길 12,서울특별시 강동구 길동 373-12,37.5400894,127.1372190
364,길동,서울특별시 강동구 양재대로112길 31,서울특별시 강동구 길동 395-28,37.5365885,127.1415461
365,길동,서울특별시 강동구 천중로38길 5,서울특별시 강동구 길동 371-23,37.5407819,127.1383517
366,길동,서울특별시 강동구 천중로40길 8,서울특별시 강동구 길동 371-21,37.5407276,127.1385779
367,길동,서울특별시 강동구 양재대로117길 31,서울특별시 강동구 길동 376-19,37.5399975,127.1388368
368,길동,서울특별시 강동구 양재대로117길 27,서울특별시 강동구 길동 376-7,37.5399071,127.1390630
369,길동,서울특별시 강동구 천중로42길 54,서울특별시 강동구 길동 380-7,37.5387093,127.1385856
370,길동,서울특별시 강동구 천중로44길 74,서울특별시 강동구 길동 388-4,37.5378440,127.1389460
371,길동,서울특별시 강동구 양재대로117길 16,서울특별시 강동구 길동 369-5,37.5400414,127.1397761
372,길동,서울특별시 강동구 천중로44길 14,서울특별시 강동구 길동 369-12,37.5403745,127.1400256
373,암사동,서울특별시 강동구 고덕로 82,서울특별시 강동구 암사동 457-1,37.5545266,127.1343367
374,암사동,서울특별시 강동구 고덕로20마길 11,서울특별시 강동구 암사동 472-13,37.5522307,127.1329180
375,암사동,서울특별시 강동구 고덕로20나길 24,서울특별시 강동구 암사동 459-38,37.5533756,127.1323089
376,암사동,서울특별시 강동구 고덕로20나길 29,서울특별시 강동구 암사동 470-19,37.5531868,127.1319578
377,암사동,서울특별시 강동구 고덕로20마길 38,서울특별시 강동구 암사동 470-7,37.5523584,127.1315263
378,암사동,서울특별시 강동구 고덕로14길 31,서울특별시 강동구 암사동 470-1,37.5532593,127.1316071
379,암사동,서울특별시 강동구 고덕로 52-18,서울특별시 강동구 암사동 461-11,37.5538821,127.1306122
380,암사동,서울특별시 강동구 암사1가길 22,서울특별시 강동구 암사동 468-17,37.5523593,127.1306549
381,암사동,서울특별시 강동구 암사1길 9,서울특별시 강동구 암사동 497-6,37.5511886,127.1300983
382,암사동,서울특별시 강동구 올림픽로98길 25-7,서울특별시 강동구 암사동 497-3,37.5512702,127.1296798
383,암사동,서울특별시 강동구 암사길 14,서울특별시 강동구 암사동 494-13,37.5511155,127.1310941
384,암사동,서울특별시 강동구 고덕로14길 56,서울특별시 강동구 암사동 468-4,37.5522508,127.1310621
385,암사동,서울특별시 강동구 고덕로14길 52-1,서울특별시 강동구 암사동 468-6,37.5524311,127.1309492
386,암사동,서울특별시 강동구 고덕로14길 52,서울특별시 강동구 암사동 468-5,37.5523228,127.1310735
387,암사동,서울특별시 강동구 고덕로16길 13,서울특별시 강동구 암사동 458-50,37.5540326,127.1329551
388,암사동,서울특별시 강동구 암사길 18,서울특별시 강동구 암사동 493-1,37.5512593,127.1314225
389,암사동,서울특별시 강동구 올림픽로98가길 47,서울특별시 강동구 암사동 493-14,37.5508987,127.1315916
390,암사동,서울특별시 강동구 상암로21길 7,서울특별시 강동구 암사동 490-36,37.5479688,127.1331255
391,암사동,서울특별시 강동구 상암로23길 15-7,서울특별시 강동구 암사동 489-38,37.5483820,127.1341787
392,암사동,서울특별시 강동구 상암로21길 20-9,서울특별시 강동구 암사동 489-11,37.5487071,127.1335342
393,암사동,서울특별시 강동구 올림픽로98가길 68-21,서울특별시 강동구 암사동 481-23,37.5506261,127.1336621
394,암사동,서울특별시 강동구 구천면로47길 69-19,서울특별시 강동구 암사동 480-2,37.5511567,127.1345683
395,암사동,서울특별시 강동구 구천면로47길 74,서울특별시 강동구 암사동 478-11,37.5512911,127.1351571
396,암사동,서울특별시 강동구 고덕로24길 50,서울특별시 강동구 암사동 473-3,37.5523634,127.1350798
397,암사동,서울특별시 강동구 고덕로24나길 6,서울특별시 강동구 암사동 474-2,37.5525790,127.1356347
398,암사동,서울특별시 강동구 고덕로24가길 8,서울특별시 강동구 암사동 454-1,37.5532635,127.1359075
399,암사동,서울특별시 강동구 고덕로24길 19-5,서울특별시 강동구 암사동 453-5,37.5537680,127.1359084
400,암사동,서울특별시 강동구 암사길 73,서울특별시 강동구 암사동 433-93,37.5521533,127.1376030
401,암사동,서울특별시 강동구 암사길 86,서울특별시 강동구 암사동 421-71,37.5522150,127.1387801
402,암사동,서울특별시 강동구 고덕로28길 36,서울특별시 강동구 암사동 435-1,37.5526935,127.1379775
403,암사동,서울특별시 강동구 암사19길 37,서울특별시 강동구 암사동 418-19,37.5527885,127.1414293
404,암사동,서울특별시 강동구 암사18길 5,서울특별시 강동구 암사동 421-29,37.5515384,127.1395484
405,암사동,서울특별시 강동구 암사18길 11,서울특별시 강동구 암사동 421-63,37.5519715,127.1389946
406,암사동,서울특별시 강동구 암사18길 20,서울특별시 강동구 암사동 421-76,37.5517285,127.1387905
407,암사동,서울특별시 강동구 암사18길 29,서울특별시 강동구 암사동 433-30,37.5515219,127.1382016
408,암사동,서울특별시 강동구 상암로23길 60,서울특별시 강동구 암사동 487,37.5495423,127.1359913
409,암사동,서울특별시 강동구 올림픽로93길 48,서울특별시 강동구 암사동 516-24,37.5500863,127.1246306
410,암사동,서울특별시 강동구 상암로 12-21,서울특별시 강동구 암사동 515-1,37.5500858,127.1250493
411,암사동,서울특별시 강동구 상암로4가길 27,서울특별시 강동구 암사동 516-30,37.5504283,127.1249141
412,암사동,서울특별시 강동구 상암로4가길 32,서울특별시 강동구 암사동 510-23,37.5507167,127.1248353
413,암사동,서울특별시 강동구 상암로4가길 43,서울특별시 강동구 암사동 516-31,37.5507716,127.1240433
414,암사동,서울특별시 강동구 상암로 32,서울특별시 강동구 암사동 512-14,37.5501468,127.1269958
415,암사동,서울특별시 강동구 상암로3길 40,서울특별시 강동구 암사동 503-5,37.5522097,127.1273501
416,암사동,서울특별시 강동구 상암로3길 54,서울특별시 강동구 암사동 504-8,37.5527951,127.1276340
417,암사동,서울특별시 강동구 상암로3길 86,서울특별시 강동구 암사동 505-1,37.5543082,127.1281119
418,암사동,서울특별시 강동구 고덕로3길 9,서울특별시 강동구 암사동 507,37.5552631,127.1282606
419,암사동,서울특별시 강동구 고덕로1길 22-13,서울특별시 강동구 암사동 608-8,37.5562742,127.1263837
420,암사동,서울특별시 강동구 올림픽로107길 13,서울특별시 강동구 암사동 191-6,37.5574328,127.1298488
421,암사동,서울특별시 강동구 고덕로1길 34,서울특별시 강동구 암사동 608-5,37.5556083,127.1256130
422,암사동,서울특별시 강동구 고덕로1길 10,서울특별시 강동구 암사동 598-10,37.5552288,127.1266196
423,암사동,서울특별시 강동구 올림픽로107길 54,서울특별시 강동구 암사동 178-23,37.5577956,127.1276198
424,암사동,서울특별시 강동구 고덕로27길 43,서울특별시 강동구 암사동 449-15,37.5567482,127.1377698
425,암사동,서울특별시 강동구 고덕로27길 33-14,서울특별시 강동구 암사동 449-9,37.5564607,127.1370563
426,암사동,서울특별시 강동구 상암로 79-9,서울특별시 강동구 암사동 490-9,37.5486547,127.1320404
427,암사동,서울특별시 강동구 상암로17길 6,서울특별시 강동구 암사동 490-3,37.5486099,127.1318819
428,암사동,서울특별시 강동구 구천면로47가길 45,서울특별시 강동구 암사동 490-11,37.5488889,127.1321200
429,암사동,서울특별시 강동구 고덕로27길 7,서울특별시 강동구 암사동 451-16,37.5553069,127.1375069
430,암사동,서울특별시 강동구 고덕로25길 13,서울특별시 강동구 암사동 447-9,37.5554254,127.1362622
431,암사동,서울특별시 강동구 고덕로25길 13-19,서울특별시 강동구 암사동 447-1,37.5553995,127.1353455
432,암사동,서울특별시 강동구 고덕로23길 23,서울특별시 강동구 암사동 445-27,37.5558233,127.1349728
433,암사동,서울특별시 강동구 고덕로19길 30,서울특별시 강동구 암사동 445,37.5561310,127.1338076
434,암사동,서울특별시 강동구 고덕로 77,서울특별시 강동구 암사동 446-16,37.5549325,127.1339526
435,암사동,서울특별시 강동구 고덕로 65,서울특별시 강동구 암사동 444,37.5563475,127.1335817
436,암사동,서울특별시 강동구 올림픽로104길 29,서울특별시 강동구 암사동 443-2,37.5556652,127.1313170
437,암사동,서울특별시 강동구 올림픽로104길 17,서울특별시 강동구 암사동 440,37.5559181,127.1307968
438,암사동,서울특별시 강동구 올림픽로112길 17,서울특별시 강동구 암사동 104-2,37.5641668,127.1346821
439,암사동,서울특별시 강동구 올림픽로 932,서울특별시 강동구 암사동 116-20,37.5637088,127.1334136
440,암사동,서울특별시 강동구 올림픽로112길 45,서울특별시 강동구 암사동 109-5,37.5630594,127.1340123
441,암사동,서울특별시 강동구 아리수로25길 73,서울특별시 강동구 암사동 264-25,37.5597504,127.1360437
442,암사동,서울특별시 강동구 아리수로25길 57,서울특별시 강동구 암사동 267-1,37.5593446,127.1363598
443,둔촌동,서울특별시 강동구 진황도로 144,서울특별시 강동구 둔촌동 426-15,37.5330394,127.1409171
444,둔촌동,서울특별시 강동구 양재대로102가길 5,서울특별시 강동구 둔촌동 446-5,37.5319675,127.1406662
445,둔촌동,서울특별시 강동구 천호대로182길 58,서울특별시 강동구 둔촌동 460-5,37.5312370,127.1412193
446,둔촌동,서울특별시 강동구 풍성로65길 46,서울특별시 강동구 둔촌동 70-48,37.5298773,127.1405153
447,둔촌동,서울특별시 강동구 양재대로96길 38,서울특별시 강동구 둔촌동 544-1,37.5291850,127.1392582
448,둔촌동,서울특별시 강동구 풍성로 251,서울특별시 강동구 둔촌동 161-1,37.5288865,127.1402872
449,둔촌동,서울특별시 강동구 풍성로65길 34,서울특별시 강동구 둔촌동 70-5,37.5294539,127.1404579
450,둔촌동,서울특별시 강동구 풍성로67길 57,서울특별시 강동구 둔촌동 545-1,37.5298664,127.1421557
451,둔촌동,서울특별시 강동구 진황도로 180,서울특별시 강동구 둔촌동 76-6,37.5301363,127.1425069
452,둔촌동,서울특별시 강동구 풍성로61길 10-14,서울특별시 강동구 둔촌동 518-1,37.5288439,127.1382168
453,둔촌동,서울특별시 강동구 양재대로 1382,서울특별시 강동구 둔촌동 517-2,37.5293225,127.1372560
454,둔촌동,서울특별시 강동구 양재대로96길 14,서울특별시 강동구 둔촌동 513-3,37.5295020,127.1378446
455,둔촌동,서울특별시 강동구 풍성로61길 10-14,서울특별시 강동구 둔촌동 513-6,37.5290774,127.1388281
456,둔촌동,서울특별시 강동구 풍성로63길 37,서울특별시 강동구 둔촌동 490-19,37.5299780,127.1391692
457,둔촌동,서울특별시 강동구 양재대로98길 21-7,서울특별시 강동구 둔촌동 488-5,37.5309334,127.1388542
458,둔촌동,서울특별시 강동구 풍성로61길 40,서울특별시 강동구 둔촌동 489-4,37.5305562,127.1378239
459,둔촌동,서울특별시 강동구 양재대로100길 38,서울특별시 강동구 둔촌동 470-14,37.5313105,127.1400201
460,둔촌동,서울특별시 강동구 양재대로100길 48,서울특별시 강동구 둔촌동 469-23,37.5312017,127.1405856
461,둔촌동,서울특별시 강동구 양재대로98길 43-13,서울특별시 강동구 둔촌동 470-2,37.5310219,127.1402459
462,둔촌동,서울특별시 강동구 양재대로 1404-18,서울특별시 강동구 둔촌동 488-7,37.5310687,127.1387752
463,둔촌동,서울특별시 강동구 양재대로100길 13-8,서울특별시 강동구 둔촌동 442-1,37.5320142,127.1392521
464,둔촌동,서울특별시 강동구 천호대로186길 23,서울특별시 강동구 둔촌동 61-5,37.5326954,127.1422063
465,둔촌동,서울특별시 강동구 천호대로186길 44,서울특별시 강동구 둔촌동 451-4,37.5318213,127.1423404
466,둔촌동,서울특별시 강동구 진황도로 165,서울특별시 강동구 둔촌동 451-11,37.5314069,127.1422717
467,둔촌동,서울특별시 강동구 명일로 124,서울특별시 강동구 둔촌동 87-4,37.5301353,127.1432989
468,둔촌동,서울특별시 강동구 명일로 128,서울특별시 강동구 둔촌동 87-1,37.5303154,127.1433784
469,둔촌동,서울특별시 강동구 진황도로 161,서울특별시 강동구 둔촌동 448-4,37.5319298,127.1420238
470,둔촌동,서울특별시 강동구 천호대로188길 50,서울특별시 강동구 둔촌동 446-26,37.5318207,127.1428721
471,둔촌동,서울특별시 강동구 풍성로73길 7,서울특별시 강동구 둔촌동 108-48,37.5265198,127.1453623
472,둔촌동,서울특별시 강동구 진황도로 215-13,서울특별시 강동구 둔촌동 108-1,37.5268713,127.1452498
473,둔촌동,서울특별시 강동구 진황도로 203-24,서울특별시 강동구 둔촌동 98-44,37.5277816,127.1450592
474,둔촌동,서울특별시 강동구 진황도로61길 25-5,서울특별시 강동구 둔촌동 92-8,37.5291244,127.1447790
475,둔촌동,서울특별시 강동구 진황도로61길 25-43,서울특별시 강동구 둔촌동 82-1,37.5307636,127.1453252
476,둔촌동,서울특별시 강동구 명일로10나길 11,서울특별시 강동구 둔촌동 37-1,37.5314131,127.1446476
477,둔촌동,서울특별시 강동구 명일로10나길 12,서울특별시 강동구 둔촌동 38-5,37.5312328,127.1446925
478,둔촌동,서울특별시 강동구 명일로10나길 1,서울특별시 강동구 둔촌동 39-2,37.5316384,127.1446367
479,둔촌동,서울특별시 강동구 동남로49길 67-32,서울특별시 강동구 둔촌동 27,37.5314392,127.1453830
480,둔촌동,서울특별시 강동구 동남로49길 30-3,서울특별시 강동구 둔촌동 614-3,37.5324182,127.1479079
481,둔촌동,서울특별시 강동구 천호대로200길 81,서울특별시 강동구 둔촌동 611-9,37.5332649,127.1481245
482,둔촌동,서울특별시 강동구 천호대로 1210,서울특별시 강동구 둔촌동 609-6,37.5349168,127.1456386
483,둔촌동,서울특별시 강동구 천호대로 1212-10,서울특별시 강동구 둔촌동 610-1,37.5347902,127.1459439
484,둔촌동,서울특별시 강동구 천호대로198길 12,서울특별시 강동구 둔촌동 605-15,37.5352483,127.1470988
485,둔촌동,서울특별시 강동구 천호대로198길 42,서울특별시 강동구 둔촌동 611-4,37.5343817,127.1484322
486,둔촌동,서울특별시 강동구 동남로53길 20-7,서울특별시 강동구 둔촌동 589-1,37.5342455,127.1492692
487,둔촌동,서울특별시 강동구 천호대로200길 22,서울특별시 강동구 둔촌동 602-5,37.5358673,127.1492724
