연번,행정동,도로명주소,위도,경도
1,가산동,서울특별시 금천구 시흥대로123길 87,37.47283882,126.8943888
2,가산동,서울특별시 금천구 가산로7길 55,37.47422241,126.890423
3,가산동,서울특별시 금천구 가산로3길 133,37.47189333,126.8881567
4,가산동,서울특별시 금천구 벚꽃로 344,37.48497235,126.881559
5,가산동,서울특별시 금천구 가산로 96,37.47453766,126.8943653
6,가산동,서울특별시 금천구 시흥대로149길 37,37.47528652,126.8958243
7,가산동,서울특별시 금천구 시흥대로149가길 10,37.47572518,126.8954698
8,가산동,서울특별시 금천구 시흥대로149가길 6,37.47561479,126.8955596
9,가산동,서울특별시 금천구 남부순환로 1298,37.47827188,126.8948611
10,가산동,서울특별시 금천구 벚꽃로38길 43,37.48301816,126.884759
11,가산동,서울특별시 금천구 가산로5길 37,37.47350426,126.8924375
12,가산동,서울특별시 금천구 두산로9길 64,37.47325573,126.8926026
13,가산동,서울특별시 금천구 가산로 145-1,37.47819898,126.8906859
14,가산동,서울특별시 금천구 가산로 132,37.47726489,126.8920424
15,가산동,서울특별시 금천구 벚꽃로24길 26,37.47409251,126.8888139
16,가산동,서울특별시 금천구 가산로3길 139,37.4717688,126.8877635
17,가산동,서울특별시 금천구 디지털로10길 56,37.47524561,126.8890916
18,가산동,서울특별시 금천구 가산로9길 97-12,37.47423024,126.8874454
19,가산동,서울특별시 금천구 가산로5길 33,37.47344592,126.8927891
20,독산1동,서울특별시 금천구 두산로9길 31,37.47183008,126.8925249
21,독산1동,서울특별시 금천구 두산로 71,37.47062285,126.8956736
22,독산1동,서울특별시 금천구 가산로 61,37.4718013,126.896009
23,독산1동,서울특별시 금천구 두산로 54,37.4700556,126.8938832
24,독산1동,서울특별시 금천구 두산로 32,37.47018498,126.8914987
25,독산1동,서울특별시 금천구 두산로7길 32,37.47200052,126.8920964
26,독산1동,서울특별시 금천구 두산로5길 32,37.47198389,126.8908572
27,독산1동,서울특별시 금천구 시흥대로151길 45,37.47673006,126.8960718
28,독산1동,서울특별시 금천구 시흥대로 485,37.47689864,126.8982456
29,독산1동,서울특별시 금천구 벚꽃로18길 52,37.4681641,126.8919874
30,독산1동,서울특별시 금천구 벚꽃로18길 33,37.46824565,126.8908193
31,독산1동,서울특별시 금천구 범안로11길 14,37.46731693,126.8918371
32,독산1동,서울특별시 금천구 시흥대로 351,37.46492507,126.8971501
33,독산1동,서울특별시 금천구 범안로17길 71,37.46978935,126.8933761
34,독산1동,서울특별시 금천구 시흥대로153길 10,37.47728782,126.8979655
35,독산1동,서울특별시 금천구 시흥대로141길 49,37.47511223,126.897536
36,독산1동,서울특별시 금천구 시흥대로123길 90,37.47310551,126.8945779
37,독산1동,서울특별시 금천구 두산로13길 34,37.47167428,126.8951152
38,독산1동,서울특별시 금천구 시흥대로123길 11,37.47021905,126.8970437
39,독산1동,서울특별시 금천구 범안로17길 64,37.4693457,126.8938849
40,독산1동,서울특별시 금천구 범안로15길 27-11,37.46763856,126.8922056
41,독산1동,서울특별시 금천구 범안로14길 5,37.46624883,126.893587
42,독산1동,서울특별시 금천구 범안로12길 24,37.46537189,126.8917133
43,독산1동,서울특별시 금천구 범안로12길 8,37.46606758,126.8917388
44,독산1동,서울특별시 금천구 범안로12길 50,37.4645414,126.8927685
45,독산1동,서울특별시 금천구 범안로12길 56,37.46439399,126.8930586
46,독산1동,서울특별시 금천구 범안로16길 11,37.46592829,126.8954389
47,독산1동,서울특별시 금천구 범안로12가길 59,37.4651463,126.8944269
48,독산1동,서울특별시 금천구 범안로16길 29,37.46539546,126.8954808
49,독산1동,서울특별시 금천구 시흥대로101길 40,37.46471294,126.8954663
50,독산1동,서울특별시 금천구 시흥대로101길 8,37.46399185,126.8968897
51,독산1동,서울특별시 금천구 시흥대로101길 25,37.46415843,126.8958504
52,독산1동,서울특별시 금천구 시흥대로123길 44,37.47139498,126.8960479
53,독산1동,서울특별시 금천구 범안로12길 30,37.46512081,126.8916544
54,독산1동,서울특별시 금천구 범안로12가길 7,37.46612703,126.8923083
55,독산2동,서울특별시 금천구 시흥대로106길 16,37.46582169,126.899487
56,독산2동,서울특별시 금천구 시흥대로104길 29-17,37.4654828,126.8994568
57,독산2동,서울특별시 금천구 시흥대로104다길 20,37.46540393,126.9007001
58,독산2동,서울특별시 금천구 시흥대로104다길 8,37.46490844,126.9006656
59,독산2동,서울특별시 금천구 시흥대로98길 40,37.46400824,126.9002378
60,독산2동,서울특별시 금천구 시흥대로94길 12,37.4620145,126.8986779
61,독산2동,서울특별시 금천구 시흥대로90길 63,37.46300845,126.9007439
62,독산2동,서울특별시 금천구 시흥대로78길 58,37.46068861,126.899457
63,독산2동,서울특별시 금천구 시흥대로78길 50,37.46036587,126.89967
64,독산2동,서울특별시 금천구 시흥대로84길 16,37.46002649,126.9006691
65,독산2동,서울특별시 금천구 시흥대로84길 30,37.46053823,126.901168
66,독산2동,서울특별시 금천구 시흥대로84가길 6,37.46101468,126.9013737
67,독산2동,서울특별시 금천구 독산로 181,37.46339143,126.9034212
68,독산2동,서울특별시 금천구 독산로 195,37.4643333,126.9027022
69,독산2동,서울특별시 금천구 독산로 205,37.46513261,126.9021863
70,독산2동,서울특별시 금천구 독산로 213,37.46576425,126.9017873
71,독산2동,서울특별시 금천구 범안로 1254,37.46633114,126.9012122
72,독산2동,서울특별시 금천구 독산로68길 24,37.46620157,126.9031685
73,독산2동,서울특별시 금천구 독산로68길 34,37.46652026,126.9036068
74,독산2동,서울특별시 금천구 독산로64가길 9,37.46549865,126.9032239
75,독산2동,서울특별시 금천구 독산로64가길 4-10,37.46575637,126.9037026
76,독산2동,서울특별시 금천구 독산로68길 48,37.46670544,126.9043016
77,독산2동,서울특별시 금천구 독산로64길 81,37.46685497,126.9066161
78,독산2동,서울특별시 금천구 독산로64길 95,37.46676974,126.907312
79,독산2동,서울특별시 금천구 독산로64길 107,37.4666746,126.9080176
80,독산2동,서울특별시 금천구 독산로58나길 66,37.46592459,126.9067413
81,독산2동,서울특별시 금천구 독산로58길 25,37.46466297,126.9043428
82,독산2동,서울특별시 금천구 독산로58가길 6,37.46413011,126.9042278
83,독산2동,서울특별시 금천구 독산로58가길 14,37.46401023,126.9046162
84,독산2동,서울특별시 금천구 독산로58나길 5,37.46460786,126.9048322
85,독산2동,서울특별시 금천구 독산로58나길 12,37.46431447,126.9050271
86,독산2동,서울특별시 금천구 독산로58나길 26,37.46417703,126.9058813
87,독산2동,서울특별시 금천구 독산로58나길 35,37.46461589,126.9060788
88,독산2동,서울특별시 금천구 독산로58나길 48,37.46504038,126.9065612
89,독산2동,서울특별시 금천구 독산로58나길 56,37.4655208,126.9066755
90,독산2동,서울특별시 금천구 독산로58가길 68,37.4649635,126.9069891
91,독산2동,서울특별시 금천구 독산로58가길 78,37.46543734,126.9071096
92,독산2동,서울특별시 금천구 독산로58가길 47,37.46426568,126.9064331
93,독산2동,서울특별시 금천구 독산로58가길 46,37.46391654,126.9064427
94,독산2동,서울특별시 금천구 시흥대로 336,37.46360758,126.8978438
95,독산3동,서울특별시 금천구 문성로 12,37.47615061,126.9049385
96,독산3동,서울특별시 금천구 문성로 16,37.4762893,126.9054148
97,독산3동,서울특별시 금천구 문성로 22,37.47638148,126.9061068
98,독산3동,서울특별시 금천구 문성로 30,37.47645749,126.9068561
99,독산3동,서울특별시 금천구 문성로 40,37.47657022,126.9080269
100,독산3동,서울특별시 금천구 문성로 46,37.47664146,126.9086837
101,독산3동,서울특별시 금천구 문성로 31,37.47684198,126.9071148
102,독산3동,서울특별시 금천구 문성로 13,37.47656243,126.9051164
103,독산3동,서울특별시 금천구 문성로1길 28,37.47761308,126.9045383
104,독산3동,서울특별시 금천구 독산로106길 9,37.47812524,126.9042406
105,독산3동,서울특별시 금천구 문성로1길 47,37.47854045,126.9043848
106,독산3동,서울특별시 금천구 독산로108길 9,37.47945294,126.9045343
107,독산3동,서울특별시 금천구 문성로5길 33,37.47838738,126.9049559
108,독산3동,서울특별시 금천구 문성로5가길 13,37.47915511,126.9058309
109,독산3동,서울특별시 금천구 남부순환로126길 36,37.47866936,126.9063731
110,독산3동,서울특별시 금천구 남부순환로126길 48,37.47814773,126.9067926
111,독산3동,서울특별시 금천구 독산로106길 70,37.47823282,126.9077462
112,독산3동,서울특별시 금천구 남부순환로126길 25,37.47926857,126.9072194
113,독산3동,서울특별시 금천구 독산로108길 44,37.47949493,126.9063493
114,독산3동,서울특별시 금천구 문성로 35-6,37.47705548,126.9077668
115,독산3동,서울특별시 금천구 문성로3길 100,37.47747305,126.9099128
116,독산3동,서울특별시 금천구 독산로108길 91,37.48021492,126.9089887
117,독산3동,서울특별시 금천구 남부순환로130길 20,,
118,독산3동,서울특별시 금천구 독산로107길 13,37.47788518,126.9027669
119,독산3동,서울특별시 금천구 남부순환로 1362,37.47930142,126.9021521
120,독산3동,서울특별시 금천구 남부순환로122길 10,37.47895311,126.9020652
121,독산3동,서울특별시 금천구 독산로109길 48,37.4788624,126.9011257
122,독산3동,서울특별시 금천구 시흥대로152길 15,37.47696919,126.8998262
123,독산3동,서울특별시 금천구 시흥대로150길 11-17,37.47653459,126.8994523
124,독산3동,서울특별시 금천구 시흥대로150길 21,37.4758399,126.9000786
125,독산3동,서울특별시 금천구 시흥대로152길 25,37.47758559,126.8999594
126,독산3동,서울특별시 금천구 남부순환로120길 17-21,37.47774933,126.9018091
127,독산3동,서울특별시 금천구 시흥대로150길 81,37.47748375,126.902625
128,독산3동,서울특별시 금천구 시흥대로150길 85,37.47753213,126.902726
129,독산3동,서울특별시 금천구 독산로101길 59,37.47767357,126.9028148
130,독산3동,서울특별시 금천구 남부순환로132길 7,37.48018196,126.9083072
131,독산3동,서울특별시 금천구 독산로101길 11,37.47564948,126.9026265
132,독산3동,서울특별시 금천구 독산로101길 1,37.4751159,126.902624
133,독산3동,서울특별시 금천구 독산로99길 17,37.47493507,126.9024052
134,독산3동,서울특별시 금천구 시흥대로146길 18,37.47387704,126.8997513
135,독산3동,서울특별시 금천구 독산로102길 25,37.47585281,126.9050265
136,독산3동,서울특별시 금천구 독산로96길 19-12,37.47562465,126.9047679
137,독산3동,서울특별시 금천구 독산로102길 9,37.47586887,126.9041586
138,독산3동,서울특별시 금천구 독산로94길 29,37.47523599,126.9041444
139,독산3동,서울특별시 금천구 독산로92길 42,37.47372047,126.9058045
140,독산3동,서울특별시 금천구 독산로92길 26,37.47373689,126.9048189
141,독산3동,서울특별시 금천구 독산로54길 257,37.47337917,126.9059213
142,독산3동,서울특별시 금천구 독산로54길 251,37.47304315,126.905876
143,독산3동,서울특별시 금천구 독산로54길 237,37.47253164,126.9060944
144,독산3동,서울특별시 금천구 독산로 341,37.47727632,126.9034731
145,독산3동,서울특별시 금천구 독산로 335-1,37.47679702,126.9034171
146,독산3동,서울특별시 금천구 독산로 317,37.47516041,126.9031745
147,독산3동,서울특별시 금천구 독산로 299,37.47359232,126.9030945
148,독산3동,서울특별시 금천구 가산로 2,37.47099762,126.9027962
149,독산3동,서울특별시 금천구 가산로 14,37.47124589,126.9013356
150,독산3동,서울특별시 금천구 가산로 26,37.47151277,126.9001489
151,독산3동,서울특별시 금천구 독산로93길 18,37.47405971,126.9022657
152,독산3동,서울특별시 금천구 남부순환로120길 48,37.4770498,126.9009703
153,독산4동,서울특별시 금천구 시흥대로112길 11,37.46763813,126.899267
154,독산4동,서울특별시 금천구 시흥대로110길 12,37.46692367,126.8992107
155,독산4동,서울특별시 금천구 독산로82길 43,37.47156765,126.9063171
156,독산4동,서울특별시 금천구 독산로78다길 19,37.46963572,126.9051023
157,독산4동,서울특별시 금천구 독산로80길 62,37.4695408,126.9056068
158,독산4동,서울특별시 금천구 독산로70길 103-5,37.46860228,126.9068233
159,독산4동,서울특별시 금천구 독산로70길 96-5,37.46808435,126.9070199
160,독산4동,서울특별시 금천구 독산로70길 96-20,37.46748574,126.9071576
161,독산4동,서울특별시 금천구 독산로70길 96-16,37.46759664,126.9071342
162,독산4동,서울특별시 금천구 가산로 19,37.47103892,126.9007857
163,독산4동,서울특별시 금천구 가산로 5,37.47074468,126.9021114
164,독산4동,서울특별시 금천구 독산로 263,37.47018496,126.9025298
165,독산4동,서울특별시 금천구 독산로 233,37.4674735,126.9016108
166,독산4동,서울특별시 금천구 범안로 1249,37.46664321,126.9008468
167,독산4동,서울특별시 금천구 범안로 1239,37.46663228,126.8995297
168,독산4동,서울특별시 금천구 독산로 251-1,37.46932767,126.9022344
169,독산4동,서울특별시 금천구 독산로80길 13,37.47118218,126.9039408
170,독산4동,서울특별시 금천구 독산로72길 70,37.46912272,126.9054852
171,시흥1동,서울특별시 금천구 독산로 109,37.45701979,126.9052526
172,시흥1동,서울특별시 금천구 독산로 105,37.45677457,126.9053009
173,시흥1동,서울특별시 금천구 독산로 75,37.45408437,126.9059126
174,시흥1동,서울특별시 금천구 금하로 669,37.45306325,126.9050157
175,시흥1동,서울특별시 금천구 금하로14길 22,37.452483,126.9038994
176,시흥1동,서울특별시 금천구 독산로 45,37.45133532,126.9057252
177,시흥1동,서울특별시 금천구 시흥대로50길 12-11,37.45089995,126.9030537
178,시흥1동,서울특별시 금천구 은행나무로 14,37.45012821,126.9041387
179,시흥1동,서울특별시 금천구 독산로 25-1,37.44974161,126.9053963
180,시흥1동,서울특별시 금천구 독산로 3,37.44876316,126.9035595
181,시흥1동,서울특별시 금천구 시흥대로41길 40,37.44899177,126.901948
182,시흥1동,서울특별시 금천구 시흥대로 179,37.44991287,126.9018295
183,시흥1동,서울특별시 금천구 시흥대로45길 29,37.44868048,126.9005606
184,시흥1동,서울특별시 금천구 시흥대로47길 28-6,37.45011741,126.9007655
185,시흥1동,서울특별시 금천구 시흥대로51길 93-17,37.45059407,126.8972051
186,시흥1동,서울특별시 금천구 시흥대로51길 87,37.45123655,126.8968611
187,시흥1동,서울특별시 금천구 시흥대로57길 19-51,37.45264257,126.8998882
188,시흥1동,서울특별시 금천구 시흥대로59길 35,37.45293945,126.8986183
189,시흥1동,서울특별시 금천구 시흥대로59길 22,37.45342242,126.8993875
190,시흥1동,서울특별시 금천구 금하로 611,37.45448034,126.8992204
191,시흥1동,서울특별시 금천구 금하로5길 22,37.45432676,126.8978992
192,시흥1동,서울특별시 금천구 시흥대로77길 32,37.4581058,126.897187
193,시흥1동,서울특별시 금천구 시흥대로79길 15,37.45889029,126.8976815
194,시흥1동,서울특별시 금천구 시흥대로 269,37.45765662,126.8989418
195,시흥1동,서울특별시 금천구 시흥대로63길 29,37.45503108,126.8980062
196,시흥1동,서울특별시 금천구 독산로45나길 15,37.4606163,126.9030722
197,시흥1동,서울특별시 금천구 독산로43가길 20,37.46044713,126.9032211
198,시흥1동,서울특별시 금천구 독산로41길 93,37.45711792,126.9014056
199,시흥1동,서울특별시 금천구 시흥대로70길 20,37.45668126,126.9010568
200,시흥1동,서울특별시 금천구 시흥대로70길 13,37.45684105,126.9007828
201,시흥1동,서울특별시 금천구 독산로35길 51-11,37.45882213,126.9025367
202,시흥1동,서울특별시 금천구 시흥대로51길 11-8,37.45082183,126.900987
203,시흥1동,서울특별시 금천구 시흥대로72길 13,37.45717302,126.9002911
204,시흥2동,서울특별시 금천구 탑골로10길 3,37.45187583,126.91474
205,시흥2동,서울특별시 금천구 탑골로 77,37.45323316,126.9170693
206,시흥2동,서울특별시 금천구 탑골로 71,37.45284415,126.9164987
207,시흥2동,서울특별시 금천구 탑골로11길 1,37.45235545,126.9153812
208,시흥3동,서울특별시 금천구 시흥대로2길 60-15,37.43453402,126.9068744
209,시흥3동,서울특별시 금천구 시흥대로2길 57-10,,
210,시흥3동,서울특별시 금천구 시흥대로2길 57-21,37.43572429,126.9057757
211,시흥3동,서울특별시 금천구 시흥대로2길 35-12,,
212,시흥3동,서울특별시 금천구 시흥대로6길 35-21,37.43703961,126.9045587
213,시흥3동,서울특별시 금천구 시흥대로24길 7,,
214,시흥3동,서울특별시 금천구 시흥대로2길 47,37.43500446,126.9058716
215,시흥3동,서울특별시 금천구 시흥대로2길 55,37.43509866,126.9061609
216,시흥3동,서울특별시 금천구 시흥대로2길 52-3,37.43474434,126.9065588
217,시흥3동,서울특별시 금천구 시흥대로2길 52-20,,
218,시흥3동,서울특별시 금천구 시흥대로2길 44-20,,
219,시흥3동,서울특별시 금천구 시흥대로2길 44-16,37.43418036,126.9058368
220,시흥3동,서울특별시 금천구 시흥대로2길 44-3,37.43470374,126.9060345
221,시흥3동,서울특별시 금천구 시흥대로2길 18,37.4346521,126.9043344
222,시흥3동,서울특별시 금천구 시흥대로2길 8-51,37.43423249,126.904775
223,시흥3동,서울특별시 금천구 시흥대로2길 8-41,37.43415929,126.9053982
224,시흥3동,서울특별시 금천구 시흥대로2길 36-16,,
225,시흥3동,서울특별시 금천구 시흥대로 120-8,37.44472235,126.9045134
226,시흥3동,서울특별시 금천구 시흥대로36길 18-13,37.44368886,126.9057265
227,시흥3동,서울특별시 금천구 시흥대로28길 35-24,37.4434616,126.9062607
228,시흥3동,서울특별시 금천구 시흥대로36길 36,37.44409346,126.9056608
229,시흥3동,서울특별시 금천구 시흥대로32길 9,37.44286795,126.9050534
230,시흥3동,서울특별시 금천구 시흥대로28길 35-6,37.44264932,126.9061208
231,시흥3동,서울특별시 금천구 시흥대로34길 22,37.44299769,126.9058257
232,시흥3동,서울특별시 금천구 시흥대로34길 6,37.44304294,126.9049538
233,시흥3동,서울특별시 금천구 시흥대로36길 11,,
234,시흥3동,서울특별시 금천구 시흥대로26길 23,37.44193017,126.9050484
235,시흥3동,서울특별시 금천구 시흥대로26길 41,37.44197852,126.9061293
236,시흥3동,서울특별시 금천구 시흥대로26길 69-10,37.44229699,126.907687
237,시흥3동,서울특별시 금천구 시흥대로28길 54,37.44238062,126.9069025
238,시흥3동,서울특별시 금천구 시흥대로28길 47-7,37.44274163,126.9062961
239,시흥3동,서울특별시 금천구 시흥대로20길 21,37.44132203,126.9042103
240,시흥3동,서울특별시 금천구 시흥대로12길 9-21,37.44007597,126.9040457
241,시흥3동,서울특별시 금천구 시흥대로14길 6,37.43941195,126.9044135
242,시흥3동,서울특별시 금천구 시흥대로12길 9,37.43940614,126.9039132
243,시흥3동,서울특별시 금천구 시흥대로12길 21,37.43918089,126.9046603
244,시흥3동,서울특별시 금천구 시흥대로12길 33,37.43915078,126.9053476
245,시흥3동,서울특별시 금천구 시흥대로14길 26,37.43933203,126.9055306
246,시흥3동,서울특별시 금천구 시흥대로14길 20,37.43933831,126.9051554
247,시흥3동,서울특별시 금천구 시흥대로14길 12,37.43936515,126.9047409
248,시흥3동,서울특별시 금천구 시흥대로14길 9,37.43960559,126.9046447
249,시흥3동,서울특별시 금천구 시흥대로16길 30,37.43984191,126.905865
250,시흥3동,서울특별시 금천구 시흥대로16길 34,37.43985167,126.906128
251,시흥3동,서울특별시 금천구 시흥대로16길 47,37.44030561,126.9069374
252,시흥3동,서울특별시 금천구 시흥대로12길 75,37.44006883,126.907171
253,시흥3동,서울특별시 금천구 시흥대로12길 72-1,,
254,시흥3동,서울특별시 금천구 시흥대로36길 74,37.44266915,126.9069259
255,시흥3동,서울특별시 금천구 시흥대로36길 61,37.44371187,126.907361
256,시흥3동,서울특별시 금천구 시흥대로22길 17,37.44105781,126.9053911
257,시흥3동,서울특별시 금천구 시흥대로22길 23,37.44101282,126.9056884
258,시흥3동,서울특별시 금천구 시흥대로22길 29,37.44101494,126.9060921
259,시흥3동,서울특별시 금천구 시흥대로22길 35,37.44101956,126.9063485
260,시흥3동,서울특별시 금천구 시흥대로24길 50,37.44127366,126.9071654
261,시흥3동,서울특별시 금천구 시흥대로24길 33,,
262,시흥3동,서울특별시 금천구 시흥대로24길 27-1,,
263,시흥3동,서울특별시 금천구 시흥대로24길 23,37.44150465,126.9057626
264,시흥3동,서울특별시 금천구 시흥대로24길 8,37.44121899,126.9048057
265,시흥3동,서울특별시 금천구 시흥대로16길 8,37.43982921,126.9046364
266,시흥3동,서울특별시 금천구 시흥대로16길 21,37.44008199,126.90536
267,시흥3동,서울특별시 금천구 시흥대로16길 25,37.44007662,126.9056299
268,시흥3동,서울특별시 금천구 시흥대로18길 56,37.44029342,126.9066655
269,시흥3동,서울특별시 금천구 시흥대로18길 46,37.4402992,126.9061194
270,시흥3동,서울특별시 금천구 시흥대로18길 35,37.4405633,126.9056872
271,시흥3동,서울특별시 금천구 시흥대로18길 19,37.44068184,126.9047482
272,시흥3동,서울특별시 금천구 시흥대로20길 4,37.44058146,126.9045091
273,시흥3동,서울특별시 금천구 시흥대로38길 43,37.44561531,126.9044743
274,시흥3동,서울특별시 금천구 시흥대로38길 47,37.44578736,126.9044259
275,시흥3동,서울특별시 금천구 시흥대로38길 51,37.44595628,126.9044
276,시흥3동,서울특별시 금천구 시흥대로38길 55,37.44612528,126.9043629
277,시흥3동,서울특별시 금천구 시흥대로20길 10,37.44079174,126.9044945
278,시흥3동,서울특별시 금천구 시흥대로38길 7-7,37.44424935,126.9043325
279,시흥4동,서울특별시 금천구 독산로44길 24,37.4609544,126.9061346
280,시흥4동,서울특별시 금천구 독산로44나길 22,37.46203842,126.9059206
281,시흥4동,서울특별시 금천구 독산로44나길 27,37.46225203,126.9056706
282,시흥4동,서울특별시 금천구 독산로50길 60-12,37.46208271,126.9078209
283,시흥4동,서울특별시 금천구 독산로40길 78,37.46143359,126.9087037
284,시흥4동,서울특별시 금천구 독산로40길 97,37.46202291,126.9094816
285,시흥4동,서울특별시 금천구 독산로50나길 16,37.46244011,126.9109407
286,시흥4동,서울특별시 금천구 독산로50길 155,37.46209233,126.9127783
287,시흥4동,서울특별시 금천구 독산로50길 163-10,37.46140982,126.9131414
288,시흥4동,서울특별시 금천구 독산로50마길 39-12,37.46124609,126.9131228
289,시흥4동,서울특별시 금천구 독산로50다길 25,37.46122684,126.9107481
290,시흥4동,서울특별시 금천구 독산로36길 105,37.46129567,126.910021
291,시흥4동,서울특별시 금천구 독산로40길 84-10,37.46128341,126.9089651
292,시흥4동,서울특별시 금천구 독산로50다길 8-17,37.46137215,126.9096464
293,시흥4동,서울특별시 금천구 독산로50다길 32,37.46082738,126.9105808
294,시흥4동,서울특별시 금천구 독산로50다길 86,37.46003773,126.908333
295,시흥4동,서울특별시 금천구 독산로36나길 7-12,37.46014332,126.9081004
296,시흥4동,서울특별시 금천구 독산로36길 74-3,37.46054869,126.9084479
297,시흥4동,서울특별시 금천구 독산로36길 73,37.4609272,126.9084424
298,시흥4동,서울특별시 금천구 독산로36길 36,37.4594883,126.9069603
299,시흥4동,서울특별시 금천구 독산로32다길 15,37.4591234,126.9066361
300,시흥4동,서울특별시 금천구 독산로32나길 32-10,37.45838325,126.9079374
301,시흥4동,서울특별시 금천구 독산로28길 23,37.45649717,126.9071439
302,시흥4동,서울특별시 금천구 독산로24라길 22,37.45497819,126.9082221
303,시흥4동,서울특별시 금천구 독산로24마길 31,37.45497998,126.9091461
304,시흥4동,서울특별시 금천구 독산로24마길 30,37.45458796,126.9090376
305,시흥4동,서울특별시 금천구 독산로 132,37.45899424,126.9053364
306,시흥4동,서울특별시 금천구 독산로50가길 70,37.46344404,126.9107326
307,시흥4동,서울특별시 금천구 독산로50길 169,37.46143422,126.9126413
308,시흥4동,서울특별시 금천구 독산로50길 180,37.46114869,126.9122752
309,시흥4동,서울특별시 금천구 독산로50마길 14,37.46083296,126.9113989
310,시흥4동,서울특별시 금천구 독산로50길 140,37.46193497,126.9119782
311,시흥4동,서울특별시 금천구 독산로44길 79,37.46225728,126.9089136
312,시흥4동,서울특별시 금천구 독산로44다길 10,37.46158551,126.9066422
313,시흥4동,서울특별시 금천구 독산로32가길 7,37.45775164,126.9059926
314,시흥5동,서울특별시 금천구 은행나무로10길 3,37.45070611,126.9068279
315,시흥5동,서울특별시 금천구 시흥대로40길 111,37.44639012,126.9090745
316,시흥5동,서울특별시 금천구 시흥대로40다길 2,37.44758531,126.9063016
317,시흥5동,서울특별시 금천구 독산로6가길 13,37.44885659,126.9056722
318,시흥5동,서울특별시 금천구 시흥대로40길 40,37.44741764,126.9058629
319,시흥5동,서울특별시 금천구 시흥대로40길 167,37.44777041,126.9111334
320,시흥5동,서울특별시 금천구 시흥대로40길 177,37.44818224,126.9112161
321,시흥5동,서울특별시 금천구 금하로24나길 48,37.44813119,126.9106764
322,시흥5동,서울특별시 금천구 시흥대로40길 25,37.44771072,126.9050538
323,시흥5동,서울특별시 금천구 금하로23길 70,37.45424553,126.9093364
324,시흥5동,서울특별시 금천구 금하로23길 52,37.45357717,126.9093428
325,시흥5동,서울특별시 금천구 금하로23가길 21,37.45176069,126.9098875
326,시흥5동,서울특별시 금천구 탑골로2길 19,37.45141997,126.9118572
327,시흥5동,서울특별시 금천구 탑골로3길 5,37.45229908,126.9113661
328,시흥5동,서울특별시 금천구 탑골로3길 28,37.45243705,126.912611
329,시흥5동,서울특별시 금천구 독산로22길 65,37.45311216,126.9098239
330,시흥5동,서울특별시 금천구 독산로22길 57-1,37.45328083,126.9097128
331,시흥5동,서울특별시 금천구 금하로23라길 17-7,37.45391088,126.9096632
332,시흥5동,서울특별시 금천구 탑골로5길 29-1,37.45346463,126.911358
333,시흥5동,서울특별시 금천구 탑골로5길 53,37.45406125,126.9121733
334,시흥5동,서울특별시 금천구 금하로23다길 13,37.4526288,126.9095097
335,시흥5동,서울특별시 금천구 탑골로3가길 23,37.45275341,126.9104667
