연번,행정동,주소,데이터기준일자
1,구로2동,구일로 90-11,2025-06-10
2,구로2동,벚꽃로 378,2025-06-10
3,구로2동,가마산로20길 21,2025-06-10
4,구로2동,구로동로28길 33-30,2025-06-10
5,구로2동,구로동로28길 33-30,2025-06-10
6,구로2동,가마산로20라길 29,2025-06-10
7,구로2동,가마산로22길 54,2025-06-10
8,구로2동,가마산로22길 48,2025-06-10
9,구로2동,가마산로20나길 26-1,2025-06-10
10,구로2동,가마산로22길 19,2025-06-10
11,구로2동,구로중앙로 37,2025-06-10
12,구로2동,구로중앙로19길 5,2025-06-10
13,구로2동,가마산로20가길 8-2,2025-06-10
14,구로2동,구로동로42길 15,2025-06-10
15,구로2동,구로중앙로27길 66,2025-06-10
16,구로2동,구로동로43길 10,2025-06-10
17,구로2동,구로동로43길 44-6,2025-06-10
18,구로2동,벚꽃로 13,2025-06-10
19,구로2동,벚꽃로 78길 2,2025-06-10
20,구로2동,벚꽃로 484,2025-06-10
21,구로2동,벚꽃로 78길 19-12,2025-06-10
22,구로2동,구로동 474-21,2025-06-10
23,구로2동,구로동로49길 18,2025-06-10
24,구로2동,구로동로 221,2025-06-10
25,구로2동,구로동로 207,2025-06-10
26,구로2동,구로동로 175,2025-06-10
27,구로2동,구로동로 415-5,2025-06-10
28,구로2동,구로동로35길 22,2025-06-10
29,구로2동,가마산로 117,2025-06-10
30,구로2동,벚꽃로 398,2025-06-10
31,구로2동,가마산로 159-14,2025-06-10
32,구로2동,벚꽃로 412-1,2025-06-10
33,구로2동,벚꽃로74길 2,2025-06-10
34,구로2동,벚꽃로74길 1,2025-06-10
35,구로2동,구로동로43길 41,2025-06-10
36,구로2동,구로동로43길 13,2025-06-10
37,구로2동,구로동로29길 3,2025-06-10
38,구로2동,구로동로 119-1,2025-06-10
39,구로2동,구로동로 87,2025-06-10
40,구로3동,시흥대로161길 24,2025-06-10
41,구로3동,시흥대로161길 32,2025-06-10
42,구로3동,시흥대로161길 36-6,2025-06-10
43,구로3동,디지털로32가길 98,2025-06-10
44,구로3동,디지털로32가길 98,2025-06-10
45,구로3동,디지털로32가길 82,2025-06-10
46,구로3동,시흥대로 163길 21,2025-06-10
47,구로3동,시흥대로 161가길 4,2025-06-10
48,구로3동,시흥대로 161가길 23-5,2025-06-10
49,구로3동,시흥대로 161가길 26,2025-06-10
50,구로3동,디지털로32다길 46-9,2025-06-10
51,구로4동,구로동로 22길 82,2025-06-10
52,구로4동,구로동로 22길 74,2025-06-10
53,구로4동,구로동로 8길 91,2025-06-10
54,구로5동,가마산로 268,2025-06-10
55,구로5동,가마산로26길 10,2025-06-10
56,구로5동,가마산로26길 10,2025-06-10
57,구로5동,가마산로 282,2025-06-10
58,구로5동,구로중앙로22길 39-2,2025-06-10
59,구로5동,구로중앙로22길 53,2025-06-10
60,구로5동,가마산로27길 60,2025-06-10
61,구로5동,공원로 15-12,2025-06-10
62,구로5동,공원로 21,2025-06-10
63,구로5동,가마산로 25길 9-13,2025-06-10
64,구로5동,가마산로 25길 12,2025-06-10
65,구로5동,가마산로 27길 11-15,2025-06-10
66,구로5동,가마산로 27길 7,2025-06-10
67,구로5동,구로중앙로18길 71,2025-06-10
68,구로5동,구로중앙로18길 64,2025-06-10
69,구로5동,구로동 98-14,2025-06-10
70,구로5동,구로중앙로 86,2025-06-10
71,구로5동,구로중앙로26길 16-1,2025-06-10
72,구로5동,구로중앙로 108,2025-06-10
73,구로5동,구로중앙로 107,2025-06-10
74,구로5동,구로중앙로28길 40,2025-06-10
75,구로5동,구로중앙로28길 73,2025-06-10
76,구로5동,구로중앙로28다길 12,2025-06-10
77,구로5동,구로중앙로28다길 12,2025-06-10
78,구로5동,구로동 546-4,2025-06-10
79,구로5동,구로동 546-4,2025-06-10
80,구로5동,공원로11길 15,2025-06-10
81,구로5동,공원로11가길 10,2025-06-10
82,구로5동,공원로7길 40,2025-06-10
83,구로5동,구로중앙로28길 31-31,2025-06-10
84,구로5동,구로중앙로28길 31-23,2025-06-10
85,구로5동,구로중앙로28길 31-7,2025-06-10
86,구로5동,구로중앙로28가길 37,2025-06-10
87,구로5동,구로중앙로32가길 30,2025-06-10
88,구로5동,구로중앙로32가길 53,2025-06-10
89,구로5동,구로중앙로32가길 64,2025-06-10
90,구로5동,구로중앙로32가길 88,2025-06-10
91,구로5동,새말로12길 21,2025-06-10
92,구로5동,구로중앙로34길 44-,2025-06-10
93,구로5동,구로중앙로32가길 40,2025-06-10
94,구로5동,새말로 18-45,2025-06-10
95,구로5동,새말로 38,2025-06-10
96,구로5동,새말로 41,2025-06-10
97,구로5동,새말로 9길 49,2025-06-10
98,구로5동,새말로 18길 20-15,2025-06-10
99,구로5동,공원로6나길 43-15,2025-06-10
100,구로5동,새말로 18길 20-29,2025-06-10
101,구로5동,공원로6나길 29-22,2025-06-10
102,구로5동,공원로6다길 8,2025-06-10
103,구로5동,공원로8길 31,2025-06-10
104,구로5동,공원로8길 30-13,2025-06-10
105,구로5동,새말로18길 42,2025-06-10
106,가리봉동,가리봉동 132-59,2025-06-10
107,가리봉동,디지털로27길 33,2025-06-10
108,고척2동,고척로31길 78,2025-06-10
109,고척2동,고척로27마길 26-1,2025-06-10
110,고척2동,고척로33길 97,2025-06-10
111,고척2동,고척로27바길 47,2025-06-10
112,고척2동,척로27바길 64,2025-06-10
113,고척2동,고척로33라길 13,2025-06-10
114,고척2동,고척로33라길 5,2025-06-10
115,고척2동,고척로27다길 55-12,2025-06-10
116,고척2동,척로33다길 18,2025-06-10
117,고척2동,고척로27다길 48,2025-06-10
118,고척2동,고척동 241-239,2025-06-10
119,고척2동,고척로51가길 2,2025-06-10
120,고척2동,고척로51길 64-4,2025-06-10
121,고척2동,고척동 226-37,2025-06-10
122,고척2동,고척로47길 55-12,2025-06-10
123,고척2동,고척로51길 40,2025-06-10
124,고척2동,고척로51길 33,2025-06-10
125,고척2동,고척로51길 16,2025-06-10
126,고척2동,고척로47길 16,2025-06-10
127,고척2동,고척로47길 27,2025-06-10
128,고척2동,고척로51길 50,2025-06-10
129,고척2동,고척로 183-13,2025-06-10
130,고척2동,중앙로13길 9,2025-06-10
131,고척2동,고척로60길 13,2025-06-10
132,고척2동,고척로54길 37,2025-06-10
133,고척2동,고척로52가길 13,2025-06-10
134,고척2동,고척로48길 31,2025-06-10
135,고척2동,고척로52가길 49,2025-06-10
136,고척2동,고척로52가길 65,2025-06-10
137,고척2동,고척로52가길 73,2025-06-10
138,고척2동,경인로35길 140,2025-06-10
139,고척2동,경인로35나길 17,2025-06-10
140,고척2동,경인로35나길 19-14,2025-06-10
141,개봉1동,구로구 경인로 35길 64-10,2025-06-10
142,개봉1동,구로구 경인로 35길 64-18,2025-06-10
143,개봉1동,구로구 고척로 52마길 33,2025-06-10
144,개봉1동,구로구 고척로 52마길 29,2025-06-10
145,개봉1동,구로구 고척로 52마길 7,2025-06-10
146,개봉1동,구로구 고척로 52라길 19-28,2025-06-10
147,개봉1동,구로구 고척로 52길 74,2025-06-10
148,개봉1동,구로구 고척로 52라길 5-16,2025-06-10
149,개봉1동,구로구 고척로 52라길 43,2025-06-10
150,개봉1동,구로구 고척로 52라길 11-11,2025-06-10
151,개봉1동,구로구 고척로 52라길 19-4,2025-06-10
152,개봉1동,구로구 고척로 52라길 5,2025-06-10
153,개봉1동,구로구 고척로 27바길 7,2025-06-10
154,개봉1동,구로구 고척로 20길 54,2025-06-10
155,개봉1동,구로구 개봉로 23가길 91,2025-06-10
156,개봉1동,구로구 개봉로 23가길 70,2025-06-10
157,개봉1동,구로구 경인로 40길 32-9,2025-06-10
158,개봉1동,구로구 개봉로 24길 31,2025-06-10
159,개봉1동,구로구 경인로 38길 20,2025-06-10
160,개봉1동,구로구 개봉로 18길 23,2025-06-10
161,개봉2동,구로구 개봉로 15길 10-17,2025-06-10
162,개봉2동,구로구 개봉로 15길 18-19,2025-06-10
163,개봉2동,구로구 개봉로 15길 46-10,2025-06-10
164,개봉2동,구로구 개봉로 15길 58-5,2025-06-10
165,개봉2동,구로구 개봉로 15길 70,2025-06-10
166,개봉2동,구로구 개봉로 15길 70,2025-06-10
167,개봉2동,구로구 개봉로 15길 72,2025-06-10
168,개봉2동,구로구 개봉로 15길 84-3,2025-06-10
169,개봉2동,구로구 개봉로 15길 94,2025-06-10
170,개봉2동,구로구 개봉로 15길 74-18,2025-06-10
171,개봉2동,구로구 개봉로 17길 83,2025-06-10
172,개봉2동,구로구 개봉로 15길 74-27,2025-06-10
173,개봉2동,구로구 개봉로 17길 65,2025-06-10
174,개봉2동,구로구 개봉로 17길 58,2025-06-10
175,개봉2동,구로구 개봉로 17마길 8,2025-06-10
176,개봉2동,구로구 개봉로 17길 30-8,2025-06-10
177,개봉2동,구로구 개봉로 17가길 15,2025-06-10
178,개봉2동,구로구 개봉로 17길 18-11,2025-06-10
179,개봉2동,구로구 개봉로 17가길 36,2025-06-10
180,개봉2동,구로구 개봉로 17나길 2,2025-06-10
181,개봉2동,구로구 개봉로 17다길 6,2025-06-10
182,개봉2동,구로구 개봉로 17나길 16,2025-06-10
183,개봉2동,구로구 개봉로 17다길 36,2025-06-10
184,개봉2동,구로구 개봉로 19길 85,2025-06-10
185,개봉2동,구로구 개봉로 17나길 60,2025-06-10
186,개봉2동,구로구 개봉로 17다길 62,2025-06-10
187,개봉2동,구로구 개봉로 17아길 41,2025-06-10
188,개봉2동,구로구 개봉로 17바길 53,2025-06-10
189,개봉2동,구로구 개봉로 17바길 70,2025-06-10
190,개봉2동,구로구 개봉로 17아길 57,2025-06-10
191,개봉2동,구로구 개봉로 17아길 41-22,2025-06-10
192,개봉2동,구로구 개봉로 17아길 51-10,2025-06-10
193,개봉2동,구로구 서해안로 34가길 50,2025-06-10
194,개봉2동,구로구 개봉로 19길 133,2025-06-10
195,개봉2동,구로구 개봉로 17나길 100-13,2025-06-10
196,개봉2동,구로구 개봉로 17나길 111,2025-06-10
197,개봉2동,구로구 서해안로 34길 16,2025-06-10
198,개봉2동,구로구 서해안로 34길 10-7,2025-06-10
199,개봉2동,구로구 서해안로 34길 10,2025-06-10
200,개봉2동,구로구 서해안로 34가길 27,2025-06-10
201,개봉2동,구로구 서해안로 34가길 13,2025-06-10
202,개봉2동,구로구 서해안로 2378,2025-06-10
203,개봉2동,구로구 서해안로 2368,2025-06-10
204,개봉3동,구로구 개봉로 3가길 82-39,2025-06-10
205,개봉3동,구로구 개봉로 3가길 88-26,2025-06-10
206,개봉3동,구로구 개봉로 1길 158,2025-06-10
207,개봉3동,구로구 개봉로 1라길 4-1,2025-06-10
208,개봉3동,구로구 개봉로 1다길 33-3,2025-06-10
209,개봉3동,구로구 개봉로 1다길 13-25,2025-06-10
210,개봉3동,구로구 개봉로 1길 106,2025-06-10
211,개봉3동,구로구 개봉로 3가길 87,2025-06-10
212,개봉3동,구로구 개봉로 3가길 69,2025-06-10
213,개봉3동,구로구 개봉로 1나길 1,2025-06-10
214,개봉3동,구로구 개봉로 1길 50,2025-06-10
215,개봉3동,구로구 개봉로 3가길 40,2025-06-10
216,개봉3동,구로구 개봉로 1나길 34,2025-06-10
217,개봉3동,구로구 개봉로 1나길 44,2025-06-10
218,개봉3동,구로구 개봉로 3길 102,2025-06-10
219,개봉3동,구로구 개봉로 5길 73,2025-06-10
220,개봉3동,구로구 개봉로 5길 59,2025-06-10
221,개봉3동,구로구 개봉로 5길 37,2025-06-10
222,개봉3동,구로구 개봉로 3길 69,2025-06-10
223,개봉3동,구로구 개봉로 1나길 46-17,2025-06-10
224,개봉3동,구로구 개봉로 1가길 37,2025-06-10
225,개봉3동,구로구 개봉로 3길 43,2025-06-10
226,개봉3동,구로구 개봉로 1길 30,2025-06-10
227,개봉3동,구로구 개봉로 1가길 11,2025-06-10
228,개봉3동,구로구 개봉로 1길 22,2025-06-10
229,개봉3동,구로구 개봉로 6길 12-5,2025-06-10
230,개봉3동,구로구 개봉로 10길 22,2025-06-10
231,개봉3동,구로구 개봉로 10길 35,2025-06-10
232,개봉3동,구로구 개봉로 12길 38,2025-06-10
233,개봉3동,구로구 개봉로 14길 26,2025-06-10
234,개봉3동,구로구 개봉로 2길 87-1,2025-06-10
235,개봉3동,구로구 개봉로 2길 75-10,2025-06-10
236,개봉3동,구로구 개봉로 2길 87-15,2025-06-10
237,개봉3동,구로구 개봉로 5길 6,2025-06-10
238,개봉3동,구로구 개봉로 5길 32,2025-06-10
239,개봉3동,구로구 개봉로 5길 22,2025-06-10
240,개봉3동,구로구 개봉로 11길 27-14,2025-06-10
241,개봉3동,구로구 개봉로 11길 27,2025-06-10
242,개봉3동,구로구 개봉로 11길 55-18,2025-06-10
243,개봉3동,구로구 개봉로 11길 45-4,2025-06-10
244,개봉3동,구로구 개봉로 11길 66-40,2025-06-10
245,개봉3동,구로구 개봉로 11길 66,2025-06-10
246,개봉3동,구로구 개봉로 11길 28-3,2025-06-10
247,개봉3동,구로구 개봉로 11길 18-7,2025-06-10
248,개봉3동,구로구 개봉로 11길 10-30,2025-06-10
249,개봉3동,구로구 개봉로 12길 9-10,2025-06-10
250,개봉3동,구로구 개봉로 14길 7,2025-06-10
251,개봉3동,구로구 개봉로 12길 9-19,2025-06-10
252,개봉3동,구로구 개봉로 11길 10-38,2025-06-10
253,개봉3동,구로구 개봉로 11길 46-26,2025-06-10
254,개봉3동,구로구 개봉로 11가길 30,2025-06-10
255,개봉3동,구로구 개봉로 15길 33,2025-06-10
256,개봉3동,구로구 개봉로 11길 38-40,2025-06-10
257,개봉3동,구로구 개봉로 15길 49,2025-06-10
258,오류1동,경서로7가길 3,2025-06-10
259,오류1동,경서로7길 27,2025-06-10
260,오류1동,경인로19가길 40,2025-06-10
261,오류1동,경인로27길 20-5,2025-06-10
262,오류1동,경인로27길 13,2025-06-10
263,오류1동,고척로18길 64,2025-06-10
264,오류1동,고척로16길 58,2025-06-10
265,오류1동,고척로16가길 7-4,2025-06-10
266,오류1동,고척로16길 48,2025-06-10
267,오류1동,고척로16길 31-1,2025-06-10
268,오류1동,고척로10길 50,2025-06-10
269,오류1동,고척로12길 45,2025-06-10
270,오류1동,고척로12길 35,2025-06-10
271,오류1동,고척로12길 26,2025-06-10
272,오류1동,고척로12길 15-12,2025-06-10
273,오류1동,고척로12길 15-22,2025-06-10
274,오류1동,고척로12길 16,2025-06-10
275,오류1동,고척로10길 9-12,2025-06-10
276,오류1동,고척로10길 7-2,2025-06-10
277,오류1동,고척로10길 13,2025-06-10
278,오류1동,고척로 46,2025-06-10
279,오류1동,고척로6길 3,2025-06-10
280,오류1동,고척로6길 16,2025-06-10
281,오류1동,고척로6길 36,2025-06-10
282,오류1동,고척로6길 58-1,2025-06-10
283,오류1동,고척로4길 10,2025-06-10
284,오류1동,고척로3길 42,2025-06-10
285,오류1동,고척로3길 64,2025-06-10
286,오류1동,고척로3길 77,2025-06-10
287,오류1동,고척로3길 85,2025-06-10
288,오류1동,고척로3길 99,2025-06-10
289,오류1동,고척로3길 106,2025-06-10
290,오류1동,경인로15길 113,2025-06-10
291,오류1동,경인로15길 75-31,2025-06-10
292,오류1동,경인로15길 65-16,2025-06-10
293,오류1동,경인로15길 80-16,2025-06-10
294,오류1동,경인로15길 65,2025-06-10
295,오류1동,경인로15길 58,2025-06-10
296,오류1동,고척로1길 17,2025-06-10
297,오류1동,경인로15길 17,2025-06-10
298,오류1동,경인로15길 22,2025-06-10
299,오류1동,경인로15나길 3,2025-06-10
300,오류1동,경인로15나길 12,2025-06-10
301,오류1동,경인로13길 30,2025-06-10
302,오류1동,경인로15가길 16,2025-06-10
303,오류1동,경인로15가길 37,2025-06-10
304,오류1동,경인로15가길 21,2025-06-10
305,오류1동,경인로11길 2-9,2025-06-10
306,오류1동,고척로1길 68,2025-06-10
307,오류1동,부일로989-6,2025-06-10
308,오류1동,경인로11길 4,2025-06-10
309,오류1동,경인로11길 18,2025-06-10
310,오류1동,고척로6길 11-8,2025-06-10
311,오류2동,오리로9길 30,2025-06-10
312,오류2동,오리로9길38,2025-06-10
313,오류2동,오리로7길 39-6,2025-06-10
314,오류2동,서해안로18길 5,2025-06-10
315,오류2동,서해안로 2282,2025-06-10
316,오류2동,오리로10길 44-3,2025-06-10
317,오류2동,오리로1154-7,2025-06-10
318,오류2동,오류로54-24,2025-06-10
319,오류2동,오류로8나길 21,2025-06-10
320,오류2동,오류로8나길 5,2025-06-10
321,오류2동,오류로8가길 6,2025-06-10
322,오류2동,오류로8다길 17,2025-06-10
323,오류2동,오류로8다길 31,2025-06-10
324,오류2동,오류로8가길 23,2025-06-10
325,오류2동,오류로8라길 24,2025-06-10
326,오류2동,오류로8라길 34,2025-06-10
327,오류2동,오류로8라길 52,2025-06-10
328,오류2동,오류로8길 96,2025-06-10
329,오류2동,오류로8길 130,2025-06-10
330,오류2동,서해안로 2283,2025-06-10
331,오류2동,서해안로21길 5-13,2025-06-10
332,오류2동,경인로6길 39,2025-06-10
333,오류2동,오리로13길 46,2025-06-10
334,오류2동,오리로13길 56-41,2025-06-10
335,오류2동,오리로13길 76,2025-06-10
336,오류2동,오리로13길 32,2025-06-10
337,오류2동,오리로 1197,2025-06-10
338,오류2동,서해안로 2221,2025-06-10
339,오류2동,서해안로 2209,2025-06-10
340,오류2동,서해안로 2205,2025-06-10
341,오류2동,서해안로 2205,2025-06-10
342,오류2동,오리로11길 121,2025-06-10
343,오류2동,오리로11길 71,2025-06-10
344,오류2동,서해안로 2229,2025-06-10
345,궁동,부일로19길 10,2025-06-10
346,궁동,고척로1길 77,2025-06-10
347,궁동,부일로19길 34,2025-06-10
348,궁동,경인로15나길 65-34,2025-06-10
349,궁동,부일로19길 56,2025-06-10
350,궁동,부일로19길 66,2025-06-10
351,궁동,부일로15나길 26,2025-06-10
352,궁동,부일로15나길 19-4,2025-06-10
353,궁동,부일로15나길 -22,2025-06-10
354,궁동,긍덩 184-35,2025-06-10
355,궁동,부일로17길 78,2025-06-10
356,궁동,부일로15길 13,2025-06-10
357,궁동,부일로15길 59,2025-06-10
358,궁동,부일로13길 45,2025-06-10
359,궁동,부일로11길 2,2025-06-10
360,궁동,부일로11길 20,2025-06-10
361,궁동,부일로11길 31,2025-06-10
362,궁동,부일로11길 44,2025-06-10
363,궁동,부일로11길 52,2025-06-10
364,궁동,부일로11길 77,2025-06-10
365,궁동,부일로11길 89,2025-06-10
366,궁동,부일로11길 117,2025-06-10
367,궁동,부일로11길 128,2025-06-10
368,궁동,오리로22가길 33,2025-06-10
369,궁동,오리로22나길 30,2025-06-10
370,궁동,오리로22나길 16-17,2025-06-10
371,궁동,오리로22나길 16-31,2025-06-10
372,궁동,오리로22길 46-9,2025-06-10
373,궁동,오리로22길 34,2025-06-10
374,궁동,오리로20길 61,2025-06-10
375,궁동,오리로20길 31-3,2025-06-10
376,궁동,오리로20길 28,2025-06-10
377,궁동,오리로20길 26-5,2025-06-10
378,궁동,부일로17길 103,2025-06-10
379,궁동,오리로17길 53,2025-06-10
380,궁동,오리로17길 89,2025-06-10
381,궁동,오리로21길 16-13,2025-06-10
382,궁동,오리로21길 16-22,2025-06-10
383,궁동,오리로21가길 23-22,2025-06-10
384,궁동,오리로21길 46,2025-06-10
385,궁동,오리로21길 90,2025-06-10
386,궁동,부일로9길 76,2025-06-10
387,궁동,부일로9길 82,2025-06-10
388,궁동,부일로9길 116-7,2025-06-10
389,궁동,오리로21길 64-17,2025-06-10
390,궁동,부일로7길 21,2025-06-10
391,궁동,부일로 871-16,2025-06-10
392,궁동,오리로22나길 16-17,2025-06-10
393,궁동,오리로22나길 16-31,2025-06-10
394,궁동,오리로22길 46-9,2025-06-10
395,궁동,오리로22길 34,2025-06-10
396,궁동,오리로20길 61,2025-06-10
397,궁동,오리로20길 31-3,2025-06-10
398,궁동,오리로20길 28,2025-06-10
399,궁동,오리로20길 26-5,2025-06-10
400,궁동,부일로17길 103,2025-06-10
401,궁동,오리로17길 53,2025-06-10
402,궁동,오리로17길 89,2025-06-10
403,궁동,오리로21길 16-13,2025-06-10
404,궁동,오리로21길 16-22,2025-06-10
405,궁동,오리로21가길 23-22,2025-06-10
406,궁동,오리로21길 46,2025-06-10
407,궁동,오리로21길 90,2025-06-10
408,궁동,부일로9길 76,2025-06-10
409,궁동,부일로9길 82,2025-06-10
410,궁동,부일로9길 116-7,2025-06-10
411,궁동,오리로21길 64-17,2025-06-10
412,궁동,부일로7길 21,2025-06-10
413,궁동,부일로 871-16,2025-06-10
414,온수동,부일로5길 16,2025-06-10
415,온수동,부일로1길 8,2025-06-10
416,온수동,부일로1길 16-23,2025-06-10
417,온수동,부일로1가길 21,2025-06-10
418,온수동,부일로1가길 18-26,2025-06-10
419,온수동,부일로1가길 12-24,2025-06-10
420,온수동,부일로1길 136-5,2025-06-10
421,온수동,부일로1길 128-24,2025-06-10
422,온수동,부일로1길 136-7,2025-06-10
423,온수동,부일로1길 116-1,2025-06-10
