연번,유형,도로명주소,지번주소,위치 ,위도,경도,보유 수량
1,폐형광등·폐전지통합형,서울특별시 관악구 봉천로 279-8,서울특별시 관악구 봉천동 661,보라매동주민센터,37.48817576,126.932778,1
2,폐형광등·폐전지통합형,서울특별시 관악구 봉천로13길 101,서울특별시 관악구 봉천동 682,연희빌라정문 앞,37.4923589,126.9326777,1
3,폐형광등·폐전지통합형,서울특별시 관악구 봉천로 279-8,서울특별시 관악구 봉천동 661,보라매동주민센터,37.48817576,126.932778,1
4,폐형광등·폐전지통합형,서울특별시 관악구 봉천로13다길 8,서울특별시 관악구 봉천동 673-230,적성빌라,37.49090002,126.9325749,1
5,폐형광등·폐전지통합형,서울특별시 관악구 보라매로3길 29,서울특별시 관악구 봉천동 729-32,해태보라매타워 주차장 입구,37.49121134,126.9249903,1
6,폐형광등·폐전지통합형,서울특별시 관악구 보라매로 62,서울특별시 관악구 봉천동 1698-1,보라매삼성아파트 105동 앞,37.4948015,126.9276026,1
7,폐형광등·폐전지통합형,서울특별시 관악구 보라매로 62,서울특별시 관악구 봉천동 1698-1,보라매삼성아파트 103동 앞,37.4948015,126.9276026,1
8,폐형광등·폐전지통합형,서울특별시 관악구 보라매로 62,서울특별시 관악구 봉천동 1698-1,보라매삼성아파트 101동 앞,37.4948015,126.9276026,1
9,폐형광등·폐전지통합형,서울특별시 관악구 보라매로 62,서울특별시 관악구 봉천동 1698-1,보라매삼성아파트 107동 앞,37.4948015,126.9276026,1
10,폐형광등·폐전지통합형,서울특별시 관악구 보라매로6길 33,서울특별시 관악구 봉천동 1500,해바라기아파트,37.49306366,126.928976,1
11,폐형광등·폐전지통합형,서울특별시 관악구 봉천로23다길 13,서울특별시 관악구 봉천동 1702,그린아파트,37.48769758,126.9364891,1
12,폐형광등·폐전지통합형,서울특별시 관악구 은천로5길 39,서울특별시 관악구 봉천동 645-87,복권아파트,37.48801732,126.9383172,1
13,폐건전지함,서울특별시 관악구 봉천로 279-8,서울특별시 관악구 봉천동 661,보라매동주민센터,37.48817576,126.932778,1
14,폐형광등·폐전지통합형,서울특별시 관악구 양녕로 31,서울특별시 관악구 봉천동 1708-2,두산아파트 301동,37.48515235,126.9457794,1
15,폐형광등·폐전지통합형,서울특별시 관악구 봉천로33나길 30,서울특별시 관악구 봉천동 905-29,은천동주민센터 주차장,37.48530456,126.9424095,4
16,폐건전지함,서울특별시 관악구 은천로9길 20,서울특별시 관악구 봉천동 634-45,한울작은도서관,37.48708055,126.9409749,1
17,폐형광등·폐전지통합형,서울특별시 관악구 국회단지21길 14,서울특별시 관악구 봉천동 635-68,국지경로당,37.49028104,126.94155,1
18,폐형광등·폐전지통합형,서울특별시 관악구 은천로15길 24,서울특별시 관악구 봉천동 1720,벽산블루밍 3차 605동,37.48780327,126.9443522,1
19,폐형광등·폐전지통합형,서울특별시 관악구 은천로15길 24,서울특별시 관악구 봉천동 1720,벽산블루밍 3차 604동,37.48780327,126.9443522,1
20,폐형광등·폐전지통합형,서울특별시 관악구 은천로15길 24,서울특별시 관악구 봉천동 1720,벽산블루밍 3차 601동,37.48780327,126.9443522,1
21,폐건전지함,서울특별시 관악구 은천로9길 20,서울특별시 관악구 봉천동 634-45,한울작은도서관,37.48708055,126.9409749,1
22,폐건전지함,서울특별시 관악구 봉천로33나길 30,서울특별시 관악구 봉천동 905-29,은천동주민센터 주차장,37.48530456,126.9424095,1
23,폐형광등·폐전지통합형,서울특별시 관악구 관악로 285,서울특별시 관악구 봉천동 1703,성현동아아파트 관리사무소 옆,37.48939185,126.9554433,1
24,폐형광등·폐전지통합형,서울특별시 관악구 관악로 285,서울특별시 관악구 봉천동 1703,성현동아아파트 110동,37.48939185,126.9554433,1
25,폐형광등·폐전지통합형,서울특별시 관악구 성현로 80,서울특별시 관악구 봉천동 1712,관악드림타운 115동,37.48984744,126.9529855,1
26,폐형광등·폐전지통합형,서울특별시 관악구 은천로33길 5,서울특별시 관악구 봉천동 1719,동부센트레빌아파트 106동 지하입구,37.48730012,126.9501559,1
28,폐형광등·폐전지통합형,서울특별시 관악구 구암길 38,서울특별시 관악구 봉천동 1712-9,성현동 주민센터 옆,37.48952989,126.9481596,1
29,폐형광등·폐전지통합형,서울특별시 관악구 관악로 255-7,서울특별시 관악구 봉천동 1703-6,자치회관 후문,37.48721429,126.9566329,1
30,폐형광등·폐전지통합형,서울특별시 관악구 은천로33길 5,서울특별시 관악구 봉천동 1719,관악동부센트레빌아파트 103동 옆,37.48730012,126.9501559,1
31,폐형광등·폐전지통합형,서울특별시 관악구 관악로 285,서울특별시 관악구 봉천동 1703,성현동아아파트 101동,37.48939185,126.9554433,1
32,폐형광등·폐전지통합형,서울특별시 관악구 구암길 106,서울특별시 관악구 봉천동 1712-1,관악드림타운 145동,37.49127941,126.9486646,1
33,폐형광등·폐전지통합형,서울특별시 관악구 성현로 80,서울특별시 관악구 봉천동 1712,관악드림타운 144동,37.48984744,126.9529855,1
34,폐형광등·폐전지통합형,서울특별시 관악구 성현로 80,서울특별시 관악구 봉천동 1712,관악드림타운 121동,37.48984744,126.9529855,1
35,폐형광등·폐전지통합형,서울특별시 관악구 성현로 80,서울특별시 관악구 봉천동 1712,관악드림타운 105동,37.48984744,126.9529855,1
36,폐형광등·폐전지통합형,서울특별시 관악구 성현로 80,서울특별시 관악구 봉천동 1712,관악드림타운 102동,37.48984744,126.9529855,1
37,폐형광등·폐전지통합형,서울특별시 관악구 관악로 285,서울특별시 관악구 봉천동 1703,성현동아아파트 105동,37.48939185,126.9554433,1
38,폐형광등·폐전지통합형,서울특별시 관악구 관악로37길 15,서울특별시 관악구 봉천동 7-312,"동아타운 21, CU편의점 후문",37.48895251,126.9571201,1
39,폐형광등·폐전지통합형,서울특별시 관악구 관악로37길 20,서울특별시 관악구 봉천동 1703-1,봉천동아아파트 201동 앞,37.48755544,126.9559885,1
40,폐형광등·폐전지통합형,서울특별시 관악구 관악로 285,서울특별시 관악구 봉천동 1703,봉천동아아파트 109동,37.48939185,126.9554433,1
41,폐형광등·폐전지통합형,서울특별시 관악구 성현로 80,서울특별시 관악구 봉천동 1712,관악드림타운 123동,37.48984744,126.9529855,1
42,폐형광등·폐전지통합형,서울특별시 관악구 은천로 25,서울특별시 관악구 봉천동 952-20,관악드림타운 상가 앞,37.48642557,126.9382512,1
43,폐형광등·폐전지통합형,서울특별시 관악구 관악로 285,서울특별시 관악구 봉천동 1703,성현동아아파트 상가,37.48939185,126.9554433,1
44,폐건전지함,서울특별시 관악구 성현로 80,서울특별시 관악구 봉천동 1712,관악드림타운 123동,37.48984744,126.9529855,1
45,폐건전지함,서울특별시 관악구 성현로 80,서울특별시 관악구 봉천동 1712,,37.48984744,126.9529855,1
46,폐건전지함,서울특별시 관악구 구암길 106,서울특별시 관악구 봉천동 1712-1,관악드림타운 149동,37.49127941,126.9486646,1
47,폐건전지함,서울특별시 관악구 성현로 80,서울특별시 관악구 봉천동 1712,관악드림타운 139동 및 140동 사이,37.48984744,126.9529855,1
48,폐건전지함,서울특별시 관악구 성현로 80,서울특별시 관악구 봉천동 1712,관악드림타운 127동,37.48984744,126.9529855,1
49,폐건전지함,서울특별시 관악구 성현로 80,서울특별시 관악구 봉천동 1712,관악드림타운 126동,37.48984744,126.9529855,1
50,폐건전지함,서울특별시 관악구 성현로 80,서울특별시 관악구 봉천동 1712,관악드림타운경로당 뒤편,37.48984744,126.9529855,1
51,폐건전지함,서울특별시 관악구 성현로 80,서울특별시 관악구 봉천동 1712,관악드림타운 106동,37.48984744,126.9529855,1
52,폐건전지함,서울특별시 관악구 성현로 80,서울특별시 관악구 봉천동 1712,관악드림타운 101동,37.48984744,126.9529855,1
53,폐건전지함,서울특별시 관악구 은천로33길 5,서울특별시 관악구 봉천동 1719,관악 동부 센트레빌 102동 담벼락 방향,37.48730012,126.9501559,1
54,폐건전지함,서울특별시 관악구 관악로 285,서울특별시 관악구 봉천동 1703,성현동아아파트 관리사무소,37.48939185,126.9554433,1
55,폐건전지함,서울특별시 관악구 관악로37길 20,서울특별시 관악구 봉천동 1703-1,봉천동아아파트 경로당 뒤편,37.48755544,126.9559885,1
56,폐건전지함,서울특별시 관악구 은천로 137,서울특별시 관악구 봉천동 1727,관악 한일유액아이아파트 관리사무소 앞,37.4867979,126.9505824,1
57,폐건전지함,서울특별시 관악구 성현로 80,서울특별시 관악구 봉천동 1712,관악드림타운 148동,37.48984744,126.9529855,1
58,폐건전지함,서울특별시 관악구 성현로 80,서울특별시 관악구 봉천동 1712,관악드림타운 113동,37.48984744,126.9529855,1
59,폐건전지함,서울특별시 관악구 성현로 80,서울특별시 관악구 봉천동 1712,관악드림타운 136동,37.48984744,126.9529855,1
60,폐건전지함,서울특별시 관악구 성현로 80,서울특별시 관악구 봉천동 1712,관악드림타운 142동,37.48984744,126.9529855,1
61,폐건전지함,서울특별시 관악구 성현로 80,서울특별시 관악구 봉천동 1712,관악드림타운 117동,37.48984744,126.9529855,1
62,폐건전지함,서울특별시 관악구 성현로 80,서울특별시 관악구 봉천동 1712,관악드림타운 107동,37.48984744,126.9529855,1
63,폐건전지함,서울특별시 관악구 관악로 285,서울특별시 관악구 봉천동 1703,성현동아아파트 108동 지하계단,37.48939185,126.9554433,1
64,폐건전지함,서울특별시 관악구 관악로 263,서울특별시 관악구 봉천동 1721,관악브라운스톤 지하주차장,37.48819391,126.957247,1
65,폐건전지함,서울특별시 관악구 관악로 255-7,서울특별시 관악구 봉천동 1703-6,자치회관 입구,37.48721429,126.9566329,1
66,폐건전지함,서울특별시 관악구 구암길 106,서울특별시 관악구 봉천동 1712-1,관악드림타운 145동,37.49127941,126.9486646,1
67,폐형광등·폐전지통합형,서울특별시 관악구 양녕로6나길 18,서울특별시 관악구 봉천동 1705,신봉아파트 정문 왼쪽,37.48455395,126.9489277,1
68,폐형광등·폐전지통합형,서울특별시 관악구 은천로34길 24,서울특별시 관악구 봉천동 41-265,에메랄드아파트 주변,37.48554461,126.9534938,1
69,폐형광등·폐전지통합형,서울특별시 관악구 양녕로6다길 7,서울특별시 관악구 봉천동 1512-7,중앙동주민센터,37.48419282,126.9497511,1
70,폐형광등·폐전지통합형,서울특별시 관악구 은천로 174,서울특별시 관악구 봉천동 41-857,중앙동성당 주차장 오른쪽,37.48569714,126.9541767,1
71,폐건전지함,서울특별시 관악구 양녕로6나길 18,서울특별시 관악구 봉천동 1705,신봉아파트 정문 왼쪽,37.48455395,126.9489277,1
72,폐형광등·폐전지통합형,서울특별시 관악구 관악로30길 27,서울특별시 관악구 봉천동 1717,관악푸르지오아파트 119동,37.48896635,126.9606433,1
73,폐형광등·폐전지통합형,서울특별시 관악구 관악로30길 27,서울특별시 관악구 봉천동 1717,관악푸르지오아파트 107동,37.48896635,126.9606433,1
74,폐형광등·폐전지통합형,서울특별시 관악구 관악로 304,서울특별시 관악구 봉천동 1000,관악현대아파트 113동,37.49205057,126.957711,1
75,폐형광등·폐전지통합형,서울특별시 관악구 관악로40길 39,서울특별시 관악구 봉천동 1000,청림동 주민센터,37.49184717,126.9586277,1
76,폐형광등·폐전지통합형,서울특별시 관악구 관악로 304,서울특별시 관악구 봉천동 1000,관악현대아파트 109동,37.49205057,126.957711,1
77,폐형광등·폐전지통합형,서울특별시 관악구 관악로 304,서울특별시 관악구 봉천동 1000,관악현대아파트 116동,37.49205057,126.957711,1
78,폐형광등·폐전지통합형,서울특별시 관악구 관악로 304,서울특별시 관악구 봉천동 1000,관악현대아파트 103동,37.49205057,126.957711,1
79,폐건전지함,서울특별시 관악구 관악로40길 39,서울특별시 관악구 봉천동 1000,청림동 주민센터,37.49184717,126.9586277,1
80,폐형광등·폐전지통합형,서울특별시 관악구 관악로30길 12,서울특별시 관악구 봉천동 1706,봉천우성아파트 104동,37.48409831,126.9606845,1
81,폐형광등·폐전지통합형,서울특별시 관악구 행운1길 43,서울특별시 관악구 봉천동 1670-7,행운동주민센터,37.48064257,126.9570309,2
82,폐형광등·폐전지통합형,서울특별시 관악구 관악로30길 12,서울특별시 관악구 봉천동 1706,봉천우성아파트 109동 임대,37.48409831,126.9606845,1
83,폐형광등·폐전지통합형,서울특별시 관악구 관악로30길 12,서울특별시 관악구 봉천동 1706,봉천우성아파트 106동,37.48409831,126.9606845,1
84,폐형광등·폐전지통합형,서울특별시 관악구 행운9길 34,서울특별시 관악구 봉천동 1724-2,행운동 경로당,37.48340328,126.9596572,1
85,폐형광등·폐전지통합형,서울특별시 관악구 청룡15길 30,서울특별시 관악구 봉천동 1580-3,그린빌라 옆,37.47638333,126.9470811,1
86,폐형광등·폐전지통합형,서울특별시 관악구 관악로5길 42,서울특별시 관악구 봉천동 1700,갑을아파트 지하 주차장 입구,37.47508467,126.9520685,1
87,폐형광등·폐전지통합형,서울특별시 관악구 장군봉7길 12,서울특별시 관악구 봉천동 1533-2,비안 어린이공원,37.48046043,126.9397958,1
88,폐형광등·폐전지통합형,서울특별시 관악구 쑥고개로 44,서울특별시 관악구 봉천동 1539-1,청룡동주민센터 입구,37.4791175,126.9416407,1
89,폐형광등·폐전지통합형,서울특별시 관악구 쑥고개로 44,서울특별시 관악구 봉천동 1539-1,금강아미움아파트 105동 뒤편,37.4791175,126.9416407,1
90,폐형광등·폐전지통합형,,서울특별시 관악구 봉천동 1531-41,장군봉 근린공원 입구,37.48119817,126.9377027,1
91,폐형광등·폐전지통합형,서울특별시 관악구 청룡10길 45,서울특별시 관악구 봉천동 1730,e편한세상 서울대입구,37.47805021,126.9433555,8
92,폐형광등·폐전지통합형,서울특별시 관악구 참숯1길 19,서울특별시 관악구 봉천동 1733,e편한세상 서울대입구 2차,37.47838983,126.9417525,6
93,폐건전지함,서울특별시 관악구 쑥고개로 44,서울특별시 관악구 봉천동 1539-1,청룡동주민센터 입구,37.4791175,126.9416407,1
94,폐건전지함,서울특별시 관악구 청룡9길 12-39,서울특별시 관악구 봉천동 1577-15,청룡동 자치회관 입구,37.47804191,126.9464708,1
95,폐형광등·폐전지통합형,서울특별시 관악구 청룡7길 55,서울특별시 관악구 봉천동 1697,선경아파트,37.47980346,126.9491054,1
96,폐형광등·폐전지통합형,서울특별시 관악구 낙성대로 37,서울특별시 관악구 봉천동 296,낙성대현대아파트 관리사무소,37.47523654,126.9593965,1
97,폐형광등·폐전지통합형,서울특별시 관악구 관악로 1,서울특별시 관악구 신림동 산 56-1,서울대가족생활관 933동 관리사무실,37.46803806,126.9592943,1
98,폐형광등·폐전지통합형,서울특별시 관악구 낙성대로 101,서울특별시 관악구 봉천동 238,과학전시관,37.46881648,126.9594109,1
99,폐형광등·폐전지통합형,,서울특별시 관악구 봉천동 1510,탑골어린이공원 앞,37.47451989,126.9611358,1
100,폐건전지함,서울특별시 관악구 봉천로 576,서울특별시 관악구 봉천동 1629-2,동아타운아파트 관리사무소,37.47697388,126.961321,1
101,폐건전지함,서울특별시 관악구 낙성대로4가길 5,서울특별시 관악구 봉천동 1624-24,낙성대동주민센터,37.47629595,126.9583876,1
102,폐형광등·폐전지통합형,서울특별시 관악구 인헌12길 46-1,서울특별시 관악구 봉천동 1707-1,은천2단지아파트 주차장,37.47066548,126.964564,1
103,폐형광등·폐전지통합형,서울특별시 관악구 남부순환로246가길 20,서울특별시 관악구 봉천동 1635-40,인헌동 주민센터 주차장,37.47509931,126.9653243,1
104,폐형광등·폐전지통합형,서울특별시 관악구 인헌16길 71,서울특별시 관악구 봉천동 산 29-3,반석아파트 건너편,37.46893004,126.9642419,1
105,폐형광등·폐전지통합형,서울특별시 관악구 남부순환로246가길 20,서울특별시 관악구 봉천동 1635-40,인헌동 주민센터 주차장,37.47509931,126.9653243,1
106,폐형광등·폐전지통합형,서울특별시 관악구 인헌12길 46-2,서울특별시 관악구 봉천동 1707,은천 1단지 아파트 주차장,37.47166852,126.965275,1
107,폐형광등·폐전지통합형,서울특별시 관악구 봉천로 611-1,서울특별시 관악구 봉천동 1657-17,동방전기철물,37.4758718,126.9651949,1
108,폐형광등·폐전지통합형,서울특별시 관악구 인헌9길 35,서울특별시 관악구 봉천동 1647,"인헌중, 인헌고 사이 도로",37.47269621,126.9688402,1
109,폐형광등·폐전지통합형,서울특별시 관악구 인헌21길 35,서울특별시 관악구 봉천동 180-181,폐의류수거함 옆,37.47057097,126.9701175,1
110,폐형광등·폐전지통합형,서울특별시 관악구 남부순환로248길 56,서울특별시 관악구 봉천동 181-6,낙성대현대아파트 101동,37.47365592,126.9657211,1
111,폐건전지함,서울특별시 관악구 남부순환로248길 56,서울특별시 관악구 봉천동 181-6,낙성대현대아파트 102동,37.47365592,126.9657211,1
112,폐건전지함,서울특별시 관악구 인헌12길 46-2,서울특별시 관악구 봉천동 1707,은천1단지아파트 경비실,37.47166852,126.965275,1
113,폐형광등·폐전지통합형,서울특별시 관악구 인헌12길 46-2,서울특별시 관악구 봉천동 1707,은천1단지아파트 경비실,37.47166852,126.965275,1
114,폐건전지함,서울특별시 관악구 인헌9길 35,서울특별시 관악구 봉천동 1647,"인헌중, 별관",37.47269621,126.9688402,1
115,폐형광등·폐전지통합형,서울특별시 관악구 남현길 63,서울특별시 관악구 남현동 1083-29,상록보육원 내,37.47399706,126.9765177,1
116,폐형광등·폐전지통합형,서울특별시 관악구 승방길 32,서울특별시 관악구 남현동 602-60,승방6길 5 앞,37.47363489,126.9801461,1
117,폐형광등·폐전지통합형,서울특별시 관악구 남현1가길 29,서울특별시 관악구 남현동 1086-1,남현동주민센터 지하주차장 입구,37.47468786,126.9778753,1
118,폐형광등·폐전지통합형,서울특별시 관악구 남현길 144,서울특별시 관악구 남현동 1132,흥화브라운빌아파트 내,37.47113994,126.973033,1
119,폐형광등·폐전지통합형,서울특별시 관악구 남현1가길 29,서울특별시 관악구 남현동 1086-1,남현동주민센터 지하주차장 입구,37.47468786,126.9778753,1
120,폐건전지함,서울특별시 관악구 승방7길 31,서울특별시 관악구 남현동 602-220,사당동 군인아파트,37.47215812,126.9811726,1
121,폐형광등·폐전지통합형,서울특별시 관악구 관천로24길 3,서울특별시 관악구 신림동 1718,보라매갑을아파트,37.48904329,126.9218573,1
122,폐형광등·폐전지통합형,서울특별시 관악구 신림동길 14,서울특별시 관악구 신림동 1439-3,신림동 주민센터,37.487396,126.9271139,1
123,폐형광등·폐전지통합형,서울특별시 관악구 관천로24길 3,서울특별시 관악구 신림동 1718,보라매갑을아파트,37.48904329,126.9218573,1
124,폐건전지함,서울특별시 관악구 신림동길 14,서울특별시 관악구 신림동 1439-3,신림동 주민센터,37.487396,126.9271139,1
125,폐형광등·폐전지통합형,서울특별시 관악구 관천로27길 2,서울특별시 관악구 신림동 1715,우방아파트 단지내,37.48846493,126.9186431,1
126,폐형광등·폐전지통합형,서울특별시 관악구 조원로 151-1,서울특별시 관악구 신림동 480-21,신사동 자치회관,37.48595224,126.9191029,1
127,폐형광등·폐전지통합형,서울특별시 관악구 신사로 142,서울특별시 관악구 신림동 475-35,신사동주민센터,37.48912853,126.9174964,1
128,폐건전지함,서울특별시 관악구 신사로 142,서울특별시 관악구 신림동 475-35,신사동주민센터,37.48912853,126.9174964,1
129,폐건전지함,서울특별시 관악구 관천로27길 2,서울특별시 관악구 신림동 1715,우방아파트 단지내,37.48846493,126.9186431,1
130,폐형광등·폐전지통합형,서울특별시 관악구 조원로11길 24,서울특별시 관악구 신림동 1719,조원아파트,37.48420111,126.9075246,1
131,폐형광등·폐전지통합형,서울특별시 관악구 조원로13길 15,서울특별시 관악구 신림동 551-9,현대아파트,37.48449752,126.9088976,1
132,폐형광등·폐전지통합형,서울특별시 관악구 조원로14길 16,서울특별시 관악구 신림동 546-7,윤정아파트,37.4829586,126.9094875,1
133,폐형광등·폐전지통합형,서울특별시 관악구 조원로2길 13,서울특별시 관악구 신림동 1656,미성아파트,37.48278923,126.9029192,1
134,폐형광등·폐전지통합형,서울특별시 관악구 조원로16길 27,서울특별시 관악구 신림동 541,신림중앙시장,37.48314523,126.9114212,1
135,폐형광등·폐전지통합형,서울특별시 관악구 조원로16길 7,서울특별시 관악구 신림동 1723,신도브레뉴아파트,37.48389609,126.9112558,1
136,폐형광등·폐전지통합형,서울특별시 관악구 조원로12길 25,서울특별시 관악구 신림동 568-27,조원동주민센터,37.48256328,126.9077947,1
137,폐형광등·폐전지통합형,서울특별시 관악구 조원로13길 36,서울특별시 관악구 신림동 1728,제창그로힐아파트,37.48471089,126.9104368,1
138,폐건전지함,서울특별시 관악구 조원로12길 25,서울특별시 관악구 신림동 568-27,조원동주민센터,37.48256328,126.9077947,1
139,폐형광등·폐전지통합형,서울특별시 관악구 조원로16길 12,서울특별시 관악구 신림동 1723,신도브레뉴아파트 101동~102동 사이,37.48370001,126.9106311,1
140,폐형광등·폐전지통합형,서울특별시 관악구 조원로16길 12,서울특별시 관악구 신림동 1723,신도브레뉴아파트 103동~104동 사이,37.48370001,126.9106311,1
141,폐형광등·폐전지통합형,서울특별시 관악구 미성길 122,서울특별시 관악구 신림동 1686,쌍용아파트 101동 분리수거장 내,37.47282851,126.9121735,1
142,폐형광등·폐전지통합형,서울특별시 관악구 미성5길 33,서울특별시 관악구 신림동 1563-82,한양아파트 관리사무소 옆,37.47285464,126.9153837,1
143,폐형광등·폐전지통합형,서울특별시 관악구 미성5길 40,서울특별시 관악구 신림동 1712,초원아파트 분리수거장 내,37.47334769,126.9140357,1
144,폐형광등·폐전지통합형,서울특별시 관악구 난곡로47길 9,서울특별시 관악구 신림동 763,한라타운아파트,37.47654562,126.9151246,1
145,폐형광등·폐전지통합형,서울특별시 관악구 난곡로 249,서울특별시 관악구 신림동 763-9,미성동주민센터,37.47617498,126.9155517,1
146,폐형광등·폐전지통합형,서울특별시 관악구 미성3길 16,서울특별시 관악구 신림동 1734,동부센트레빌 103동,37.47295297,126.9160619,1
147,폐형광등·폐전지통합형,서울특별시 관악구 문성로 74,서울특별시 관악구 신림동 746-43,건영아파트 분리수거장,37.47675629,126.9120581,1
148,폐형광등·폐전지통합형,서울특별시 관악구 남부순환로 1430,서울특별시 관악구 신림동 1730,신림푸르지오아파트 106동,37.47923845,126.90904,1
149,폐형광등·폐전지통합형,서울특별시 관악구 남부순환로 1430,서울특별시 관악구 신림동 1730,신림푸르지오아파트 107동,37.47923845,126.90904,1
150,폐형광등·폐전지통합형,서울특별시 관악구 남부순환로 1430,서울특별시 관악구 신림동 1730,신림푸르지오아파트 111동,37.47923845,126.90904,1
151,폐형광등·폐전지통합형,서울특별시 관악구 남부순환로 1430,서울특별시 관악구 신림동 1730,신림푸르지오아파트 121동 앞,37.47923845,126.90904,1
152,폐형광등·폐전지통합형,,서울특별시 관악구 신림동 1481-23,미성동 제2공영주차장 앞,37.47972659,126.9138971,1
153,폐형광등·폐전지통합형,서울특별시 관악구 남부순환로 1430,서울특별시 관악구 신림동 1730,신림푸르지오아파트 101동,37.47923845,126.90904,1
154,폐형광등·폐전지통합형,서울특별시 관악구 남부순환로 1430,서울특별시 관악구 신림동 1730,신림푸르지오아파트 113동,37.47923845,126.90904,1
155,폐형광등·폐전지통합형,서울특별시 관악구 남부순환로 1430,서울특별시 관악구 신림동 1730,신림푸르지오아파트 123동,37.47923845,126.90904,1
157,폐형광등·폐전지통합형,서울특별시 관악구 남부순환로 1430,서울특별시 관악구 신림동 1730,신림푸르지오아파트 104동,37.47923845,126.90904,1
158,폐형광등·폐전지통합형,서울특별시 관악구 남부순환로 1430,서울특별시 관악구 신림동 1730,신림푸르지오아파트 114동,37.47923845,126.90904,1
159,폐형광등·폐전지통합형,서울특별시 관악구 남부순환로 1430,서울특별시 관악구 신림동 1730,신림푸르지오아파트 116동,37.47923845,126.90904,1
160,폐형광등·폐전지통합형,서울특별시 관악구 남부순환로 1430,서울특별시 관악구 신림동 1730,신림푸르지오아파트 118동,37.47923845,126.90904,1
161,폐형광등·폐전지통합형,서울특별시 관악구 남부순환로 1430,서울특별시 관악구 신림동 1730,신림푸르지오아파트 119동,37.47923845,126.90904,1
162,폐형광등·폐전지통합형,서울특별시 관악구 난곡로 167,서울특별시 관악구 신림동 1727,임광아파트 103동,37.46937129,126.9186488,1
163,폐형광등·폐전지통합형,서울특별시 관악구 난곡로30길 40,서울특별시 관악구 신림동 633-56,난곡동주민센터,37.47102189,126.9216418,1
164,폐형광등·폐전지통합형,,서울특별시 관악구 신림동 645-1,무궁화놀이터,37.46963167,126.9235717,1
165,폐형광등·폐전지통합형,,서울특별시 관악구 신림동 610-298,보명어린이 공원,37.47550388,126.9256637,1
166,폐형광등·폐전지통합형,서울특별시 관악구 난곡로26나길 37,서울특별시 관악구 신림동 646-204,길 건너편 주차장,37.46840263,126.9234016,1
167,폐건전지함,서울특별시 관악구 난곡로30길 40,서울특별시 관악구 신림동 633-56,난곡동주민센터,37.47102189,126.9216418,1
168,폐형광등·폐전지통합형,서울특별시 관악구 난향길 9,서울특별시 관악구 신림동 672,난향초등학교 후문,37.46282189,126.9183368,1
169,폐형광등·폐전지통합형,서울특별시 관악구 난곡로 67,서울특별시 관악구 신림동 1735-5,난향동주민센터,37.46151944,126.9187965,1
170,폐형광등·폐전지통합형,서울특별시 관악구 난향길 41,서울특별시 관악구 신림동 673-84,국화빌라 앞,37.46278832,126.9169615,1
171,폐형광등·폐전지통합형,서울특별시 관악구 난곡로 101,서울특별시 관악구 신림동 681-2,보성운수 옆,37.46469757,126.9189175,1
172,폐건전지함,서울특별시 관악구 난향길 41,서울특별시 관악구 신림동 673-84,국화빌라 앞,37.46278832,126.9169615,1
173,폐건전지함,서울특별시 관악구 난곡로 67,서울특별시 관악구 신림동 1735-5,난향동주민센터,37.46151944,126.9187965,1
174,폐형광등·폐전지통합형,서울특별시 관악구 신림로 282,서울특별시 관악구 신림동 1641-65,서원동주민센터,37.47976918,126.9313747,1
175,폐형광등·폐전지통합형,서울특별시 관악구 신원로3길 13,서울특별시 관악구 신림동 1601-3,신원동주민센터,37.48161061,126.9273799,1
176,폐형광등·폐전지통합형,서울특별시 관악구 문성로32길 18,서울특별시 관악구 신림동 1630-30,신일경로당,37.47851042,126.9287077,1
177,폐형광등·폐전지통합형,서울특별시 관악구 남부순환로170길 6,서울특별시 관악구 신림동 1581-6,신원동경로당 옆,37.48272779,126.9243945,1
178,폐건전지함,서울특별시 관악구 신원로3길 13,서울특별시 관악구 신림동 1601-3,신원동주민센터,37.48161061,126.9273799,1
179,폐형광등·폐전지통합형,,서울특별시 관악구 신림동 98-402,서광어린이공원 앞,37.47521256,126.9427449,1
180,폐형광등·폐전지통합형,서울특별시 관악구 신림로28길 57,서울특별시 관악구 신림동 120-58,신성초등학교 북서측 외벽,37.47219611,126.936558,1
181,폐형광등·폐전지통합형,서울특별시 관악구 신림로29길 6,서울특별시 관악구 신림동 1694-7,서림동주민센터,37.47499588,126.9349996,1
182,폐형광등·폐전지통합형,서울특별시 관악구 신림로29길 8,서울특별시 관악구 신림동 1694,신림현대아파트 104동 분리수거장,37.4755685,126.9328111,1
183,폐형광등·폐전지통합형,서울특별시 관악구 신림로29길 8,서울특별시 관악구 신림동 1694,신림현대아파트 110동 분리수거장,37.4755685,126.9328111,1
184,폐형광등·폐전지통합형,서울특별시 관악구 서림3길 47,서울특별시 관악구 신림동 103-141,서림경로당 앞,37.47232257,126.9406237,1
185,폐형광등·폐전지통합형,서울특별시 관악구 복은길 76,서울특별시 관악구 신림동 98-319,제일성도교회 앞,37.47430406,126.940243,1
186,폐형광등·폐전지통합형,서울특별시 관악구 신림로8길 32,서울특별시 관악구 신림동 128-12,신림로8길 32 건너편,37.4714476,126.9390466,1
187,폐건전지함,서울특별시 관악구 신림로29길 8,서울특별시 관악구 신림동 1694,신림현대아파트 관리사무소,37.4755685,126.9328111,1
188,폐건전지함,서울특별시 관악구 신림로29길 6,서울특별시 관악구 신림동 1694-7,서림동 주민센터,37.47499588,126.9349996,1
189,폐건전지함,서울특별시 관악구 신림로 40,서울특별시 관악구 신림동 133,신림중학교 1층 복도,37.47032734,126.946004,1
190,폐형광등·폐전지통합형,서울특별시 관악구 광신길 160,서울특별시 관악구 신림동 1704-1,신림주공아파트1단지 관리사무소 옆,37.46603288,126.9273956,1
191,폐형광등·폐전지통합형,서울특별시 관악구 호암로 541,서울특별시 관악구 신림동 1698,태흥아파트 관리사무소 앞,37.46602175,126.931073,1
192,폐형광등·폐전지통합형,서울특별시 관악구 양지길 50-5,서울특별시 관악구 신림동 1721,우정아파트1단지 관리사무소 옆,37.47143015,126.9290782,1
193,폐형광등·폐전지통합형,서울특별시 관악구 양지길 52-1,서울특별시 관악구 신림동 1726,우정아파트2단지 관리사무소 앞,37.47079743,126.9269635,1
194,폐형광등·폐전지통합형,서울특별시 관악구 호암로16길 5,서울특별시 관악구 신림동 1724,신림서초아파트 관리사무소 앞,37.46402245,126.9322447,1
195,폐형광등·폐전지통합형,서울특별시 관악구 호암로16길 11,서울특별시 관악구 신림동 1729,청화아파트 관리사무소 앞,37.46348323,126.9324566,1
196,폐형광등·폐전지통합형,서울특별시 관악구 호암로 520,서울특별시 관악구 신림동 310-8,삼성동 자치회관,37.46411547,126.9318251,1
197,폐형광등·폐전지통합형,서울특별시 관악구 호암로 589,서울특별시 관악구 신림동 1528,삼성동주민센터 주차장,37.4701073,126.9329623,1
198,폐형광등·폐전지통합형,서울특별시 관악구 호암로 519,서울특별시 관악구 신림동 1733,벽산블루밍아파트 103동 앞,37.46416426,126.9312812,1
199,폐형광등·폐전지통합형,서울특별시 관악구 호암로 399,서울특별시 관악구 신림동 1714,삼성산주공아파트 307동 앞,37.46137137,126.9254548,1
200,폐형광등·폐전지통합형,서울특별시 관악구 호암로 417,서울특별시 관악구 신림동 1693,국제 산장아파트 관리사무소 옆,37.46133515,126.9274799,1
201,폐건전지함,서울특별시 관악구 광신길 86,서울특별시 관악구 신림동 1713,신림주공아파트 2단지 204동 앞,37.46449762,126.9269064,1
202,폐건전지함,서울특별시 관악구 광신길 160,서울특별시 관악구 신림동 1704-1,신림주공아파트 1단지 관리사무소 옆,37.46603288,126.9273956,1
203,폐건전지함,서울특별시 관악구 호암로 520,서울특별시 관악구 신림동 310-8,삼성동 자치회관 내,37.46411547,126.9318251,1
204,폐형광등·폐전지통합형,서울특별시 관악구 호암로 399,서울특별시 관악구 신림동 1714,삼성산주공아파트,37.46137137,126.9254548,1
205,폐형광등·폐전지통합형,서울특별시 관악구 호암로 399,서울특별시 관악구 신림동 1714,삼성산주공아파트,37.46137137,126.9254548,1
206,폐형광등·폐전지통합형,서울특별시 관악구 호암로 399,서울특별시 관악구 신림동 1714,삼성산주공아파트,37.46137137,126.9254548,1
207,폐형광등·폐전지통합형,서울특별시 관악구 호암로 399,서울특별시 관악구 신림동 1714,삼성산주공아파트,37.46137137,126.9254548,1
208,폐형광등·폐전지통합형,서울특별시 관악구 호암로 399,서울특별시 관악구 신림동 1714,삼성산주공아파트,37.46137137,126.9254548,1
209,폐형광등·폐전지통합형,서울특별시 관악구 호암로 399,서울특별시 관악구 신림동 1714,삼성산주공아파트,37.46137137,126.9254548,1
210,폐형광등·폐전지통합형,서울특별시 관악구 호암로 417,서울특별시 관악구 신림동 1693,국제 산장아파트 105동,37.46133515,126.9274799,1
211,폐형광등·폐전지통합형,서울특별시 관악구 호암로 417,서울특별시 관악구 신림동 1693,국제 산장아파트 108동,37.46133515,126.9274799,1
212,폐형광등·폐전지통합형,서울특별시 관악구 호암로 546,서울특별시 관악구 신림동 1557-1,미림여고 창고,37.4661018,126.9319279,1
213,폐형광등·폐전지통합형,서울특별시 관악구 대학18길 6,서울특별시 관악구 신림동 1705,신림동금호타운1차아파트 102동 주차장,37.46598357,126.9374388,1
214,폐형광등·폐전지통합형,서울특별시 관악구 신림로3가길 7,서울특별시 관악구 신림동 1706,신림동금호타운2차아파트,37.46823784,126.9443425,1
215,폐형광등·폐전지통합형,서울특별시 관악구 대학20길 27,서울특별시 관악구 신림동 255-189,신림동현대아파트 정문 경비실 옆,37.4643054,126.9373716,1
216,폐형광등·폐전지통합형,서울특별시 관악구 신림로23길 17,서울특별시 관악구 신림동 1522,관악청소년회관,37.4702439,126.9352433,1
217,폐형광등·폐전지통합형,서울특별시 관악구 신림로3길 40,서울특별시 관악구 신림동 1703-1,"신림건영3차아파트 7동 앞, 재활용창고 옆",37.46678342,126.9418862,1
218,폐형광등·폐전지통합형,서울특별시 관악구 신림로23길 103,서울특별시 관악구 신림동 254-301,신림현대맨션 101동 앞,37.46604576,126.9343108,1
219,폐형광등·폐전지통합형,서울특별시 관악구 신림로11길 151,서울특별시 관악구 신림동 산 28-9,신동아아파트,37.46436158,126.9405999,1
220,폐형광등·폐전지통합형,서울특별시 관악구 신림로 111,서울특별시 관악구 신림동 1516,대학동 주민센터 입구,37.47059604,126.9369573,1
221,폐건전지함,서울특별시 관악구 호암로 546,서울특별시 관악구 신림동 1557-1,미림여고 창고,37.4661018,126.9319279,1
222,폐형광등·폐전지통합형,서울특별시 관악구 신림로3가길 7,서울특별시 관악구 신림동 1706,신림동금호타운2차 201동,37.46823784,126.9443425,1
