행정동,지번주소,도로명주소,위도,경도,기준일
중곡1동,서울특별시 광진구 중곡동 637-8,서울특별시 광진구 천호대로 517,37.5590734,127.0764909,2026-03-04
중곡1동,서울특별시 광진구 중곡동 628-15,서울특별시 광진구 면목로 67,37.55986555,127.0777663,2026-03-04
중곡1동,서울특별시 광진구 중곡동 253-16,서울특별시 광진구 긴고랑로2길 49,37.56188143,127.076128,2026-03-04
중곡1동,서울특별시 광진구 중곡동 249-28,서울특별시 광진구 긴고랑로 6,37.56388575,127.0770085,2026-03-04
중곡1동,서울특별시 광진구 중곡동 247-28,서울특별시 광진구 긴고랑로6길 24,37.56262313,127.0777829,2026-03-04
중곡1동,서울특별시 광진구 중곡동 246-46,서울특별시 광진구 긴고랑로6길 19,37.56262811,127.0780283,2026-03-04
중곡1동,서울특별시 광진구 중곡동 243-2,서울특별시 광진구 긴고랑로 42,37.56263787,127.0807937,2026-03-04
중곡1동,서울특별시 광진구 중곡동 163-36,서울특별시 광진구 능동로 361,37.56175367,127.0817828,2026-03-04
중곡1동,서울특별시 광진구 중곡동 163-7,서울특별시 광진구 능동로 355,37.56128518,127.0814843,2026-03-04
중곡1동,서울특별시 광진구 중곡동 166-22,서울특별시 광진구 긴고랑로14길 33,37.56538766,127.0833211,2026-03-04
중곡1동,서울특별시 광진구 중곡동 257-28,,37.56131484,127.0793393,2026-03-04
중곡1동,서울특별시 광진구 중곡동 244-29,서울특별시 광진구 능동로43길 38-3,37.5619289,127.0795667,2026-03-04
중곡1동,서울특별시 광진구 중곡동 244-23,서울특별시 광진구 긴고랑로10길 18,37.56216213,127.0798917,2026-03-04
중곡1동,서울특별시 광진구 중곡동 643-1,서울특별시 광진구 면목로 74,37.56022682,127.0788952,2026-03-04
중곡1동,서울특별시 광진구 중곡동 274-2,,37.56021301,127.0796112,2026-03-04
중곡1동,서울특별시 광진구 중곡동 258-9,서울특별시 광진구 능동로41길 30,37.56038982,127.0792947,2026-03-04
중곡1동,서울특별시 광진구 중곡동 644-1,서울특별시 광진구 천호대로107길 54,37.56003378,127.0796424,2026-03-04
중곡1동,서울특별시 광진구 중곡동 646-5,서울특별시 광진구 천호대로107길 40,37.55939186,127.0793092,2026-03-04
중곡1동,서울특별시 광진구 중곡동 621-2,서울특별시 광진구 면목로 75,37.56059031,127.0781817,2026-03-04
중곡1동,서울특별시 광진구 중곡동 248-33,,37.5632742,127.0772199,2026-03-04
중곡1동,서울특별시 광진구 중곡동 238-17,서울특별시 광진구 동일로 382,37.56469278,127.0769998,2026-03-04
중곡1동,서울특별시 광진구 중곡동 235-4,서울특별시 광진구 동일로 392,37.56540343,127.0776322,2026-03-04
중곡1동,서울특별시 광진구 중곡동 235-2,서울특별시 광진구 동일로 398,37.5658565,127.0777044,2026-03-04
중곡1동,서울특별시 광진구 중곡동 235-18,서울특별시 광진구 긴고랑로1길 21,37.56501078,127.0776365,2026-03-04
중곡2동,서울특별시 광진구 중곡동 119-1,서울특별시 광진구 용마산로1길 39,37.55529182,127.0862024,2026-03-04
중곡2동,서울특별시 광진구 중곡동 133-10,,37.55641603,127.0840252,2026-03-04
중곡2동,서울특별시 광진구 중곡동 133-11,서울특별시 광진구 용마산로3길 67-6,37.55650657,127.0842887,2026-03-04
중곡2동,서울특별시 광진구 중곡동 130-9,서울특별시 광진구 용마산로1길 66,37.556025,127.085031,2026-03-04
중곡2동,서울특별시 광진구 중곡동 117-11,서울특별시 광진구 용마산로 11,37.55476493,127.0881414,2026-03-04
중곡2동,서울특별시 광진구 중곡동 123-37,,37.55657677,127.0873711,2026-03-04
중곡2동,서울특별시 광진구 중곡동 126-28,서울특별시 광진구 긴고랑로30길 46,37.55772203,127.0870133,2026-03-04
중곡2동,서울특별시 광진구 중곡동 54-1,서울특별시 광진구 천호대로117길 97,37.55919945,127.0855735,2026-03-04
중곡2동,서울특별시 광진구 중곡동 127-10,서울특별시 광진구 천호대로117길 98,37.55922938,127.085796,2026-03-04
중곡2동,서울특별시 광진구 중곡동 128-46,,37.55844569,127.0853135,2026-03-04
중곡2동,서울특별시 광진구 중곡동 128-43,서울특별시 광진구 천호대로117길 72,37.55816139,127.0852377,2026-03-04
중곡2동,서울특별시 광진구 중곡동 134-54,,37.55700186,127.0852816,2026-03-04
중곡2동,서울특별시 광진구 중곡동 130-22,,37.55613071,127.0854969,2026-03-04
중곡2동,서울특별시 광진구 중곡동 121-17,서울특별시 광진구 용마산로5길 31,37.55745823,127.0861293,2026-03-04
중곡2동,서울특별시 광진구 중곡동 126-52,서울특별시 광진구 천호대로123길 58,37.55781404,127.086612,2026-03-04
중곡2동,서울특별시 광진구 중곡동 126-3,서울특별시 광진구 천호대로123길 86-1,37.55902918,127.086412,2026-03-04
중곡2동,서울특별시 광진구 중곡동 150-218,서울특별시 광진구 긴고랑로26길 7-14,37.55974539,127.0860358,2026-03-04
중곡2동,서울특별시 광진구 중곡동 266-5,서울특별시 광진구 용마산로 55-2,37.55740552,127.0879674,2026-03-04
중곡2동,서울특별시 광진구 중곡동 120-9,서울특별시 광진구 천호대로121길 10,37.55575418,127.0866138,2026-03-04
중곡2동,서울특별시 광진구 중곡동 129-42,서울특별시 광진구 용마산로3길 38,37.55616289,127.0859685,2026-03-04
중곡2동,서울특별시 광진구 중곡동 121-46,,37.55656281,127.0861442,2026-03-04
중곡2동,서울특별시 광진구 중곡동 161-43,서울특별시 광진구 능동로40길 3,37.55832159,127.0804774,2026-03-04
중곡2동,서울특별시 광진구 중곡동 161-18,,37.55876448,127.0810554,2026-03-04
중곡2동,서울특별시 광진구 중곡동 47-25,서울특별시 광진구 능동로44길 10,37.56070558,127.0821103,2026-03-04
중곡2동,서울특별시 광진구 중곡동 43-48,서울특별시 광진구 긴고랑로16길 11,37.56140295,127.08276,2026-03-04
중곡2동,서울특별시 광진구 중곡동 46-17,서울특별시 광진구 긴고랑로 82,37.56081562,127.0846259,2026-03-04
중곡2동,서울특별시 광진구 중곡동 150-246,서울특별시 광진구 긴고랑로26길 20,37.55963729,127.085011,2026-03-04
중곡2동,서울특별시 광진구 중곡동 54-23,서울특별시 광진구 긴고랑로26길 39,37.55889244,127.0847526,2026-03-04
중곡2동,서울특별시 광진구 중곡동 54-16,서울특별시 광진구 긴고랑로26길 45,37.5587533,127.0850403,2026-03-04
중곡2동,서울특별시 광진구 중곡동 53-27,서울특별시 광진구 능동로42길 73,37.55840342,127.0848258,2026-03-04
중곡2동,서울특별시 광진구 중곡동 53-22,서울특별시 광진구 능동로42길 69,37.55850572,127.0845246,2026-03-04
중곡2동,서울특별시 광진구 중곡동 53-11,서울특별시 광진구 능동로42길 61,37.55862715,127.0841811,2026-03-04
중곡2동,서울특별시 광진구 중곡동 138-1,서울특별시 광진구 천호대로113길 31,37.55860022,127.083664,2026-03-04
중곡2동,서울특별시 광진구 중곡동 138-3,서울특별시 광진구 천호대로113길 17,37.55797419,127.0833033,2026-03-04
중곡2동,서울특별시 광진구 중곡동 138-32,서울특별시 광진구 천호대로113길 7,37.55765355,127.0831377,2026-03-04
중곡2동,서울특별시 광진구 중곡동 50-53,서울특별시 광진구 긴고랑로22길 38-12,37.55931375,127.0830988,2026-03-04
중곡2동,서울특별시 광진구 중곡동 49-35,,37.5600839,127.0828776,2026-03-04
중곡2동,서울특별시 광진구 중곡동 141-38,서울특별시 광진구 능동로42길 36,37.55891539,127.0827658,2026-03-04
중곡2동,서울특별시 광진구 중곡동 141-14,서울특별시 광진구 긴고랑로20길 69,37.55844277,127.0824406,2026-03-04
중곡2동,서울특별시 광진구 중곡동 159-13,서울특별시 광진구 천호대로109길 50,37.55893808,127.0820031,2026-03-04
중곡2동,서울특별시 광진구 중곡동 48-7,서울특별시 광진구 천호대로109길 65,37.5596416,127.0821099,2026-03-04
중곡2동,서울특별시 광진구 중곡동 149-37,서울특별시 광진구 긴고랑로 89,37.56070437,127.0855944,2026-03-04
중곡2동,서울특별시 광진구 중곡동 39-47,서울특별시 광진구 긴고랑로 67-1,37.56181763,127.0836061,2026-03-04
중곡2동,서울특별시 광진구 중곡동 37-17,서울특별시 광진구 능동로48길 50,37.56190956,127.0851998,2026-03-04
중곡2동,서울특별시 광진구 중곡동 149-23,,37.56112136,127.0865656,2026-03-04
중곡2동,서울특별시 광진구 중곡동 150-125,서울특별시 광진구 긴고랑로31길 18,37.56057783,127.0871343,2026-03-04
중곡2동,서울특별시 광진구 중곡동 150-153,서울특별시 광진구 긴고랑로29길 47,37.5620192,127.0863258,2026-03-04
중곡2동,서울특별시 광진구 중곡동 35-20,서울특별시 광진구 긴고랑로29길 57,37.56251147,127.0862486,2026-03-04
중곡2동,서울특별시 광진구 중곡동 35-1,서울특별시 광진구 능동로48가길 36,37.56329346,127.0859828,2026-03-04
중곡2동,서울특별시 광진구 중곡동 30-57,서울특별시 광진구 능동로50길 23,37.56383823,127.0847042,2026-03-04
중곡3동,서울특별시 광진구 중곡동 28-10,서울특별시 광진구 용마산로21길 7,37.56426671,127.0863679,2026-03-04
중곡3동,서울특별시 광진구 중곡동 166-4,서울특별시 광진구 능동로 409,37.56560806,127.0838123,2026-03-04
중곡3동,서울특별시 광진구 중곡동 172-1,서울특별시 광진구 능동로53길 13,37.56648123,127.0836622,2026-03-04
중곡3동,서울특별시 광진구 중곡동 170-3,서울특별시 광진구 면목로12길 35,37.56768303,127.0835949,2026-03-04
중곡3동,서울특별시 광진구 중곡동 169-8,서울특별시 광진구 능동로 447,37.56859287,127.0848307,2026-03-04
중곡3동,서울특별시 광진구 중곡동 195-1,서울특별시 광진구 용마산로33길 25 중곡3동마을공원공영주차장,37.56991115,127.0846789,2026-03-04
중곡3동,서울특별시 광진구 중곡동 541-2,서울특별시 광진구 답십리로 404,37.5708921,127.085238,2026-03-04
중곡3동,서울특별시 광진구 중곡동 548,서울특별시 광진구 답십리로 392-1,37.57111895,127.0841282,2026-03-04
중곡3동,서울특별시 광진구 중곡동 190-37,서울특별시 광진구 동일로 402,37.56622395,127.0779415,2026-03-04
중곡3동,서울특별시 광진구 중곡동 191-127,서울특별시 광진구 동일로72길 23-5,37.56598773,127.0789962,2026-03-04
중곡3동,서울특별시 광진구 중곡동 175-24,서울특별시 광진구 면목로13길 17,37.56932324,127.0822549,2026-03-04
중곡3동,서울특별시 광진구 중곡동 177-9,서울특별시 광진구 답십리로78길 40,37.56972422,127.0808951,2026-03-04
중곡3동,서울특별시 광진구 중곡동 190-25,서울특별시 광진구 긴고랑로1길 71,37.56708418,127.0788159,2026-03-04
중곡3동,서울특별시 광진구 중곡동 190-1,서울특별시 광진구 동일로76길 2,37.56769665,127.0787194,2026-03-04
중곡3동,서울특별시 광진구 중곡동 28-1,서울특별시 광진구 용마산로 119,37.56428513,127.0865495,2026-03-04
중곡3동,서울특별시 광진구 중곡동 29-4,서울특별시 광진구 용마산로 155,37.56738681,127.086054,2026-03-04
중곡3동,서울특별시 광진구 중곡동 29-12,서울특별시 광진구 용마산로25길 16,37.5665199,127.0857683,2026-03-04
중곡4동,서울특별시 광진구 중곡동 110-5,서울특별시 광진구 자양로53길 29,37.55460915,127.092488,2026-03-04
중곡4동,서울특별시 광진구 중곡동 107-54,서울특별시 광진구 영화사로 53,37.55565816,127.0925245,2026-03-04
중곡4동,서울특별시 광진구 중곡동 96-42,서울특별시 광진구 천호대로127길 41-6,37.55460798,127.0907478,2026-03-04
중곡4동,서울특별시 광진구 중곡동 95-10,서울특별시 광진구 천호대로127길 33,37.55412762,127.0904521,2026-03-04
중곡4동,서울특별시 광진구 중곡동 113-16,서울특별시 광진구 자양로45길 46,37.55320844,127.0908869,2026-03-04
중곡4동,서울특별시 광진구 중곡동 80-9,서울특별시 광진구 용마산로 36,37.55677877,127.0883433,2026-03-04
중곡4동,서울특별시 광진구 중곡동 92-3,서울특별시 광진구 용마산로 24-1,37.55587755,127.0885226,2026-03-04
중곡4동,서울특별시 광진구 중곡동 80-22,서울특별시 광진구 자양로43길 141,37.5566971,127.0887674,2026-03-04
중곡4동,서울특별시 광진구 중곡동 91-1,서울특별시 광진구 용마산로4길 24,37.55638046,127.0895156,2026-03-04
중곡4동,서울특별시 광진구 중곡동 104-70,서울특별시 광진구 영화사로9가길 14,37.55573566,127.0938663,2026-03-04
중곡4동,서울특별시 광진구 중곡동 106-21,서울특별시 광진구 영화사로9가길 13-12,37.55633169,127.0938403,2026-03-04
중곡4동,서울특별시 광진구 중곡동 107-17,서울특별시 광진구 영화사로9길 51,37.55664794,127.0936153,2026-03-04
중곡4동,서울특별시 광진구 중곡동 107-94,서울특별시 광진구 영화사로9길 45,37.55659679,127.0933629,2026-03-04
중곡4동,서울특별시 광진구 중곡동 104-13,서울특별시 광진구 영화사로9가길 36,37.55657226,127.0947392,2026-03-04
중곡4동,서울특별시 광진구 중곡동 103-11,서울특별시 광진구 영화사로9가길 47,37.55726371,127.0946012,2026-03-04
중곡4동,서울특별시 광진구 중곡동 102-55,서울특별시 광진구 영화사로9길 85,37.55762328,127.0950701,2026-03-04
중곡4동,서울특별시 광진구 중곡동 107-107,서울특별시 광진구 영화사로3가길 30,37.55716827,127.093502,2026-03-04
중곡4동,서울특별시 광진구 중곡동 74-83,서울특별시 광진구 영화사로3길 79,37.55839562,127.0940538,2026-03-04
중곡4동,서울특별시 광진구 중곡동 85-6,서울특별시 광진구 긴고랑로36길 57-31,37.55779108,127.0918413,2026-03-04
중곡4동,서울특별시 광진구 중곡동 74-43,서울특별시 광진구 긴고랑로44길 26-12,37.55871698,127.094427,2026-03-04
중곡4동,서울특별시 광진구 중곡동 100-16,서울특별시 광진구 영화사로7길 25,37.55678467,127.0921845,2026-03-04
중곡4동,서울특별시 광진구 중곡동 86-9,서울특별시 광진구 긴고랑로40길 21-1,37.55800388,127.0922021,2026-03-04
중곡4동,서울특별시 광진구 중곡동 62-34,서울특별시 광진구 긴고랑로 133-1,37.55913468,127.0898089,2026-03-04
중곡4동,서울특별시 광진구 중곡동 72-22,서울특별시 광진구 긴고랑로45길 10,37.5605363,127.0949458,2026-03-04
중곡4동,서울특별시 광진구 중곡동 68-27,서울특별시 광진구 긴고랑로39길 10,37.55925865,127.0911117,2026-03-04
중곡4동,서울특별시 광진구 중곡동 67-1,서울특별시 광진구 긴고랑로39길 26,37.55988673,127.091575,2026-03-04
중곡4동,서울특별시 광진구 중곡동 66-8,서울특별시 광진구 긴고랑로39길 33,37.55995676,127.091897,2026-03-04
중곡4동,서울특별시 광진구 중곡동 604-1,서울특별시 광진구 용마산로36길 10,37.57073123,127.0866587,2026-03-04
중곡4동,서울특별시 광진구 중곡동 599-3,서울특별시 광진구 용마산로36길 42,37.57052478,127.0881518,2026-03-04
중곡4동,서울특별시 광진구 중곡동 287-2,서울특별시 광진구 용마산로36길 56,37.56991487,127.0883095,2026-03-04
중곡4동,서울특별시 광진구 중곡동 294-12,서울특별시 광진구 용마산로32길 40,37.56924148,127.0882991,2026-03-04
중곡4동,서울특별시 광진구 중곡동 294-4,서울특별시 광진구 용마산로36길 78,37.56896405,127.088549,2026-03-04
중곡4동,서울특별시 광진구 중곡동 296-43,서울특별시 광진구 용마산로28길 19,37.5678271,127.0873223,2026-03-04
중곡4동,서울특별시 광진구 중곡동 176-21,서울특별시 광진구 용마산로28길 41,37.56747325,127.0886903,2026-03-04
중곡4동,서울특별시 광진구 중곡동 293-29,서울특별시 광진구 용마산로30길 15-4,37.56890774,127.0869747,2026-03-04
중곡4동,서울특별시 광진구 중곡동 296-57,서울특별시 광진구 용마산로28가길 10-15,37.56837883,127.0872495,2026-03-04
중곡4동,서울특별시 광진구 중곡동 296-45,서울특별시 광진구 용마산로28길 13,37.56791058,127.0870744,2026-03-04
중곡4동,서울특별시 광진구 중곡동 18-45,서울특별시 광진구 용마산로26길 10,37.56719712,127.0869646,2026-03-04
중곡4동,서울특별시 광진구 중곡동 18-146,서울특별시 광진구 용마산로24길 3,37.56526681,127.0869912,2026-03-04
중곡4동,서울특별시 광진구 중곡동 18-114,서울특별시 광진구 용마산로22길 19-27,37.56490958,127.08782,2026-03-04
중곡4동,서울특별시 광진구 중곡동 18-117,서울특별시 광진구 용마산로22길 19-19,37.56452156,127.0878796,2026-03-04
중곡4동,서울특별시 광진구 중곡동 18-75,서울특별시 광진구 용마산로 112,37.56369059,127.0871299,2026-03-04
중곡4동,서울특별시 광진구 중곡동 147-24,서울특별시 광진구 용마산로8가길 30,37.56099861,127.0888027,2026-03-04
중곡4동,서울특별시 광진구 중곡동 147-20,서울특별시 광진구 용마산로8다길 5,37.56110447,127.0890443,2026-03-04
중곡4동,서울특별시 광진구 중곡동 147-17,서울특별시 광진구 용마산로8가길 38,37.56136,127.0888025,2026-03-04
중곡4동,서울특별시 광진구 중곡동 147-130,서울특별시 광진구 용마산로8다길 14-7,37.56134574,127.0897912,2026-03-04
중곡4동,서울특별시 광진구 중곡동 147-50,서울특별시 광진구 용마산로8다길 20,37.56155777,127.0895169,2026-03-04
중곡4동,서울특별시 광진구 중곡동 57-3,서울특별시 광진구 용마산로10길 5,37.5607298,127.0878898,2026-03-04
중곡4동,서울특별시 광진구 중곡동 150-90,서울특별시 광진구 용마산로14길 9-5,37.56141483,127.0878914,2026-03-04
중곡4동,서울특별시 광진구 중곡동 150-41,서울특별시 광진구 용마산로18길 11,37.56256232,127.0879121,2026-03-04
중곡4동,서울특별시 광진구 중곡동 150-63,서울특별시 광진구 용마산로20길 10,37.5626509,127.0876546,2026-03-04
중곡4동,서울특별시 광진구 중곡동 21-4,서울특별시 광진구 용마산로22길 10-10,37.56314114,127.0875257,2026-03-04
중곡4동,서울특별시 광진구 중곡동 150-83,서울특별시 광진구 용마산로 90,37.56167595,127.0875122,2026-03-04
중곡4동,서울특별시 광진구 중곡동 150-93,서울특별시 광진구 용마산로 86,37.56125376,127.0876057,2026-03-04
중곡4동,서울특별시 광진구 중곡동 143-48,서울특별시 광진구 용마산로8마길 17,37.56100324,127.0907764,2026-03-04
중곡4동,서울특별시 광진구 중곡동 143-92,서울특별시 광진구 용마산로8라길 30,37.56131802,127.0905718,2026-03-04
중곡4동,서울특별시 광진구 중곡동 18-23,서울특별시 광진구 용마산로 138,37.5659887,127.0868465,2026-03-04
능동,서울특별시 광진구 능동 222-1,서울특별시 광진구 천호대로 566,37.55634137,127.0806205,2026-03-04
능동,서울특별시 광진구 능동 239-9,서울특별시 광진구 천호대로116길 26,37.55404427,127.0834834,2026-03-04
능동,서울특별시 광진구 능동 244-6,서울특별시 광진구 천호대로118길 28,37.55351255,127.0848099,2026-03-04
능동,서울특별시 광진구 능동 240-19,서울특별시 광진구 능동로32길 80,37.55376719,127.0826175,2026-03-04
능동,서울특별시 광진구 능동 234-10,서울특별시 광진구 능동로34길 56,37.55455478,127.0821884,2026-03-04
능동,서울특별시 광진구 능동 208-1,서울특별시 광진구 천호대로112길 48-4,37.5542267,127.0803985,2026-03-04
능동,서울특별시 광진구 능동 232-27,,37.55357828,127.080226,2026-03-04
능동,서울특별시 광진구 능동 320-60,서울특별시 광진구 능동로32길 20-25,37.55400527,127.0794122,2026-03-04
능동,서울특별시 광진구 능동 284-13,,37.55359184,127.0784133,2026-03-04
능동,서울특별시 광진구 능동 284-8,서울특별시 광진구 천호대로110길 91,37.5532894,127.0783814,2026-03-04
능동,서울특별시 광진구 능동 283-36,서울특별시 광진구 능동로28길 4,37.55308571,127.0777906,2026-03-04
능동,서울특별시 광진구 능동 283-38,서울특별시 광진구 천호대로110길 104,37.55286824,127.0778828,2026-03-04
능동,서울특별시 광진구 능동 315-12,서울특별시 광진구 능동로24길 13,37.55192031,127.0776016,2026-03-04
능동,서울특별시 광진구 능동 316-1,,37.55175096,127.0771228,2026-03-04
능동,서울특별시 광진구 능동 313-10,,37.55212478,127.0786375,2026-03-04
능동,서울특별시 광진구 능동 314-1,서울특별시 광진구 능동로26길 22,37.55256738,127.0783152,2026-03-04
능동,서울특별시 광진구 능동 18-55,,37.55216829,127.0790513,2026-03-04
능동,서울특별시 광진구 능동 420-2,,37.55255278,127.0793961,2026-03-04
능동,서울특별시 광진구 능동 389-2,서울특별시 광진구 능동로30길 40,37.5529753,127.0794718,2026-03-04
능동,서울특별시 광진구 능동 384-1,,37.55267461,127.0799109,2026-03-04
능동,서울특별시 광진구 능동 197-5,서울특별시 광진구 능동로 24길 77,37.55334146,127.0805412,2026-03-04
능동,서울특별시 광진구 능동 172,,37.55275912,127.0812351,2026-03-04
능동,서울특별시 광진구 능동 242-33,,37.55270495,127.0829539,2026-03-04
능동,서울특별시 광진구 능동 241-24,서울특별시 광진구 천호대로 116길 66,37.55241241,127.0825411,2026-03-04
능동,서울특별시 광진구 능동 242-31,,37.55268587,127.0835606,2026-03-04
능동,서울특별시 광진구 능동 270-15,,37.5519412,127.0855709,2026-03-04
능동,서울특별시 광진구 능동 251-36,서울특별시 광진구 천호대로 124길 86,37.55205066,127.0849649,2026-03-04
능동,서울특별시 광진구 능동 18-26,,37.5514997,127.0860854,2026-03-04
능동,서울특별시 광진구 능동 258-9,서울특별시 광진구 천호대로124길 44,37.5518452,127.0868644,2026-03-04
능동,서울특별시 광진구 능동 18-24,,37.5519723,127.0873928,2026-03-04
능동,서울특별시 광진구 능동 253-23,서울특별시 광진구 능동로34길 136,37.55292977,127.0863146,2026-03-04
능동,서울특별시 광진구 능동 254-6,서울특별시 광진구 능동로36길 168,37.55299012,127.0876884,2026-03-04
구의1동,서울특별시 광진구 구의1동 253-56,,37.54429616,127.0837854,2026-03-04
구의1동,서울특별시 광진구 구의1동 254-33,서울특별시 광진구 자양로23길 50,37.54251714,127.0833981,2026-03-04
구의1동,서울특별시 광진구 구의1동 649-3,서울특별시 광진구 자양로23나길 20,37.54263188,127.0820461,2026-03-04
구의1동,서울특별시 광진구 구의1동 650-12,서울특별시 광진구 자양로23가길 19,37.54207254,127.0815209,2026-03-04
구의1동,서울특별시 광진구 구의1동 655-4,,37.54157979,127.0824231,2026-03-04
구의1동,서울특별시 광진구 구의1동 250-41,서울특별시 광진구 자양로28길 6,37.54231069,127.0845806,2026-03-04
구의1동,서울특별시 광진구 구의1동 250-1,서울특별시 광진구 광나루로36길 68,37.54203865,127.0856165,2026-03-04
구의1동,서울특별시 광진구 구의1동 249-16,서울특별시 광진구 자양로28길 40,37.54186452,127.0863092,2026-03-04
구의1동,서울특별시 광진구 구의1동 249-29,서울특별시 광진구 자양로28길 48,37.54172826,127.0868412,2026-03-04
구의1동,서울특별시 광진구 구의1동 240-8,서울특별시 광진구 광나루로 38길 79,37.54135381,127.0872033,2026-03-04
구의1동,서울특별시 광진구 구의1동 248-10,서울특별시 광진구 자양로26길 42,37.54121798,127.0861599,2026-03-04
구의1동,서울특별시 광진구 구의1동 248-150,,37.53988278,127.0864218,2026-03-04
구의1동,서울특별시 광진구 구의1동 240-23,서울특별시 광진구 자양로26길 61,37.54099515,127.087404,2026-03-04
구의1동,서울특별시 광진구 구의1동 239-111,서울특별시 광진구 광나루로38길 57,37.5422947,127.0875997,2026-03-04
구의1동,서울특별시 광진구 구의1동 239-108,서울특별시 광진구 광나루로38길 49,37.5426206,127.0877048,2026-03-04
구의1동,서울특별시 광진구 구의1동 239-105,서울특별시 광진구 광나루로38길 43,37.54284206,127.087841,2026-03-04
구의1동,서울특별시 광진구 구의1동 232-80,서울특별시 광진구 자양로30길 29,37.54359867,127.0865692,2026-03-04
구의1동,서울특별시 광진구 구의1동 235-39,서울특별시 광진구 자양로30길 11,37.54391237,127.0854943,2026-03-04
구의1동,서울특별시 광진구 구의1동 233-12,서울특별시 광진구 광나루로36길 7,37.54446914,127.0869064,2026-03-04
구의1동,서울특별시 광진구 구의1동 231-56,서울특별시 광진구 자양로32길 70,37.54399051,127.0889928,2026-03-04
구의1동,서울특별시 광진구 구의1동 231-13,서울특별시 광진구 광나루로40길 36,37.54320602,127.089094,2026-03-04
구의1동,서울특별시 광진구 구의1동 239-122,,37.5423638,127.0887014,2026-03-04
구의1동,서울특별시 광진구 구의1동 240-25,서울특별시 광진구 광나루로40길 78,37.54134414,127.088697,2026-03-04
구의2동,서울특별시 광진구 구의2동 540-11,,37.54651156,127.0913994,2026-03-04
구의2동,서울특별시 광진구 구의2동 540-5,,37.5465312,127.0914201,2026-03-04
구의2동,서울특별시 광진구 구의2동 61-12,서울특별시 광진구 자양로38길 39,37.54677833,127.0901329,2026-03-04
구의2동,서울특별시 광진구 구의2동 68-8,서울특별시 광진구 광나루로35길 11,37.54558554,127.0867091,2026-03-04
구의2동,서울특별시 광진구 구의2동 70-20,서울특별시 광진구 자양로38길 9,37.5472844,127.0886096,2026-03-04
구의2동,서울특별시 광진구 구의2동 116-1,,37.5444007,127.092844,2026-03-04
구의2동,서울특별시 광진구 구의2동 60-51,서울특별시 광진구 자양로40길 49,37.54707827,127.0914186,2026-03-04
구의2동,서울특별시 광진구 구의2동 59-26,서울특별시 광진구 능동로 23-10,37.54874667,127.0917462,2026-03-04
구의2동,서울특별시 광진구 구의2동 60-60,서울특별시 광진구 천호대로136길 23,37.54840343,127.0911052,2026-03-04
구의2동,서울특별시 광진구 구의2동 72-8,,37.54793953,127.090262,2026-03-04
구의2동,서울특별시 광진구 구의2동 63-20,서울특별시 광진구 자양로40길 28,37.54758182,127.0903871,2026-03-04
구의2동,서울특별시 광진구 구의2동 70-1,서울특별시 광진구 자양로40길 8,37.54817301,127.0895054,2026-03-04
구의2동,서울특별시 광진구 구의2동 71-13,서울특별시 광진구 천호대로134길 2,37.54914941,127.0906976,2026-03-04
구의2동,서울특별시 광진구 구의2동 78-5,서울특별시 광진구 천호대로132길 27,37.54962715,127.0892484,2026-03-04
구의2동,서울특별시 광진구 구의2동 75-27,서울특별시 광진구 자양로41길 20,37.55023515,127.0894756,2026-03-04
구의2동,서울특별시 광진구 구의2동 76-1,서울특별시 광진구 천호대로 666,37.55134574,127.0893334,2026-03-04
구의2동,서울특별시 광진구 구의2동 77-39,서울특별시 광진구 천호대로130길 39,37.55000224,127.0884005,2026-03-04
구의2동,서울특별시 광진구 구의2동 613-28,,37.54899668,127.08773,2026-03-04
구의2동,서울특별시 광진구 구의2동 613-8,서울특별시 광진구 천호대로 664,37.54894033,127.0866817,2026-03-04
구의2동,서울특별시 광진구 구의2동 616-6,서울특별시 광진구 자양로37길 38-6,37.54881617,127.0866949,2026-03-04
구의2동,서울특별시 광진구 구의2동 612-37,,37.54812905,127.0857325,2026-03-04
구의2동,서울특별시 광진구 구의2동 615-27,,37.54865474,127.087875,2026-03-04
구의2동,서울특별시 광진구 구의2동 57-120,서울특별시 광진구 천호대로137길 13,37.54962959,127.0929759,2026-03-04
구의2동,서울특별시 광진구 구의2동 56-11,서울특별시 광진구 자양로44길 21,37.55068654,127.0927554,2026-03-04
구의2동,서울특별시 광진구 구의2동 55-4,서울특별시 광진구 자양로43길 14,37.55125317,127.0910326,2026-03-04
구의2동,서울특별시 광진구 구의2동 58-21,서울특별시 광진구 자양로44길 48,37.54994104,127.0940219,2026-03-04
구의2동,서울특별시 광진구 구의2동 58-1,서울특별시 광진구 자양로44길 52,37.54983753,127.0942279,2026-03-04
구의2동,서울특별시 광진구 구의2동 36-36,서울특별시 광진구 자양로44다길 34,37.55103771,127.0963984,2026-03-04
구의2동,서울특별시 광진구 구의2동 36-22,서울특별시 광진구 자양로44다길 10,37.55032409,127.0956668,2026-03-04
구의2동,서울특별시 광진구 구의2동 36-25,서울특별시 광진구 자양로44길 89,37.55014315,127.0961362,2026-03-04
구의2동,서울특별시 광진구 구의2동 86-1,,37.55060691,127.0972181,2026-03-04
구의2동,서울특별시 광진구 구의2동 36-8,서울특별시 광진구 자양로44길 113,37.55085194,127.0968202,2026-03-04
구의2동,서울특별시 광진구 구의2동 34-4,,37.55167843,127.0961563,2026-03-04
구의2동,서울특별시 광진구 구의2동 35-28,서울특별시 광진구 자양로44길 141,37.55183505,127.0957925,2026-03-04
구의2동,서울특별시 광진구 구의2동 35-3,서울특별시 광진구 자양로48길 56,37.55170534,127.0950791,2026-03-04
구의2동,서울특별시 광진구 구의2동 45-3,서울특별시 광진구 자양로44가길 30,37.55136392,127.0941094,2026-03-04
구의2동,서울특별시 광진구 구의2동 48-21,서울특별시 광진구 자양로48길 21,37.55135683,127.0932819,2026-03-04
구의2동,서울특별시 광진구 구의2동 31-15,서울특별시 광진구 자양로50길 13,37.55212879,127.09307,2026-03-04
구의2동,서울특별시 광진구 구의2동 23-4,서울특별시 광진구 자양로50길 63,37.55279961,127.0958557,2026-03-04
구의2동,서울특별시 광진구 구의2동 23-28,서울특별시 광진구 자양로50길 88,37.55337447,127.0970301,2026-03-04
구의2동,서울특별시 광진구 구의2동 19-18,,37.5542393,127.0965283,2026-03-04
구의2동,서울특별시 광진구 구의2동 21-7,,37.55375624,127.0961376,2026-03-04
구의2동,서울특별시 광진구 구의2동 19-7,서울특별시 광진구 영화사로16길 31,37.55423957,127.0965286,2026-03-04
구의2동,서울특별시 광진구 구의2동 19-3,서울특별시 광진구 영화사로 98-1,37.55431092,127.0966562,2026-03-04
구의2동,서울특별시 광진구 구의2동 16-26,서울특별시 광진구 영화사로 87,37.55487874,127.0956467,2026-03-04
구의2동,서울특별시 광진구 구의2동 560-13,서울특별시 광진구 영화사로 83,37.55489671,127.0951501,2026-03-04
구의2동,서울특별시 광진구 구의2동 558-10,서울특별시 광진구 영화사로 65,37.554996,127.093575,2026-03-04
구의2동,서울특별시 광진구 구의2동 551-2,서울특별시 광진구 영화사로13길 37,37.5559342,127.0952676,2026-03-04
구의2동,서울특별시 광진구 구의2동 22-3,서울특별시 광진구 자양로54길 9-12,37.55425689,127.0949535,2026-03-04
구의2동,서울특별시 광진구 구의2동 26-22,,37.55403582,127.0943516,2026-03-04
구의2동,서울특별시 광진구 구의2동 26-20,서울특별시 광진구 자양로 314,37.55331625,127.0935889,2026-03-04
구의2동,서울특별시 광진구 구의2동 87-2,,37.55444605,127.0928599,2026-03-04
구의3동,서울특별시 광진구 구의3동 604,,37.5357809,127.092242,2026-03-04
구의3동,서울특별시 광진구 구의3동 596-1,서울특별시 광진구 뚝섬로66길 7,37.53364637,127.0903433,2026-03-04
구의3동,서울특별시 광진구 구의3동 591,서울특별시 광진구 아차산로58길 51,37.53564942,127.0895865,2026-03-04
구의3동,서울특별시 광진구 구의3동 590-14,서울특별시 광진구 구의강변로3길 27,37.53613912,127.090635,2026-03-04
구의3동,서울특별시 광진구 구의3동 587-56,서울특별시 광진구 구의강변로3길 38,37.53662078,127.0904148,2026-03-04
구의3동,서울특별시 광진구 구의3동 590-1,서울특별시 광진구 구의강변로3길 45,37.5363386,127.0899298,2026-03-04
구의3동,서울특별시 광진구 구의3동 587-68,,37.53702029,127.0907651,2026-03-04
구의3동,서울특별시 광진구 구의3동 587-60,서울특별시 광진구 구의강변로3가길 24,37.53648453,127.091848,2026-03-04
구의3동,서울특별시 광진구 구의3동 593-1,서울특별시 광진구 뚝섬로67길 34,37.53571278,127.0909749,2026-03-04
구의3동,서울특별시 광진구 구의3동 593-6,서울특별시 광진구 구의강변로3길 13-11,37.53533894,127.0911045,2026-03-04
구의3동,서울특별시 광진구 구의3동 596-3,서울특별시 광진구 뚝섬로 736,37.53406735,127.0908897,2026-03-04
구의3동,서울특별시 광진구 구의3동 590,서울특별시 광진구 구의강변로3길 53,37.53625436,127.0895722,2026-03-04
구의3동,서울특별시 광진구 구의3동 218-32,서울특별시 광진구 아차산로60길 13-3,37.53823545,127.0921821,2026-03-04
구의3동,서울특별시 광진구 구의3동 216-3,서울특별시 광진구 구의강변로5길 15,37.53820186,127.0927364,2026-03-04
구의3동,서울특별시 광진구 구의3동 217-4,서울특별시 광진구 아차산로62길 14-9,37.53869954,127.0933573,2026-03-04
구의3동,서울특별시 광진구 구의3동 210-53,서울특별시 광진구 광나루로52길 88,37.53936389,127.0912176,2026-03-04
구의3동,서울특별시 광진구 구의3동 210-24,,37.53989159,127.0914734,2026-03-04
구의3동,서울특별시 광진구 구의3동 219-7,서울특별시 광진구 아차산로 453,37.5395228,127.0927333,2026-03-04
구의3동,서울특별시 광진구 구의3동 200-9,,37.54116385,127.0946175,2026-03-04
구의3동,서울특별시 광진구 구의3동 206-45,서울특별시 광진구 구의로16길 82,37.54179696,127.0939599,2026-03-04
구의3동,서울특별시 광진구 구의3동 202-14,서울특별시 광진구 광나루로48길 12,37.54297983,127.0931157,2026-03-04
구의3동,서울특별시 광진구 구의3동 203-33,서울특별시 광진구 광나루로46길 10,37.54348668,127.092609,2026-03-04
구의3동,서울특별시 광진구 구의3동 228-9,서울특별시 광진구 구의로16길 13,37.54385111,127.0913673,2026-03-04
구의3동,서울특별시 광진구 구의3동 208-57,,37.54173627,127.0919718,2026-03-04
구의3동,서울특별시 광진구 구의3동 211-23,서울특별시 광진구 아차산로63길 28,37.54072475,127.0923924,2026-03-04
구의3동,서울특별시 광진구 구의3동 228-2,서울특별시 광진구 광나루로 556,37.54420149,127.0912823,2026-03-04
구의3동,서울특별시 광진구 구의3동 203-9,,37.54375048,127.0925154,2026-03-04
광장동,서울특별시 광진구 광장동 394-3,서울특별시 광진구 천호대로 793,37.5463175,127.1019411,2026-03-04
광장동,서울특별시 광진구 광장동 258-25,서울특별시 광진구 광장로1길 6,37.54715406,127.1022768,2026-03-04
광장동,서울특별시 광진구 광장동 388-7,서울특별시 광진구 광장로1가길 13-6,37.54733702,127.1010584,2026-03-04
광장동,서울특별시 광진구 광장동 394-1,서울특별시 광진구 광장로1나길 4,37.54840823,127.1025123,2026-03-04
광장동,서울특별시 광진구 광장동 393-9,서울특별시 광진구 광장로1다길 7,37.54873059,127.1027321,2026-03-04
광장동,서울특별시 광진구 광장동 355-2,서울특별시 광진구 광장로1다길 2,37.54895727,127.1032703,2026-03-04
광장동,서울특별시 광진구 광장동 248-24,서울특별시 광진구 광장로 52,37.54688276,127.1030098,2026-03-04
광장동,서울특별시 광진구 광장동 245-11,서울특별시 광진구 천호대로143길 8-11,37.54596057,127.1035458,2026-03-04
광장동,서울특별시 광진구 광장동 248-38,서울특별시 광진구 아차산로75길 23,37.54637097,127.1037651,2026-03-04
광장동,서울특별시 광진구 광장동 272-33,서울특별시 광진구 광장로5길 18,37.54845098,127.1050223,2026-03-04
광장동,서울특별시 광진구 광장동 350-2,서울특별시 광진구 광장로7길 27,37.54898375,127.1054218,2026-03-04
광장동,서울특별시 광진구 광장동 272-24,서울특별시 광진구 광장로7길 7,37.54812948,127.1055597,2026-03-04
광장동,서울특별시 광진구 광장동 324-1,서울특별시 광진구 아차산로78가길 54,37.54804062,127.107869,2026-03-04
광장동,서울특별시 광진구 광장동 184-10,서울특별시 광진구 아차산로78가길 39,37.54822853,127.1086947,2026-03-04
광장동,서울특별시 광진구 광장동 148-21,서울특별시 광진구 아차산로78가길 30,37.54878225,127.1088318,2026-03-04
광장동,서울특별시 광진구 광장동 182-12,서울특별시 광진구 아차산로78가길 42,37.54836454,127.1084478,2026-03-04
광장동,서울특별시 광진구 광장동 120,서울특별시 광진구 아차산로78길 33,37.55075594,127.1092625,2026-03-04
자양1동,서울특별시 광진구 자양동 768-5,서울특별시 광진구 자양로21길 24,37.53971424,127.0818218,2026-03-04
자양1동,서울특별시 광진구 자양동 770-1,서울특별시 광진구 자양로21길 40,37.53920202,127.0811711,2026-03-04
자양1동,서울특별시 광진구 자양동 769-29,서울특별시 광진구 자양로19길 34,37.53859104,127.0814469,2026-03-04
자양1동,서울특별시 광진구 자양동 770-34,서울특별시 광진구 자양로19길 48,37.53821416,127.0809167,2026-03-04
자양1동,서울특별시 광진구 자양동 774-27,서울특별시 광진구 아차산로 327-12,37.53790134,127.0794428,2026-03-04
자양1동,서울특별시 광진구 자양동 224-13,서울특별시 광진구 아차산로41길 25,37.53836055,127.0784018,2026-03-04
자양1동,서울특별시 광진구 자양동 226-1,서울특별시 광진구 아차산로39길 11,37.53852785,127.0769285,2026-03-04
자양1동,서울특별시 광진구 자양동 224-10,서울특별시 광진구 아차산로 321,37.53799807,127.0785601,2026-03-04
자양1동,서울특별시 광진구 자양동 774-11,서울특별시 광진구 아차산로45길 11,37.53752162,127.0808233,2026-03-04
자양1동,서울특별시 광진구 자양동 768-4,서울특별시 광진구 자양로21길 16-13,37.53986804,127.0816842,2026-03-04
자양1동,서울특별시 광진구 자양동 229-33,서울특별시 광진구 아차산로40길 53-20,37.53526114,127.0783601,2026-03-04
자양1동,서울특별시 광진구 자양동 230-9,서울특별시 광진구 아차산로44길 29,37.53626489,127.0793813,2026-03-04
자양1동,서울특별시 광진구 자양동 222-3,서울특별시 광진구 아차산로44길 8,37.53691904,127.0804159,2026-03-04
자양1동,서울특별시 광진구 자양동 223-4,서울특별시 광진구 아차산로 324,37.53741796,127.0787587,2026-03-04
자양1동,서울특별시 광진구 자양동 229-30,서울특별시 광진구 아차산로40길 43,37.53565238,127.0780463,2026-03-04
자양1동,서울특별시 광진구 자양동 862,서울특별시 광진구 자양로 55,37.53265204,127.0845274,2026-03-04
자양1동,서울특별시 광진구 자양동 631-1,서울특별시 광진구 뚝섬로57길 59,37.53404697,127.0820424,2026-03-04
자양1동,서울특별시 광진구 자양동 661-18,서울특별시 광진구 뚝섬로57길 3,37.53200588,127.0836657,2026-03-04
자양1동,서울특별시 광진구 자양동 653-34,서울특별시 광진구 뚝섬로 655,37.5315884,127.0823197,2026-03-04
자양1동,서울특별시 광진구 자양동 657-6,서울특별시 광진구 자양로9길 5,37.53369126,127.084091,2026-03-04
자양1동,서울특별시 광진구 자양동 635-2,서울특별시 광진구 뚝섬로57가길 63,37.53235,127.0801185,2026-03-04
자양1동,서울특별시 광진구 자양동 653,서울특별시 광진구 자양로9길 73,37.53207089,127.0812789,2026-03-04
자양1동,서울특별시 광진구 자양동 616-36,서울특별시 광진구 뚝섬로 621,37.53241515,127.0787624,2026-03-04
자양1동,서울특별시 광진구 자양동 610-12,서울특별시 광진구 뚝섬로 595,37.53320881,127.0762003,2026-03-04
자양1동,서울특별시 광진구 자양동 614-19,서울특별시 광진구 뚝섬로43길 18-1,37.53361729,127.0772235,2026-03-04
자양1동,서울특별시 광진구 자양동 614-23,서울특별시 광진구 뚝섬로45길 32,37.53390051,127.0782732,2026-03-04
자양1동,서울특별시 광진구 자양동 618-13,서울특별시 광진구 뚝섬로51길 17,37.53343161,127.0797804,2026-03-04
자양1동,서울특별시 광진구 자양동 620-6,서울특별시 광진구 뚝섬로47길 40,37.53396306,127.0791777,2026-03-04
자양1동,서울특별시 광진구 자양동 623-22,서울특별시 광진구 뚝섬로51길 44-1,37.53422242,127.0809701,2026-03-04
자양1동,서울특별시 광진구 자양동 624-45,서울특별시 광진구 자양로13가길 2,37.53452601,127.0818195,2026-03-04
자양1동,서울특별시 광진구 자양동 795-8,서울특별시 광진구 아차산로 318,37.5376131,127.0781007,2026-03-04
자양1동,서울특별시 광진구 자양동 661-17,서울특별시 광진구 뚝섬로57길 9,37.53217973,127.0836001,2026-03-04
자양2동,서울특별시 광진구 자양동 663-25,서울특별시 광진구 자양로5길 53,37.53069359,127.0828771,2026-03-04
자양2동,서울특별시 광진구 자양동 663-21,서울특별시 광진구 자양로5길 33,37.53092173,127.084141,2026-03-04
자양2동,서울특별시 광진구 자양동 664-25,서울특별시 광진구 뚝섬로58길 24,37.53078407,127.0846193,2026-03-04
자양2동,서울특별시 광진구 자양동 667,서울특별시 광진구 뚝섬로58길 36,37.53030305,127.084968,2026-03-04
자양2동,서울특별시 광진구 자양동 667-11,서울특별시 광진구 뚝섬로58길 46,37.52995921,127.0852363,2026-03-04
자양2동,서울특별시 광진구 자양동 678-29,서울특별시 광진구 자양로3길 16,37.53074436,127.0854627,2026-03-04
자양2동,서울특별시 광진구 자양동 664-20,서울특별시 광진구 자양로3길 46,37.53008169,127.0840578,2026-03-04
자양2동,서울특별시 광진구 자양동 666-28,서울특별시 광진구 자양로3길 55,37.52947685,127.0839319,2026-03-04
자양2동,서울특별시 광진구 자양동 667-8,서울특별시 광진구 뚝섬로58길 68,37.52945425,127.08454,2026-03-04
자양2동,서울특별시 광진구 자양동 669-10,서울특별시 광진구 자양로3가길 36,37.528605,127.0848735,2026-03-04
자양2동,서울특별시 광진구 자양동 669-12,서울특별시 광진구 뚝섬로56가길 31,37.52855159,127.0845888,2026-03-04
자양2동,서울특별시 광진구 자양동 669-5,서울특별시 광진구 뚝섬로58길 83-9,37.52871986,127.0841421,2026-03-04
자양2동,서울특별시 광진구 자양동 666-13,서울특별시 광진구 뚝섬로58길 90,37.52901458,127.083499,2026-03-04
자양2동,서울특별시 광진구 자양동 643-5,서울특별시 광진구 뚝섬로52마길 48,37.52865662,127.0809002,2026-03-04
자양2동,서울특별시 광진구 자양동 643-17,서울특별시 광진구 뚝섬로52마길 50-12,37.52831453,127.0807353,2026-03-04
자양2동,서울특별시 광진구 자양동 646-19,서울특별시 광진구 뚝섬로52라길 72,37.52920802,127.0824875,2026-03-04
자양2동,서울특별시 광진구 자양동 664-9,서울특별시 광진구 뚝섬로58가길 15,37.53047037,127.0839458,2026-03-04
자양2동,서울특별시 광진구 자양동 663-17,서울특별시 광진구 자양로5길 43,37.53079939,127.08348,2026-03-04
자양2동,서울특별시 광진구 자양동 650-6,서울특별시 광진구 뚝섬로56길 34,37.52987866,127.0825739,2026-03-04
자양2동,서울특별시 광진구 자양동 650-3,서울특별시 광진구 뚝섬로52나길 60,37.52997246,127.0823044,2026-03-04
자양2동,서울특별시 광진구 자양동 650-42,서울특별시 광진구 뚝섬로52라길 61-15,37.52966109,127.0816363,2026-03-04
자양2동,서울특별시 광진구 자양동 651-16,서울특별시 광진구 뚝섬로52나길 37,37.53048032,127.0811939,2026-03-04
자양2동,서울특별시 광진구 자양동 679-28,서울특별시 광진구 자양로5길 8,37.5320841,127.0849065,2026-03-04
자양2동,서울특별시 광진구 자양동 597-39,서울특별시 광진구 뚝섬로50길 50,37.53014427,127.0775318,2026-03-04
자양2동,서울특별시 광진구 자양동 593-3,서울특별시 광진구 자양번영로2길 34,37.53009221,127.0768171,2026-03-04
자양2동,서울특별시 광진구 자양동 811,서울특별시 광진구 뚝섬로46길 74,37.5294813,127.0757419,2026-03-04
자양2동,서울특별시 광진구 자양동 591,서울특별시 광진구 뚝섬로46길 64,37.53024545,127.0755876,2026-03-04
자양2동,서울특별시 광진구 자양동 600,서울특별시 광진구 자양번영로 20,37.53139185,127.0753606,2026-03-04
자양2동,서울특별시 광진구 자양동 601,서울특별시 광진구 자양번영로 32,37.53242319,127.0757039,2026-03-04
자양2동,서울특별시 광진구 자양동 599-1,서울특별시 광진구 자양번영로4길 16,37.53132393,127.0761743,2026-03-04
자양2동,서울특별시 광진구 자양동 598-3,서울특별시 광진구 자양번영로4길 34,37.53115123,127.0771182,2026-03-04
자양2동,서울특별시 광진구 자양동 595-31,서울특별시 광진구 자양번영로2길 61,37.52996244,127.0784952,2026-03-04
자양2동,서울특별시 광진구 자양동 652-42,서울특별시 광진구 뚝섬로52가길 45,37.53100186,127.0819182,2026-03-04
자양2동,서울특별시 광진구 자양동 643-2,서울특별시 광진구 뚝섬로52마길 34,37.52878221,127.080254,2026-03-04
자양2동,서울특별시 광진구 자양동 643-7,서울특별시 광진구 뚝섬로52마길 42-7,37.52847797,127.0806136,2026-03-04
자양2동,서울특별시 광진구 자양동 686-17,서울특별시 광진구 자양로2길 13-1,37.53110906,127.0874704,2026-03-04
자양2동,서울특별시 광진구 자양동 686-13,서울특별시 광진구 자양로4길 12-1,37.53140216,127.08698,2026-03-04
자양2동,서울특별시 광진구 자양동 688-8,서울특별시 광진구 자양로2길 29,37.53153439,127.0882356,2026-03-04
자양2동,서울특별시 광진구 자양동 688-7,서울특별시 광진구 자양로2길 33,37.53150422,127.0884578,2026-03-04
자양2동,서울특별시 광진구 자양동 689,서울특별시 광진구 뚝섬로62길 47,37.53127438,127.0884558,2026-03-04
자양2동,서울특별시 광진구 자양동 685-21,서울특별시 광진구 자양로4길 21,37.53188879,127.0873435,2026-03-04
자양2동,서울특별시 광진구 자양동 685-14,서울특별시 광진구 자양로4가길 6-1,37.53176453,127.08674,2026-03-04
자양2동,서울특별시 광진구 자양동 681-25,서울특별시 광진구 뚝섬로60길 8,37.53242476,127.0865344,2026-03-04
자양2동,서울특별시 광진구 자양동 684,서울특별시 광진구 자양로6길 40,37.53268171,127.0880205,2026-03-04
자양2동,서울특별시 광진구 자양동 690-63,서울특별시 광진구 자양로4나길 32,37.53030855,127.0880367,2026-03-04
자양2동,서울특별시 광진구 자양동 684-10,서울특별시 광진구 뚝섬로64길 14,37.53288758,127.0887538,2026-03-04
자양2동,서울특별시 광진구 자양동 685-33,서울특별시 광진구 뚝섬로62길 12,37.53259929,127.0877458,2026-03-04
자양2동,서울특별시 광진구 자양동 687,서울특별시 광진구 뚝섬로62길 25,37.53216094,127.0881313,2026-03-04
자양2동,서울특별시 광진구 자양동 688-1,서울특별시 광진구 뚝섬로62길 33-8,37.53170096,127.0885174,2026-03-04
자양2동,서울특별시 광진구 자양동 689-5,서울특별시 광진구 뚝섬로64길 58,37.53096546,127.0888886,2026-03-04
자양3동,서울특별시 광진구 자양동 578,서울특별시 광진구 자양번영로 59,37.53492247,127.0759888,2026-03-04
자양3동,서울특별시 광진구 자양동 611-3,서울특별시 광진구 자양번영로 60,37.53473802,127.0764308,2026-03-04
자양3동,서울특별시 광진구 자양동 462-6,서울특별시 광진구 뚝섬로38길 18,37.53331744,127.0729651,2026-03-04
자양3동,서울특별시 광진구 자양동 787,서울특별시 광진구 자양번영로3길 65,37.53247225,127.0711425,2026-03-04
자양3동,서울특별시 광진구 자양동 855,서울특별시 광진구 능동로 18,37.53268464,127.0678785,2026-03-04
자양3동,서울특별시 광진구 자양동 587-6,서울특별시 광진구 자양번영로1길 57,37.53058708,127.0717385,2026-03-04
자양3동,서울특별시 광진구 자양동 783-1,서울특별시 광진구 아차산로36길 39,37.53631294,127.0743585,2026-03-04
자양3동,서울특별시 광진구 자양동 516,서울특별시 광진구 뚝섬로35길 32,37.53621852,127.0712909,2026-03-04
자양3동,서울특별시 광진구 자양동 589-5,서울특별시 광진구 자양번영로3나길 31,37.53055782,127.0736133,2026-03-04
자양3동,서울특별시 광진구 자양동 582-19,서울특별시 광진구 자양번영로3길 16,37.53188494,127.0742753,2026-03-04
자양3동,서울특별시 광진구 자양동 474-3,서울특별시 광진구 자양번영로3다길 10,37.53182927,127.0730894,2026-03-04
자양3동,서울특별시 광진구 자양동 581-2,서울특별시 광진구 자양번영로 35,37.53289841,127.0752337,2026-03-04
자양4동,서울특별시 광진구 자양동 10-42,서울특별시 광진구 아차산로28길 8,37.54020572,127.0664992,2026-03-04
자양4동,서울특별시 광진구 자양동 10-16,서울특별시 광진구 아차산로28길 26,37.53956344,127.066248,2026-03-04
자양4동,서울특별시 광진구 자양동 16-1,서울특별시 광진구 동일로20길 26,37.5409786,127.0648738,2026-03-04
자양4동,서울특별시 광진구 자양동 200,서울특별시 광진구 뚝섬로22가길 9,37.53583196,127.0617444,2026-03-04
자양4동,서울특별시 광진구 자양동 202-14,서울특별시 광진구 뚝섬로22길 22,37.53604947,127.0613803,2026-03-04
자양4동,서울특별시 광진구 자양동 238-20,서울특별시 광진구 뚝섬로 470-1,37.53663205,127.0626026,2026-03-04
자양4동,서울특별시 광진구 자양동 16-66,서울특별시 광진구 아차산로22길 27,37.5405979,127.0642635,2026-03-04
자양4동,서울특별시 광진구 자양동 5-7,서울특별시 광진구 아차산로32길 17,37.53913265,127.0685096,2026-03-04
자양4동,서울특별시 광진구 자양동 4-19,서울특별시 광진구 동일로18길 104,37.53820986,127.068323,2026-03-04
자양4동,서울특별시 광진구 자양동 848-15,서울특별시 광진구 능동로9길 34,37.53818312,127.0675006,2026-03-04
자양4동,서울특별시 광진구 자양동 841-13,서울특별시 광진구 뚝섬로23가길 35,37.53882169,127.0658529,2026-03-04
자양4동,서울특별시 광진구 자양동 784-1,서울특별시 광진구 뚝섬로31길 20,37.53600541,127.0681186,2026-03-04
자양4동,서울특별시 광진구 자양동 91-4,서울특별시 광진구 능동로3다길 27,37.53301919,127.0643245,2026-03-04
자양4동,서울특별시 광진구 자양동 92-4,서울특별시 광진구 능동로3다길 33,37.53277068,127.0640217,2026-03-04
자양4동,서울특별시 광진구 자양동 57-151,서울특별시 광진구 능동로3길 61-8,37.53405432,127.0637154,2026-03-04
자양4동,서울특별시 광진구 자양동 829,서울특별시 광진구 능동로 19,37.53315344,127.0672364,2026-03-04
자양4동,서울특별시 광진구 자양동 57-130,서울특별시 광진구 뚝섬로24길 72,37.53351535,127.0623494,2026-03-04
자양4동,서울특별시 광진구 자양동 193-30,서울특별시 광진구 뚝섬로22길 79-2,37.53422333,127.0620561,2026-03-04
자양4동,서울특별시 광진구 자양동 192-24,서울특별시 광진구 뚝섬로22길 73,37.53424262,127.0615138,2026-03-04
자양4동,서울특별시 광진구 자양동 203-18,서울특별시 광진구 뚝섬로22길 42,37.53548324,127.0609325,2026-03-04
자양4동,서울특별시 광진구 자양동 10-7,서울특별시 광진구 아차산로26길 31,37.53985052,127.0658953,2026-03-04
자양4동,서울특별시 광진구 자양동 857,서울특별시 광진구 동일로18길 36,37.53941846,127.0648013,2026-03-04
자양4동,서울특별시 광진구 자양동 87-1,서울특별시 광진구 능동로1길 15,37.53270299,127.065535,2026-03-04
화양동,서울특별시 광진구 화양동 9-18,서울특별시 광진구 아차산로31길 13,37.5416989,127.0693878,2026-03-04
화양동,서울특별시 광진구 화양동 9-22,서울특별시 광진구 아차산로31길 9,37.54148282,127.0692729,2026-03-04
화양동,서울특별시 광진구 화양동 35-5,서울특별시 광진구 아차산로27길 45,37.54360508,127.0684267,2026-03-04
화양동,서울특별시 광진구 화양동 35-67,서울특별시 광진구 아차산로27길 61,37.54425972,127.068772,2026-03-04
화양동,서울특별시 광진구 화양동 33-55,서울특별시 광진구 동일로26길 29,37.54511299,127.0676349,2026-03-04
화양동,서울특별시 광진구 화양동 24-33,,37.54420569,127.0652257,2026-03-04
화양동,서울특별시 광진구 화양동 41-8,서울특별시 광진구 동일로 146,37.54533804,127.066078,2026-03-04
화양동,서울특별시 광진구 화양동 20-25,서울특별시 광진구 광나루로12길 19,37.54673633,127.0676174,2026-03-04
화양동,서울특별시 광진구 화양동 32-18,서울특별시 광진구 동일로28길 30,37.5463072,127.0682221,2026-03-04
화양동,서울특별시 광진구 화양동 21-1,서울특별시 광진구 광나루로 352,37.54798858,127.068801,2026-03-04
화양동,서울특별시 광진구 화양동 116-2,서울특별시 광진구 광나루로 370,37.54759747,127.070902,2026-03-04
화양동,서울특별시 광진구 화양동 202,서울특별시 광진구 광나루로 386-3,37.54740373,127.0727291,2026-03-04
화양동,서울특별시 광진구 화양동 110-51,,37.54631016,127.0729232,2026-03-04
화양동,서울특별시 광진구 화양동 110-30,,37.54660756,127.0720663,2026-03-04
화양동,서울특별시 광진구 화양동 110-44,,37.54674676,127.0719277,2026-03-04
화양동,서울특별시 광진구 화양동 110-33,,37.54622159,127.071158,2026-03-04
화양동,서울특별시 광진구 화양동 132-98,,37.54682382,127.0706977,2026-03-04
화양동,서울특별시 광진구 화양동 529,서울특별시 광진구 능동로15길 22,37.5453437,127.0715285,2026-03-04
화양동,서울특별시 광진구 화양동 89-2,서울특별시 광진구 능동로15길 4,37.54504422,127.0726803,2026-03-04
화양동,서울특별시 광진구 화양동 12-71,서울특별시 광진구 군자로 15,37.5447358,127.0712165,2026-03-04
화양동,서울특별시 광진구 화양동 29-12,,37.54489987,127.073722,2026-03-04
화양동,서울특별시 광진구 화양동 111-56,,37.54548205,127.0739431,2026-03-04
화양동,서울특별시 광진구 화양동 499-72,,37.54589216,27.07427105,2026-03-04
화양동,서울특별시 광진구 화양동 499-56,서울특별시 광진구 광나루로22길 13,37.5460923,127.0752184,2026-03-04
화양동,서울특별시 광진구 화양동 495-25,서울특별시 광진구 능동로16길 60,37.5452426,127.076295,2026-03-04
군자동,서울특별시 광진구 군자동 370-7,서울특별시 광진구 광나루로17길 13-4,37.54833485,127.0725416,2026-03-04
군자동,서울특별시 광진구 군자동 366-11,,37.5498826,127.0726618,2026-03-04
군자동,서울특별시 광진구 군자동 362-1,서울특별시 광진구 군자로 70,37.5492697,127.0710902,2026-03-04
군자동,서울특별시 광진구 군자동 344-8,서울특별시 광진구 동일로38길 15,37.55141958,127.0703292,2026-03-04
군자동,서울특별시 광진구 군자동 149-15,,37.55349063,127.07399,2026-03-04
군자동,서울특별시 광진구 군자동 110-17,서울특별시 광진구 능동로21길 61,37.55319111,127.0741839,2026-03-04
군자동,서울특별시 광진구 군자동 90-10,서울특별시 광진구 능동로21길 56,37.55300836,127.074505,2026-03-04
군자동,서울특별시 광진구 군자동 275,서울특별시 광진구 동일로48길 27,37.55242338,127.0747312,2026-03-04
군자동,서울특별시 광진구 군자동 279,,37.55231102,127.0748789,2026-03-04
군자동,서울특별시 광진구 군자동 290,서울특별시 광진구 능동로21길 33,37.55210119,127.074718,2026-03-04
군자동,서울특별시 광진구 군자동 274-1,,37.55134453,127.0757193,2026-03-04
군자동,서울특별시 광진구 군자동 253,,37.55171024,127.0757308,2026-03-04
군자동,서울특별시 광진구 군자동 300,서울특별시 광진구 능동로23길 11-6,37.55228569,127.0757449,2026-03-04
군자동,서울특별시 광진구 군자동 224,,37.55217105,127.0760802,2026-03-04
군자동,서울특별시 광진구 군자동 240,서울특별시 광진구 능동로25길 13,37.55291135,127.0764475,2026-03-04
군자동,서울특별시 광진구 군자동 88-28,서울특별시 광진구 능동로25길 36,37.5528521,127.075116,2026-03-04
군자동,서울특별시 광진구 군자동 149-4,,37.55363039,127.0742551,2026-03-04
군자동,서울특별시 광진구 군자동 70-8,서울특별시 광진구 능동로27나길 2,37.55465992,127.0764349,2026-03-04
군자동,서울특별시 광진구 군자동 2-37,,37.55403151,127.0765157,2026-03-04
군자동,서울특별시 광진구 군자동 27-19,서울특별시 광진구 능동로27가길 5,37.55360118,127.0765457,2026-03-04
군자동,서울특별시 광진구 군자동 27-26,,37.55354793,127.0759779,2026-03-04
군자동,서울특별시 광진구 군자동 28-1,서울특별시 광진구 능동로27가길 25,37.55336318,127.0754885,2026-03-04
군자동,서울특별시 광진구 군자동 49-25,서울특별시 광진구 면목로6길 16,37.55609112,127.0764927,2026-03-04
군자동,서울특별시 광진구 군자동 22-3,,37.55706942,127.075085,2026-03-04
군자동,서울특별시 광진구 군자동 40-5,서울특별시 광진구 동일로56나길 17,37.55632384,127.0745238,2026-03-04
군자동,서울특별시 광진구 군자동 164-3,,37.55632689,127.0733968,2026-03-04
군자동,서울특별시 광진구 군자동 171-5,,37.55657824,127.0741688,2026-03-04
군자동,서울특별시 광진구 군자동 142-9,서울특별시 광진구 동일로56가길 14,37.5553829,127.0728336,2026-03-04
군자동,서울특별시 광진구 군자동 142-35,,37.55545443,127.0725608,2026-03-04
군자동,서울특별시 광진구 군자동 117-25,서울특별시 광진구 동일로52길 11-4,37.55478887,127.072106,2026-03-04
군자동,서울특별시 광진구 군자동 117-37,서울특별시 광진구 동일로52길 3-8,37.55503377,127.0717953,2026-03-04
군자동,서울특별시 광진구 군자동 115-2,,37.55417708,127.073007,2026-03-04
군자동,서울특별시 광진구 군자동 145-49,서울특별시 광진구 동일로52길 35-3,37.55427498,127.0730801,2026-03-04
군자동,서울특별시 광진구 군자동 111-6,,37.55393536,127.0732723,2026-03-04
