연번,행정동,지번주소
1,월계1동,서울특별시 노원구 월계동 68-65
2,월계1동,서울특별시 노원구 월계동 68-112
3,월계1동,서울특별시 노원구 월계동 475-4
4,월계1동,서울특별시 노원구 월계동 473-6
5,월계1동,서울특별시 노원구 월계동 473-15
6,월계1동,서울특별시 노원구 월계동 447-2
7,월계1동,서울특별시 노원구 월계동 447-15
8,월계1동,서울특별시 노원구 월계동 404-17
9,월계1동,서울특별시 노원구 월계동 411-66
10,월계1동,서울특별시 노원구 월계동 411-15
11,월계1동,서울특별시 노원구 월계동 429-6
12,월계1동,서울특별시 노원구 월계동 429-7
13,월계1동,서울특별시 노원구 월계동 429-8
14,월계1동,서울특별시 노원구 월계동 407-1
15,월계1동,서울특별시 노원구 월계동 377-69
16,월계1동,서울특별시 노원구 월계동 377-70
17,월계1동,서울특별시 노원구 월계동 383-17
18,월계1동,서울특별시 노원구 월계동 377-38
19,월계1동,서울특별시 노원구 월계동 390-15
20,월계1동,서울특별시 노원구 월계동 382-50
21,월계1동,서울특별시 노원구 월계동 382-35
22,월계1동,서울특별시 노원구 월계동 392-164
23,월계1동,서울특별시 노원구 월계동 500-29
24,월계1동,서울특별시 노원구 월계동 392-47
25,월계1동,서울특별시 노원구 월계동 392-124
26,월계1동,서울특별시 노원구 월계동 469-35
27,월계1동,서울특별시 노원구 월계동 534-96
28,월계2동,서울특별시 노원구 월계동 290-1
29,월계2동,서울특별시 노원구 월계동 912
30,월계2동,서울특별시 노원구 월계동 907-15
31,월계2동,서울특별시 노원구 월계동 270-38
32,월계2동,서울특별시 노원구 월계동 272-78
33,월계2동,서울특별시 노원구 월계동 272-37
34,월계2동,서울특별시 노원구 월계동 270-6
35,월계3동,서울특별시 노원구 월계동 37-4
36,월계3동,서울특별시 노원구 월계동 37-12
37,공릉1동,서울특별시 노원구 공릉동 645-10
38,공릉1동,서울특별시 노원구 공릉동 645-2
39,공릉1동,서울특별시 노원구 공릉동 645-1
40,공릉1동,서울특별시 노원구 공릉동 661-21
41,공릉1동,서울특별시 노원구 공릉동 591-9
42,공릉1동,서울특별시 노원구 공릉동 589-28
43,공릉1동,서울특별시 노원구 공릉동 586-17
44,공릉1동,서울특별시 노원구 공릉동 587-6
45,공릉1동,서울특별시 노원구 공릉동 589-15
46,공릉1동,서울특별시 노원구 공릉동 586-15
47,공릉1동,서울특별시 노원구 공릉동 593-24
48,공릉1동,서울특별시 노원구 공릉동 584-14
49,공릉1동,서울특별시 노원구 공릉동 566-1
50,공릉1동,서울특별시 노원구 공릉동 513-9
51,공릉1동,서울특별시 노원구 공릉동 513-54
52,공릉1동,서울특별시 노원구 공릉동 517-60
53,공릉1동,서울특별시 노원구 공릉동 559-27
54,공릉1동,서울특별시 노원구 공릉동 509-12
55,공릉1동,서울특별시 노원구 공릉동 504-4
56,공릉1동,서울특별시 노원구 공릉동 393-12
57,공릉1동,서울특별시 노원구 공릉동 393-6
58,공릉1동,서울특별시 노원구 공릉동 370-10
59,공릉1동,서울특별시 노원구 공릉동 370-9
60,공릉1동,서울특별시 노원구 공릉동 366-32
61,공릉1동,서울특별시 노원구 공릉동 366-9
62,공릉1동,서울특별시 노원구 공릉동 370-2
63,공릉1동,서울특별시 노원구 공릉동 362-43
64,공릉1동,서울특별시 노원구 공릉동 379-29
65,공릉1동,서울특별시 노원구 공릉동 380-37
66,공릉1동,서울특별시 노원구 공릉동 379-5
67,공릉1동,서울특별시 노원구 공릉동 380-48
68,공릉동,서울특별시 노원구 공릉동 572-2
69,공릉1동,서울특별시 노원구 공릉동 569-20
70,공릉1동,서울특별시 노원구 공릉동 571-1
71,공릉1동,서울특별시 노원구 공릉동 404-11
72,공릉1동,서울특별시 노원구 공릉동 398-6
73,공릉1동,서울특별시 노원구 공릉동 398-10
74,공릉1동,서울특별시 노원구 공릉동 493-25
75,공릉1동,서울특별시 노원구 공릉동 575-24
76,공릉1동,서울특별시 노원구 공릉동 597-25
77,공릉1동,서울특별시 노원구 공릉동 750
78,공릉1동,서울특별시 노원구 공릉동 609-7
79,공릉1동,서울특별시 노원구 공릉동 609-39
80,공릉1동,서울특별시 노원구 공릉동 684-22
81,공릉2동,서울특별시 노원구 공릉동 120-10
82,공릉2동,서울특별시 노원구 공릉동 120-33
83,공릉2동,서울특별시 노원구 공릉동 122-18
84,공릉2동,서울특별시 노원구 공릉동 122-32
85,공릉2동,서울특별시 노원구 공릉동 122-24
86,공릉2동,서울특별시 노원구 공릉동 240-236
87,공릉2동,서울특별시 노원구 공릉동 270-79
88,공릉2동,서울특별시 노원구 공릉동 270-61
89,공릉2동,서울특별시 노원구 공릉동 329-33
90,공릉2동,서울특별시 노원구 공릉동 333-18
91,공릉2동,서울특별시 노원구 공릉동 333-8
92,공릉2동,서울특별시 노원구 공릉동 240-47
93,공릉2동,서울특별시 노원구 공릉동 240-13
94,공릉2동,서울특별시 노원구 공릉동 270-56
95,공릉2동,서울특별시 노원구 공릉동 240-212
96,공릉2동,서울특별시 노원구 공릉동 238-5
97,공릉2동,서울특별시 노원구 공릉동 236-1
98,공릉2동,서울특별시 노원구 공릉동 224-14
99,공릉2동,서울특별시 노원구 공릉동 217-26
100,공릉2동,서울특별시 노원구 공릉동 419-17
101,공릉2동,서울특별시 노원구 공릉동 208-26
102,공릉2동,서울특별시 노원구 공릉동 441-123
103,공릉2동,서울특별시 노원구 공릉동 408-104
104,공릉2동,서울특별시 노원구 공릉동 408-117
105,공릉2동,서울특별시 노원구 공릉동 408-50
106,공릉2동,서울특별시 노원구 공릉동 350-24
107,공릉2동,서울특별시 노원구 공릉동 415-75
108,공릉2동,서울특별시 노원구 공릉동 349-8
109,공릉2동,서울특별시 노원구 공릉동 351-1
110,공릉2동,서울특별시 노원구 공릉동 338-16
111,공릉2동,서울특별시 노원구 공릉동 338-59
112,공릉2동,서울특별시 노원구 공릉동 338-29
113,공릉2동,서울특별시 노원구 공릉동 337-5
114,공릉2동,서울특별시 노원구 공릉동 320-109
115,하계1동,서울특별시 노원구 하계동 67-17
116,하계1동,서울특별시 노원구 하계동 65-55
117,하계1동,서울특별시 노원구 하계동 65-63
118,하계1동,서울특별시 노원구 하계동 71
119,하계1동,서울특별시 노원구 하계동 167-36
120,하계1동,서울특별시 노원구 하계동 170-17
121,하계1동,서울특별시 노원구 하계동 179-27
122,하계1동,서울특별시 노원구 하계동 170-46
123,하계1동,서울특별시 노원구 하계동 276
124,하계1동,서울특별시 노원구 하계동 279-1
125,하계1동,서울특별시 노원구 하계동 155-1
126,하계1동,서울특별시 노원구 하계동 275-1
127,하계1동,서울특별시 노원구 하계동 275-2
128,하계1동,서울특별시 노원구 하계동 153-3
129,하계1동,서울특별시 노원구 하계동 65-16
130,하계1동,서울특별시 노원구 하계동 65-28
131,하계1동,서울특별시 노원구 하계동 67-2
132,하계1동,서울특별시 노원구 하계동 67-33
133,중계본동,서울특별시 노원구 중계동 27-82
134,중계본동,서울특별시 노원구 중계동 42
135,중계본동,서울특별시 노원구 중계동 44-1
136,중계본동,서울특별시 노원구 중계동 58-64
137,중계본동,서울특별시 노원구 중계동 78
138,중계본동,서울특별시 노원구 중계동 90-27
139,중계본동,서울특별시 노원구 중계동 93-22
140,중계본동,서울특별시 노원구 중계동 93-34
141,중계본동,서울특별시 노원구 중계동 76-2
142,중계본동,서울특별시 노원구 중계동 90-41
143,중계본동,서울특별시 노원구 중계동 75-47
144,중계본동,서울특별시 노원구 중계동 75-46
145,상계1동,서울특별시 노원구 상계동 1022-11
146,상계1동,서울특별시 노원구 상계동 1008-33
147,상계1동,서울특별시 노원구 상계동 1023-10
148,상계1동,서울특별시 노원구 상계동 1117-9
149,상계1동,서울특별시 노원구 상계동 1119-56
150,상계1동,서울특별시 노원구 상계동 1051-10
151,상계1동,서울특별시 노원구 상계동 1048-71
152,상계1동,서울특별시 노원구 상계동 1049-23
153,상계1동,서울특별시 노원구 상계동 1049-80
154,상계1동,서울특별시 노원구 상계동 1050-1
155,상계1동,서울특별시 노원구 상계동 1055-1
156,상계1동,서울특별시 노원구 상계동 1054-5
157,상계1동,서울특별시 노원구 상계동 1054-4
158,상계1동,서울특별시 노원구 상계동 1086-9
159,상계1동,서울특별시 노원구 상계동 1094-5
160,상계1동,서울특별시 노원구 상계동 1100-19
161,상계1동,서울특별시 노원구 상계동 1097
162,상계1동,서울특별시 노원구 상계동 1097-1
163,상계1동,서울특별시 노원구 상계동 1100-10
164,상계1동,서울특별시 노원구 상계동 1098-11
165,상계1동,서울특별시 노원구 상계동 1098-13
166,상계1동,서울특별시 노원구 상계동 1108-7
167,상계1동,서울특별시 노원구 상계동 1110-1
168,상계1동,서울특별시 노원구 상계동 1107-124
169,상계1동,서울특별시 노원구 상계동 1104
170,상계1동,서울특별시 노원구 상계동 1118-16
171,상계1동,서울특별시 노원구 상계동 1115-19
172,상계1동,서울특별시 노원구 상계동 1116-49
173,상계1동,서울특별시 노원구 상계동 1022-4
174,상계1동,서울특별시 노원구 상계동 100-2
175,상계1동,서울특별시 노원구 상계동 996-2
176,상계1동,서울특별시 노원구 상계동 1277
177,상계1동,서울특별시 노원구 상계동 1013-25
178,상계1동,서울특별시 노원구 상계동 1000-2
179,상계1동,서울특별시 노원구 상계동 995-2
180,상계1동,서울특별시 노원구 상계동 1019-63
181,상계1동,서울특별시 노원구 상계동 996-17
182,상계2동,서울특별시 노원구 상계동 364-19
183,상계2동,서울특별시 노원구 상계동 357-8
184,상계2동,서울특별시 노원구 상계동 411-1
185,상계2동,서울특별시 노원구 상계동 407-23
186,상계2동,서울특별시 노원구 상계동 393-6
187,상계2동,서울특별시 노원구 상계동 322-50
188,상계2동,서울특별시 노원구 상계동 321-109
189,상계2동,서울특별시 노원구 상계동 320-27
190,상계2동,서울특별시 노원구 상계동 178-19
191,상계2동,서울특별시 노원구 상계동 387-36
192,상계2동,서울특별시 노원구 상계동 176-24
193,상계2동,서울특별시 노원구 상계동 181-14
194,상계2동,서울특별시 노원구 상계동 193-3
195,상계2동,서울특별시 노원구 상계동 188-7
196,상계2동,서울특별시 노원구 상계동 179-1
197,상계2동,서울특별시 노원구 상계동 183-1
198,상계3·4동,서울특별시 노원구 상계동 59-1
199,상계3·4동,서울특별시 노원구 상계동 1384-1
200,상계3·4동,서울특별시 노원구 상계동 71-2
201,상계3·4동,서울특별시 노원구 상계동 71-38
202,상계3·4동,서울특별시 노원구 상계동 71-251
203,상계3·4동,서울특별시 노원구 상계동 68-2
204,상계3·4동,서울특별시 노원구 상계동 71-252
205,상계3·4동,서울특별시 노원구 상계동 68-96
206,상계3·4동,서울특별시 노원구 상계동 68-76
207,상계3·4동,서울특별시 노원구 상계동 73-5
208,상계3·4동,서울특별시 노원구 상계동 72-192
209,상계3·4동,서울특별시 노원구 상계동 72-59
210,상계3·4동,서울특별시 노원구 상계동 산 154-5
211,상계3·4동,서울특별시 노원구 상계동 9-1
212,상계3·4동,서울특별시 노원구 상계동 1388-48
213,상계3·4동,서울특별시 노원구 상계동 1388-18
214,상계3·4동,서울특별시 노원구 상계동 1392
215,상계3·4동,서울특별시 노원구 상계동 1387-4
216,상계3·4동,서울특별시 노원구 상계동 1381-3
217,상계3·4동,서울특별시 노원구 상계동 1380-12
218,상계3·4동,서울특별시 노원구 상계동 1376-3
219,상계3·4동,서울특별시 노원구 상계동 140-257
220,상계3·4동,서울특별시 노원구 상계동 1406-2
221,상계3·4동,서울특별시 노원구 상계동 101-174
222,상계3·4동,서울특별시 노원구 상계동 49
223,상계3·4동,서울특별시 노원구 상계동 1386-12
224,상계3·4동,서울특별시 노원구 상계동 72-180
225,상계3·4동,서울특별시 노원구 상계동 1358-13
226,상계3·4동,서울특별시 노원구 상계동 44
227,상계3·4동,서울특별시 노원구 상계동 72-10
228,상계3·4동,서울특별시 노원구 상계동 71-1
229,상계5동,서울특별시 노원구 상계동 434-2
230,상계5동,서울특별시 노원구 상계동 140-227
231,상계5동,서울특별시 노원구 상계동 155-13
232,상계5동,서울특별시 노원구 상계동 140-127
233,상계5동,서울특별시 노원구 상계동 138-39
234,상계5동,서울특별시 노원구 상계동 156-157
235,상계5동,서울특별시 노원구 상계동 135-77
236,상계5동,서울특별시 노원구 상계동 134-32
237,상계5동,서울특별시 노원구 상계동 463
238,상계5동,서울특별시 노원구 상계동 459
239,상계5동,서울특별시 노원구 상계동 135-56
240,상계5동,서울특별시 노원구 상계동 449-8
241,상계5동,서울특별시 노원구 상계동 169-491
242,상계5동,서울특별시 노원구 상계동 456-118
243,상계5동,서울특별시 노원구 상계동 152-2
244,상계5동,서울특별시 노원구 상계동 135-11
245,상계5동,서울특별시 노원구 상계동 135-102
246,상계5동,서울특별시 노원구 상계동 451-23
247,상계5동,서울특별시 노원구 상계동 156-170
248,상계5동,서울특별시 노원구 상계동 451-12
249,상계5동,서울특별시 노원구 상계동 산 145-20
250,상계5동,서울특별시 노원구 상계동 142-44
251,상계5동,서울특별시 노원구 상계동 산 145-17
252,상계5동,서울특별시 노원구 상계동 142-42
253,상계5동,서울특별시 노원구 상계동 134-82
254,상계5동,서울특별시 노원구 상계동 134-81
255,상계5동,서울특별시 노원구 상계동 153-1
256,상계5동,서울특별시 노원구 상계동 438-5
257,상계5동,서울특별시 노원구 상계동 443-3
258,상계5동,서울특별시 노원구 상계동 456-169
259,상계5동,서울특별시 노원구 상계동 442-3
260,상계5동,서울특별시 노원구 상계동 443-4
261,상계10동,서울특별시 노원구 상계동 690-3
262,상계10동,서울특별시 노원구 상계동 690
263,상계10동,서울특별시 노원구 상계동 691
