관할주민센터,도로명주소,상세위치,개수,비고
왕십리도선동,서울특별시 성동구 마장로 137,텐즈힐 2단지 아파트 201동 앞(재활용장 안),1,
왕십리도선동,서울특별시 성동구 마장로 137,텐즈힐 2단지 아파트 202동 앞(재활용장 안),1,
왕십리도선동,서울특별시 성동구 마장로 137,텐즈힐 2단지 아파트 205동 앞(재활용장 안),1,
왕십리도선동,서울특별시 성동구 마장로 137,텐즈힐 2단지 아파트 206동 앞(재활용장 안),1,
왕십리도선동,서울특별시 성동구 마장로 137,텐즈힐 2단지 아파트 207동 앞(재활용장 안),1,
왕십리도선동,서울특별시 성동구 마장로 137,텐즈힐 2단지 아파트 208동 앞(재활용장 안),1,
왕십리도선동,서울특별시 성동구 마장로 137,텐즈힐 2단지 아파트 211동 앞(재활용장 안),1,
왕십리도선동,서울특별시 성동구 마장로 137,텐즈힐 2단지 아파트 212동 앞(재활용장 안),1,
왕십리도선동,서울특별시 성동구 마장로 137,텐즈힐 2단지 아파트 213동 앞(재활용장 안),1,
왕십리도선동,서울특별시 성동구 무학로 33,텐즈힐 1단지 아파트 101동 앞(재활용장 안),1,
왕십리도선동,서울특별시 성동구 무학로 33,텐즈힐 1단지 아파트 105동 앞(재활용장 안),1,
왕십리도선동,서울특별시 성동구 무학로 33,텐즈힐 1단지 아파트 106동 뒤(재활용장 안),1,
왕십리도선동,서울특별시 성동구 무학로 33,텐즈힐 1단지 아파트 108동 뒤(재활용장 안),1,
왕십리도선동,서울특별시 성동구 무학로 33,텐즈힐 1단지 아파트 109동 4~5호 라인(재활용장 안),1,
왕십리도선동,서울특별시 성동구 무학로 33,텐즈힐 1단지 아파트 111동 앞(재활용장 안),1,
왕십리도선동,서울특별시 성동구 무학로 33,텐즈힐 1단지 아파트 113동 앞(재활용장 안),1,
왕십리도선동,서울특별시 성동구 무학로 33,텐즈힐 1단지 아파트 117동 앞(재활용장 안),1,
왕십리도선동,서울특별시 성동구 무학로 33,텐즈힐 1단지 아파트 118동 앞(재활용장 안),1,
왕십리도선동,서울특별시 성동구 무학로 50,청계벽산아파트 103동 앞,1,
왕십리도선동,서울특별시 성동구 무학로 50,청계벽산아파트 107동 앞,1,
왕십리도선동,서울특별시 성동구 무학로6길 50,성동삼성쉐르빌 상가 입구(이코플러스마트 입구),1,
왕십리도선동,서울특별시 성동구 무학로12길 11,청계대주파크빌 재활용장 안,1,
왕십리도선동,서울특별시 성동구 무학로8길 8,도선마을공원 앞,1,
왕십리도선동,서울특별시 성동구 왕십리로 410,센트라스 아파트 각 동 재활용장 안,30,
왕십리2동,서울특별시 성동구 무학봉길 69,24시 셀프 빨래방 맞은편,1,
왕십리2동,서울특별시 성동구 난계로 100,자이아파트 101동(필로티 안쪽),1,
왕십리2동,서울특별시 성동구 난계로 100,자이아파트 103동(필로티 안쪽),1,
왕십리2동,서울특별시 성동구 난계로 100,자이아파트 104동(필로티 안쪽),1,
왕십리2동,서울특별시 성동구 난계로 100,자이아파트 105동(필로티 안쪽),1,
왕십리2동,서울특별시 성동구 난계로 100,자이아파트 107동(필로티 안쪽),1,
왕십리2동,서울특별시 성동구 왕십리로31나길 22,한신무학 정문 뒤,1,
왕십리2동,서울특별시 성동구 왕십리로31길 20,해모로 101동 앞(재활용수거장),1,
왕십리2동,서울특별시 성동구 무학봉길 76,신영지웰 101동 뒷편(재활용수거장),1,
왕십리2동,서울특별시 성동구 무학봉길 49,무학현대 101동 앞 계단,1,
왕십리2동,서울특별시 성동구 무학봉길 49,무학현대 102동 뒷편,1,
왕십리2동,서울특별시 성동구 난계로 73,극동미라주102동 앞(재활용수거장),1,
왕십리2동,서울특별시 성동구 난계로 73,극동미라주 임대동 앞(재활용수거장),1,
왕십리2동,서울특별시 성동구 난계로 84,풍림아이원 103동 앞(관리초소 옆),1,
왕십리2동,서울특별시 성동구 난계로 84,풍림아이원 105동 앞(관리초소 옆),1,
왕십리2동,서울특별시 성동구 난계로 84,풍림아이원 110동 앞(관리초소 옆),1,
왕십리2동,서울특별시 성동구 무학봉길 35,스위첸 101동 앞 계단(재활용수거장),1,폐형광등 수거함만 있음
왕십리2동,서울특별시 성동구 무학봉길 35,"스위첸 101동, 102동 사이(동물놀이터 옆)",1,폐형광등 수거함만 있음
왕십리2동,서울특별시 성동구 무학봉길 35,스위첸 103동 앞,1,폐형광등 수거함만 있음
왕십리2동,서울특별시 성동구 무학봉길 35,스위첸 103동(어린이집 옆),1,폐형광등 수거함만 있음
왕십리2동,서울특별시 성동구 난계로 114-31,금호베스트빌 101동 앞(재활용수거장),1,
왕십리2동,서울특별시 성동구 난계로 114-31,금호베스트빌 103동 앞(재활용수거장),1,
왕십리2동,서울특별시 성동구 난계로 114-31,금호베스트빌 104동 앞(재활용수거장),1,
마장동,서울특별시 성동구 마조로16길 37,명성연립과 마장동주민센터 사이 횡단보도 주변,1,
마장동,서울특별시 성동구 마장로42길 16,세림(아) 4동 분리수거장,1,
마장동,서울특별시 성동구 마장로42길 16,세림(아) 9동 의류수거함 옆,1,
마장동,서울특별시 성동구 마장로35길 104,청계장원(아) 뒤쪽 분리수거장,1,
마장동,서울특별시 성동구 마조로15가길 23,SH빌 101동 분리수거장,1,
마장동,서울특별시 성동구 마장로39길 43,신성미소지움(아) 103동 3~4호라인 의류수거함 옆,1,
마장동,서울특별시 성동구 마장로 262,중앙하이츠 102동 1~2호 라인 앞 자전거보관소 우측,1,
마장동,서울특별시 성동구 마조로15가길 12,백양세탁소 앞,1,
마장동,서울특별시 성동구 마조로16길 3-8,미성빌라 관리사무실 옆,1,
마장동,서울특별시 성동구 마조로 57,금호어울림(아) 정문 관리사무소 뒤,1,
마장동,서울특별시 성동구 마조로 57,금호어울림(아) 105동 앞 분리수거장,1,
마장동,서울특별시 성동구 마장로 271,삼성(아) 103동 1~2호 라인 앞 흰색 환풍시설 주변,1,
마장동,서울특별시 성동구 마장로 271,삼성(아) 104동 1~2호 라인 의류수거함 옆,1,
마장동,서울특별시 성동구 살곶이길 50,현대(아) 관리실 건물 내,2,
마장동,서울특별시 성동구 마장로37길 7,대성유니드(아) 경비실 옆,1,
마장동,서울특별시 성동구 청계천로 546,성동구도시관리공단 후문,1,
마장동,서울특별시 성동구 마장로46길 14,삼웅(아) 1동 지하주차장 출입구 맞은편 의류수거함 옆,1,
마장동,서울특별시 성동구 마장로46길 14,삼웅(아) 2동 지하주차장 출입구 맞은편,1,
마장동,서울특별시 성동구 청계천로10나길 38,마장동공영주차장 뒤편,1,
마장동,서울특별시 성동구 마장동 487-1,마장축산물시장 남문 맞은편 한국전력공사 담벼락,1,
사근동,서울특별시 성동구 사근동길 37,지하주차장 입구 옆,1,
사근동,서울특별시 성동구 살곶이길 176,사근벽산아파트 재활용품 수거장,1,
사근동,서울특별시 성동구 사근동길 65,중앙하이츠 아파트 102동 일반쓰레기 배출장,1,
사근동,서울특별시 성동구 왕십리로 241,서울숲더샵 아파트 각 동 건물 뒤편 수거장,1,
사근동,서울특별시 성동구 사근동11다길 32,언덕 올라가는 길 초입,1,
사근동,서울특별시 성동구 사근동9가길 23,성민교회 입구 옆,1,
행당제1동,서울특별시 성동구 고산자로10길 18,주민센터 레몬프라자 방향 주차장 옆,2,
행당제1동,서울특별시 성동구 왕십리광장로 9,성동경찰서 본관 서측 뒤편 주차장 옆,1,
행당제1동,서울특별시 성동구 고산자로 164,서울숲한신더휴아파트 105동 초소 앞,1,
행당제1동,서울특별시 성동구 고산자로 164,서울숲한신더휴아파트 107동 초소 앞,1,
행당제1동,서울특별시 성동구 고산자로 164,서울숲한신더휴아파트 108동 초소 앞,1,
행당제1동,서울특별시 성동구 고산자로 164,서울숲한신더휴아파트 110동 초소 앞,1,
행당제1동,서울특별시 성동구 고산자로 164,서울숲한신더휴아파트 112동 초소 앞,1,
행당제1동,서울특별시 성동구 고산자로 164,서울숲한신더휴아파트 116동 초소 앞,1,
행당제1동,서울특별시 성동구 고산자로 164,서울숲한신더휴아파트 117동 분리수거 장소 안,1,
행당제1동,서울특별시 성동구 고산자로 164,서울숲한신더휴아파트 201동 분리수거 장소 안,1,
행당제1동,서울특별시 성동구 고산자로 164,서울숲한신더휴아파트 102동 초소 앞,1,
행당제1동,서울특별시 성동구 고산자로 164,서울숲한신더휴아파트 104동 초소 앞,1,
행당제1동,서울특별시 성동구 고산자로2길 65,서울숲리버뷰자이아파트 101동 앞,1,
행당제1동,서울특별시 성동구 고산자로2길 65,서울숲리버뷰자이아파트 102동 앞,1,
행당제1동,서울특별시 성동구 고산자로2길 65,서울숲리버뷰자이아파트 103동 앞,1,
행당제1동,서울특별시 성동구 고산자로2길 65,서울숲리버뷰자이아파트 104동 앞,1,
행당제1동,서울특별시 성동구 고산자로2길 65,서울숲리버뷰자이아파트 105동 앞,1,
행당제1동,서울특별시 성동구 고산자로2길 65,"서울숲리버뷰자이아파트 106동 1, 2라인 앞",1,
행당제1동,서울특별시 성동구 고산자로2길 65,"서울숲리버뷰자이아파트 106동 3, 4라인 앞",1,
행당제1동,서울특별시 성동구 고산자로2길 65,"서울숲리버뷰자이아파트 106동 5, 6라인 앞",1,
행당제1동,서울특별시 성동구 고산자로2길 65,서울숲리버뷰자이아파트 107동 앞,1,
행당제1동,서울특별시 성동구 왕십리로 280,서울숲삼부아파트 102동 앞,1,
행당제2동,서울특별시 성동구 행당로9길 9,행당제2동주민센터 1층 외부,1,
행당제2동,서울특별시 성동구 고산자로 177,행당푸르지오아파트 101동 앞,1,
행당제2동,서울특별시 성동구 고산자로 177,행당푸르지오아파트 103동 앞,1,
행당제2동,서울특별시 성동구 고산자로 177,행당푸르지오아파트 105동 앞,1,
행당제2동,서울특별시 성동구 고산자로 177,행당푸르지오아파트 107동 앞,1,
행당제2동,서울특별시 성동구 고산자로 177,행당푸르지오아파트 108동 앞,1,
행당제2동,서울특별시 성동구 고산자로 175,행당푸르지오아파트 110동 경비실앞,1,
행당제2동,서울특별시 성동구 행당로 79,행당 대림아파트 105동 정자옆,1,
행당제2동,서울특별시 성동구 행당로 79,행당 대림아파트 107동 초소뒤 정자옆,1,
행당제2동,서울특별시 성동구 행당로 79,행당 대림아파트 112동 초소옆,1,
행당제2동,서울특별시 성동구 행당로 79,행당 대림아파트 123동 초소 뒤편 담벼락 앞,1,
행당제2동,서울특별시 성동구 행당로 79,행당 대림아파트 125동 단지내 입구 앞,1,
행당제2동,서울특별시 성동구 행당로 79,행당 대림아파트 128동 단지내 입구 앞,1,
행당제2동,서울특별시 성동구 행당로 79,행당 대림아파트 131동 주민센터3층 입구쪽,1,
행당제2동,서울특별시 성동구 행당로 79,행당 대림아파트 134동 찻길 공중전화 부스 옆,1,
행당제2동,서울특별시 성동구 행당로 79,행당 대림아파트 임대 101동-102동 사이,1,
행당제2동,서울특별시 성동구 행당로 79,행당 대림아파트 임대 104동 재활용 분리수거함 옆,1,
행당제2동,서울특별시 성동구 행당로8길 8,두산위브아파트 102동 앞,1,
행당제2동,서울특별시 성동구 행당로8길 8,두산위브아파트 106동 앞,1,
행당제2동,서울특별시 성동구 행당로8길 8,두산위브아파트 임대 201동 앞,1,
행당제2동,서울특별시 성동구 행당로 99,브라운스톤 아파트 102동 앞,1,
행당제2동,서울특별시 성동구 독서당로 441,신동아아파트 1동 신동아 종합상가 입구,1,
행당제2동,서울특별시 성동구 독서당로 441,신동아아파트 6동 음식물 처리장 뒤편,1,
행당제2동,서울특별시 성동구 행당로 82,행당한진타운아파트 관리사무소 정자앞,1,
행당제2동,서울특별시 성동구 행당로 82,행당한진타운아파트 102동 앞,1,
행당제2동,서울특별시 성동구 행당로 82,행당한진타운아파트 109동 앞,1,
행당제2동,서울특별시 성동구 행당로 82,행당한진타운아파트 112동 앞,1,
행당제2동,서울특별시 성동구 행당로 82,행당한진타운아파트 120동 앞,1,
행당제2동,서울특별시 성동구 행당로 82,행당한진타운아파트 임대 101동 앞,1,
행당제2동,서울특별시 성동구 행당로 82,행당한진타운아파트 임대 103동 앞,1,
응봉동,서울특별시 성동구 독서당로 424,응봉동주민센터 주차장 뒤편,1,
응봉동,서울특별시 성동구 독서당로 377,응봉현대아파트 108동 앞,1,
응봉동,서울특별시 성동구 독서당로 431,응봉대림2차아파트 102동 경비초소 옆,1,
응봉동,서울특별시 성동구 고산자로 160,응봉대림강변타운 109동 앞,1,
응봉동,서울특별시 성동구 고산자로 160,응봉대림강변타운 106동 앞,1,
응봉동,서울특별시 성동구 고산자로 160,응봉대림강변타운 112동 앞,1,
응봉동,서울특별시 성동구 고산자로4길 34,리버그린동아아파트 305동 앞 놀이터 맞은편,1,
응봉동,서울특별시 성동구 독서당로 375,응봉신동아아파트 3동 앞 재활용장,1,
금호1가동,서울특별시 성동구 금호로 100,벽산아파트 101동 초소옆 분리수거대(재활용장),1,
금호1가동,서울특별시 성동구 금호로 100,벽산아파트 103동 초소옆 분리수거대,1,
금호1가동,서울특별시 성동구 금호로 100,벽산아파트 106동 분리수거대,1,
금호1가동,서울특별시 성동구 금호로 100,벽산아파트 108동 분리수거대,1,
금호1가동,서울특별시 성동구 금호로 100,벽산아파트 110동 분리수거대,1,폐형광등 수거함만 있음
금호1가동,서울특별시 성동구 금호로 100,벽산아파트 111동 분리수거대,1,폐형광등 수거함만 있음
금호1가동,서울특별시 성동구 금호로 100,벽산아파트 201동 초소옆 분리수거대,1,폐형광등 수거함만 있음
금호1가동,서울특별시 성동구 금호로 100,벽산아파트 202동 초소옆 분리수거대,1,폐형광등 수거함만 있음
금호1가동,서울특별시 성동구 금호로 100,벽산아파트 203동 분리수거대,1,폐형광등 수거함만 있음
금호1가동,서울특별시 성동구 금호로 100,벽산아파트 205동 분리수거대,1,폐형광등 수거함만 있음
금호1가동,서울특별시 성동구 금호로 100,벽산아파트 207동 분리수거대,1,폐형광등 수거함만 있음
금호1가동,서울특별시 성동구 금호로 100,벽산아파트 301동 분리수거대,1,폐형광등 수거함만 있음
금호1가동,서울특별시 성동구 금호로 100,벽산아파트 302동 분리수거대,1,폐형광등 수거함만 있음
금호1가동,서울특별시 성동구 금호로 100,벽산아파트 305동 분리수거대,1,
금호1가동,서울특별시 성동구 금호로 100,벽산아파트 503동 분리수거대,1,
금호1가동,서울특별시 성동구 금호로 100,벽산아파트 임대아파트 상가 주차장,1,
금호1가동,서울특별시 성동구 독서당로 343,금호삼성래미안아파트 104동 분리수거대,1,
금호1가동,서울특별시 성동구 독서당로 343,금호삼성래미안아파트 202동 초소옆 분리수거대,1,
금호1가동,서울특별시 성동구 독서당로 343,금호삼성래미안아파트 303동 분리수거대,1,
금호1가동,서울특별시 성동구 금호로 140,이편한세상금호파크힐스 117동 재활용장,1,
금호1가동,서울특별시 성동구 금호로 140,이편한세상금호파크힐스 101동 재활용장,1,
금호1가동,서울특별시 성동구 금호로 140,이편한세상금호파크힐스 103동 재활용장,1,
금호1가동,서울특별시 성동구 금호로 140,이편한세상금호파크힐스 105동 재활용장,1,
금호1가동,서울특별시 성동구 금호로 140,이편한세상금호파크힐스 106동 재활용장,1,
금호1가동,서울특별시 성동구 금호로 140,이편한세상금호파크힐스 107동 재활용장,1,
금호1가동,서울특별시 성동구 금호로 140,이편한세상금호파크힐스 110동 재활용장,1,
금호1가동,서울특별시 성동구 금호로 140,이편한세상금호파크힐스 111동 재활용장,1,
금호1가동,서울특별시 성동구 금호로 140,이편한세상금호파크힐스 112동 재활용장,1,
금호1가동,서울특별시 성동구 금호로 140,이편한세상금호파크힐스 116동 재활용장,1,
금호1가동,서울특별시 성동구 행당로 31,신금호두산위브 101동 초소앞 재활용장,1,
금호1가동,서울특별시 성동구 행당로 31,신금호두산위브 105동 재활용장,1,
금호2-3가동,서울특별시 성동구 무수막18길 1,"금호2,3가동 주민센터 주차장 옆",1,
금호2-3가동,서울특별시 성동구 금호로13길 28,금호하이츠빌 옆 전봇대,1,
금호2-3가동,서울특별시 성동구 금호산길 16,금삼어린이집 건너편 전봇대,1,
금호2-3가동,서울특별시 성동구 금호산2길 53,두모갓 교회와 금호아트빌라 사이,1,
금호2-3가동,서울특별시 성동구 금호산2길 16,금호3가 경로당 옆 골목,1,
금호4가동,서울특별시 성동구 독서당로46길 26,독서당로46길 26 동주민센터 앞,1,
금호4가동,서울특별시 성동구 매봉길 24,"브라운스톤 금호1차아파트 101동(1,2호라인) 1층",1,
금호4가동,서울특별시 성동구 동호로 93,브라운스톤 금호2차아파트 201동 놀이터 앞,1,
금호4가동,서울특별시 성동구 동호로 84,롯데아파트 관리사무소 뒷쪽,1,
금호4가동,서울특별시 성동구 금호로 15,서울숲푸르지오1차 아파트 서울숲미래연어린이집 앞,1,폐형광등 수거함만 있음
금호4가동,서울특별시 성동구 금호로 15,서울숲푸르지오1차 아파트 101동 앞,1,폐형광등 수거함만 있음
금호4가동,서울특별시 성동구 금호로 15,서울숲푸르지오1차 아파트 103동 앞,1,폐형광등 수거함만 있음
금호4가동,서울특별시 성동구 금호로 15,서울숲푸르지오1차 아파트 110동 앞,1,폐형광등 수거함만 있음
금호4가동,서울특별시 성동구 금호로 15,서울숲푸르지오1차 아파트 111동 앞,1,폐형광등 수거함만 있음
금호4가동,서울특별시 성동구 금호로 15,서울숲푸르지오1차 아파트 114동 앞,1,폐형광등 수거함만 있음
금호4가동,서울특별시 성동구 금호로 15,서울숲푸르지오1차 아파트 117동 앞,1,폐형광등 수거함만 있음
금호4가동,서울특별시 성동구 금호로 17,서울숲푸르지오2차 아파트 201동 앞,1,폐형광등 수거함만 있음
금호4가동,서울특별시 성동구 금호로 17,서울숲푸르지오2차 아파트 203동 앞,1,폐형광등 수거함만 있음
금호4가동,서울특별시 성동구 금호로 17,서울숲푸르지오2차 아파트 204동 앞,1,폐형광등 수거함만 있음
금호4가동,서울특별시 성동구 금호로 17,서울숲푸르지오2차 아파트 207동 208동 사이,1,폐형광등 수거함만 있음
금호4가동,서울특별시 성동구 금호로 17,서울숲푸르지오2차 아파트 209동 앞,1,폐형광등 수거함만 있음
금호4가동,서울특별시 성동구 금호로 17,서울숲푸르지오2차 아파트 210동 ~ 211동 사이,1,폐형광등 수거함만 있음
금호4가동,서울특별시 성동구 독서당로 270,금호대우아파트 2동 앞,1,폐형광등 수거함만 있음
금호4가동,서울특별시 성동구 독서당로 270,금호대우아파트 4동 앞,1,폐형광등 수거함만 있음
금호4가동,서울특별시 성동구 독서당로 270,금호대우아파트 9동 앞,1,폐형광등 수거함만 있음
금호4가동,서울특별시 성동구 독서당로 270,금호대우아파트 10동 앞,1,폐형광등 수거함만 있음
금호4가동,서울특별시 성동구 독서당로 270,금호대우아파트 13동 앞,1,폐형광등 수거함만 있음
금호4가동,서울특별시 성동구 독서당로 270,금호대우아파트 14동 앞,1,
금호4가동,서울특별시 성동구 독서당로 272,금호대우임대아파트 203동 앞,1,
금호4가동,서울특별시 성동구 독서당로 272,금호대우임대아파트 201동 앞,1,폐건전지 수거함만 있음
금호4가동,서울특별시 성동구 독서당로 344,힐스테이트서울숲리버 101동 클린하우스,1,
금호4가동,서울특별시 성동구 독서당로 344,힐스테이트서울숲리버 103동 클린하우스,1,
금호4가동,서울특별시 성동구 독서당로 344,힐스테이트서울숲리버 108동 클린하우스,1,
금호4가동,서울특별시 성동구 독서당로 344,힐스테이트서울숲리버 힐스테이트어린이집 앞 클린하우스,1,
금호4가동,서울특별시 성동구 독서당로 344,힐스테이트서울숲리버 110동 클린하우스,1,
금호4가동,서울특별시 성동구 독서당로 344,힐스테이트서울숲리버 112동 클린하우스,1,
금호4가동,서울특별시 성동구 금호로3길 10,삼산금호아파트 관리사무소 앞,1,
옥수동,서울특별시 성동구 독서당로40길 25,옥수현대아파트 103동 앞,1,
옥수동,서울특별시 성동구 독서당로 191,옥수극동아파트 7동 옆,1,
옥수동,서울특별시 성동구 독서당로 175,극동그린아파트 103동 앞,1,
옥수동,서울특별시 성동구 독서당로 156,한남하이츠아파트 2~5동 사이,1,
옥수동,서울특별시 성동구 독서당로 218,옥수동 삼성아파트 노인정 옆,1,
옥수동,서울특별시 성동구 독서당로 218,옥수동 삼성아파트 106동 앞,1,
옥수동,서울특별시 성동구 독서당로 218,옥수동 삼성아파트 101동 옆,1,
옥수동,서울특별시 성동구 독서당로 218,옥수동 삼성아파트 101동 1초소 옆,1,
옥수동,서울특별시 성동구 독서당로 218,옥수동 삼성아파트 104동 앞,1,
옥수동,서울특별시 성동구 독서당로 218,옥수동 삼성아파트 111동 주차장입구 옆,1,
옥수동,서울특별시 성동구 한림말길 50,옥수하이츠아파트 110동 재활용장,1,
옥수동,서울특별시 성동구 한림말길 50,옥수하이츠아파트 101동 앞,1,
옥수동,서울특별시 성동구 한림말길 50,옥수하이츠아파트 관리사무소 옆,1,
옥수동,서울특별시 성동구 독서당로 242,동인샤인빌아파트 놀이터 옆 재활용장,1,
성수1가1동,서울특별시 성동구 뚝섬로3길 18,성수1가제1동주민센터 앞 게시판 옆,1,
성수1가1동,서울특별시 성동구 뚝섬로5길 17,"금호베스트빌3차 302동 5,6호라인 앞",1,
성수1가1동,서울특별시 성동구 둘레길 21,강변동양아파트 102동 정문방향 측면,1,
성수1가1동,서울특별시 성동구 왕십리로 36,강변건영아파트 105동 앞,1,
성수1가1동,서울특별시 성동구 뚝섬로 310,서울숲한진타운 103동 정문방향 측면,1,
성수1가1동,서울특별시 성동구 뚝섬로 311,"서울숲 대림 101동 3,4호 라인 앞 좌측",1,
성수1가1동,서울특별시 성동구 뚝섬로 311,서울숲 대림 104동 앞 좌측,1,
성수1가1동,서울특별시 성동구 뚝섬로1길 4,서울숲 대림 105동 앞 담벼락밑,1,
성수1가1동,서울특별시 성동구 왕십리로 66-15,장미아파트 가동 뒤 나동 앞 담벼락,1,
성수1가1동,서울특별시 성동구 왕십리로 80,동아아파트 정문방향 12동 측면,1,
성수1가1동,서울특별시 성동구 뚝섬로3길 6,성수현대그린 101동 뒤편 쓰레기장,1,
성수1가1동,서울특별시 성동구 왕십리로 58,서울숲포휴 내 1층 주차장 입구 옆 음식물쓰레기 집하장,1,
성수1가2동,서울특별시 성동구 왕십리로5길 3,성수1가제2동주민센터 뒤 (소녀방앗간 맞은편),1,
성수1가2동,서울특별시 성동구 상원6길 18,제인팅 공장,1,폐형광등 수거함만 있음
성수1가2동,서울특별시 성동구 서울숲길 25,성수현대아파트 101동 뒤,1,
성수1가2동,서울특별시 성동구 상원1길 17,한양현대아파트 101동 앞,1,
성수1가2동,서울특별시 성동구 상원길 63,쌍용아파트 104동 앞,1,
성수1가2동,서울특별시 성동구 상원길 75,우방아파트 뒤 관리소 앞,1,
성수1가2동,서울특별시 성동구 상원길 76,동아그린아파트 101동 뒤,1,
성수1가2동,서울특별시 성동구 상원12길 15,동아그린아파트 102동 뒤,1,
성수1가2동,서울특별시 성동구 상원6길 16,성수2차대우아파트 105동 앞,1,
성수1가2동,서울특별시 성동구 성수일로11길 9,우성아파트 뒤 주차장 입구,1,폐형광등 수거함만 있음
성수1가2동,서울특별시 성동구 상원길 42,뚝섬현대아파트 101동 뒤,1,폐형광등 수거함만 있음
성수1가2동,서울특별시 성동구 광나루로 190,리버하우스 후문,1,
성수2가1동,서울특별시 성동구 뚝섬로 385-19,성수2가제1동주민센터 주민센터 바라보고 무인민원발급기 우측,1,
성수2가1동,서울특별시 성동구 성수일로4길 26,"서울숲 힐스테이트 아파트 102동 집하장, 103동 집하장",2,
성수2가1동,서울특별시 성동구 뚝섬로13길 11,신성노바빌 아파트 101동 어린이놀이터 옆 재활용수거함 옆,1,
성수2가1동,서울특별시 성동구 뚝섬로 436,대명루첸아파트 103동 지상1층 필로티,1,
성수2가1동,서울특별시 성동구 뚝섬로 434,두산위브아파트 경비실 옆,1,
성수2가1동,서울특별시 성동구 둘레19길 5,강변임광아파트 관리사무소 옆,1,
성수2가1동,서울특별시 성동구 둘레15길 7,청구강변아파트 후문 경비실 의류수거함 옆,1,폐형광등 수거함만 있음
성수2가1동,서울특별시 성동구 성수이로 3,한강한신아파트 경비실 옆,1,폐형광등 수거함만 있음
성수2가1동,서울특별시 성동구 둘레11길 1,강변현대아파트 102동 옆,1,
성수2가3동,서울특별시 성동구 성수이로 118,성수아카데미타워 주차장입출입 속(1층 에어컨실외기),1,
성수2가3동,서울특별시 성동구 성수이로18길 31,바로 옆(성수동2가 273-11) / 성삼어린이공원 입구(오른편),2,성삼어린이공원
성수2가3동,서울특별시 성동구 광나루로2길 35,성수2가3동 주민센터 앞,1,
성수2가3동,서울특별시 성동구 성수이로 137,성수동아이파크 110동 앞,1,
성수2가3동,서울특별시 성동구 연무장길 31,금호타운2차아파트 101동 왼편,1,
성수2가3동,서울특별시 성동구 광나루로6길 7-1,E아름다운세상아파트 정문 앞 담벼락 사이,1,폐형광등 수거함만 있음
성수2가3동,서울특별시 성동구 성수일로10길 3,성수우방2차아파트 정문 안쪽,1,
성수2가3동,서울특별시 성동구 아차산로9길 34,서울숲금강아미움 정문 우측 분리수거장 안쪽,1,
성수2가3동,서울특별시 성동구 동일로 143,성수대우프레시아1차아파트 정문 자전거 보관대 옆,1,
송정동,서울특별시 성동구 동일로43길 13,송정동주민센터 좌측,1,
송정동,서울특별시 성동구 송정14길 19,송정동 주민자치회관 우측,1,
송정동,서울특별시 성동구 송정12길 2,송정길쪽 위치,1,
송정동,서울특별시 성동구 송정길 92,송정길쪽 위치,1,
송정동,서울특별시 성동구 동일로 237,아이파크 아파트 분리수거장,2,
송정동,서울특별시 성동구 동일로 263,건영아파트 103동 좌측 분리수거장,1,
용답동,서울특별시 성동구 용답중앙23길 20,주민센터 입구 앞 벽면,1,
용답동,서울특별시 성동구 용답중앙27길 10,중앙하이츠아파트 101동 뒷편 분류배출장,1,
용답동,서울특별시 성동구 용답29길 29,덕현해밀아파트 앞 분류배출장,1,
