연번,동명,주소,구분,세부위치(건물명 또는 상호),박스수량
1,가락1동,서울특별시 송파구 송파대로345,공동주택,송파헬리오시티 101동 재활용장,1
2,가락1동,서울특별시 송파구 송파대로345,공동주택,송파헬리오시티 105동 재활용장,1
3,가락1동,서울특별시 송파구 송파대로345,공동주택,송파헬리오시티 108동 재활용장,1
4,가락1동,서울특별시 송파구 송파대로345,공동주택,송파헬리오시티 110 재활용장,1
5,가락1동,서울특별시 송파구 송파대로345,공동주택,송파헬리오시티 112동 재활용장,1
6,가락1동,서울특별시 송파구 송파대로345,공동주택,송파헬리오시티 201동 재활용장,1
7,가락1동,서울특별시 송파구 송파대로345,공동주택,송파헬리오시티 205동 재활용장,1
8,가락1동,서울특별시 송파구 송파대로345,공동주택,송파헬리오시티 206동 재활용장,1
9,가락1동,서울특별시 송파구 송파대로345,공동주택,송파헬리오시티 207동 재활용장,1
10,가락1동,서울특별시 송파구 송파대로345,공동주택,송파헬리오시티 208동 재활용장,1
11,가락1동,서울특별시 송파구 송파대로345,공동주택,송파헬리오시티 210동 재활용장,1
12,가락1동,서울특별시 송파구 송파대로345,공동주택,송파헬리오시티 212동 재활용장,1
13,가락1동,서울특별시 송파구 송파대로345,공동주택,송파헬리오시티 214동 재활용장,1
14,가락1동,서울특별시 송파구 송파대로345,공동주택,송파헬리오시티 215동 재활용장,1
15,가락1동,서울특별시 송파구 송파대로345,공동주택,송파헬리오시티 216동 재활용장,1
16,가락1동,서울특별시 송파구 송파대로345,공동주택,송파헬리오시티 217동 재활용장,1
17,가락1동,서울특별시 송파구 송파대로345,공동주택,송파헬리오시티 218동 재활용장,1
18,가락1동,서울특별시 송파구 송파대로345,공동주택,송파헬리오시티 219동 재활용장,1
19,가락1동,서울특별시 송파구 송파대로345,공동주택,송파헬리오시티 302동 재활용장,1
20,가락1동,서울특별시 송파구 송파대로345,공동주택,송파헬리오시티 303동 재활용장,1
21,가락1동,서울특별시 송파구 송파대로345,공동주택,송파헬리오시티 305동 재활용장,1
22,가락1동,서울특별시 송파구 송파대로345,공동주택,송파헬리오시티 308동 재활용장,1
23,가락1동,서울특별시 송파구 송파대로345,공동주택,송파헬리오시티 310동 재활용장,1
24,가락1동,서울특별시 송파구 송파대로345,공동주택,송파헬리오시티 311동 재활용장,1
25,가락1동,서울특별시 송파구 송파대로345,공동주택,송파헬리오시티 312동 재활용장,1
26,가락1동,서울특별시 송파구 송파대로345,공동주택,송파헬리오시티 313동 재활용장,1
27,가락1동,서울특별시 송파구 송파대로345,공동주택,송파헬리오시티 315동 재활용장,1
28,가락1동,서울특별시 송파구 송파대로345,공동주택,송파헬리오시티 316동 재활용장,1
29,가락1동,서울특별시 송파구 송파대로345,공동주택,송파헬리오시티 404동 재활용장,1
30,가락1동,서울특별시 송파구 송파대로345,공동주택,송파헬리오시티 405동 재활용장,1
31,가락1동,서울특별시 송파구 송파대로345,공동주택,송파헬리오시티 406동 재활용장,1
32,가락1동,서울특별시 송파구 송파대로345,공동주택,송파헬리오시티 407동 재활용장,1
33,가락1동,서울특별시 송파구 송파대로345,공동주택,송파헬리오시티 408동 재활용장,1
34,가락1동,서울특별시 송파구 송파대로345,공동주택,송파헬리오시티 410동 재활용장,1
35,가락1동,서울특별시 송파구 송파대로345,공동주택,송파헬리오시티 411동 재활용장,1
36,가락1동,서울특별시 송파구 송파대로345,공동주택,송파헬리오시티 412동 재활용장,1
37,가락1동,서울특별시 송파구 송파대로345,공동주택,송파헬리오시티 414동 재활용장,1
38,가락1동,서울특별시 송파구 송파대로345,공동주택,송파헬리오시티 415동 재활용장,1
39,가락1동,서울특별시 송파구 송파대로345,공동주택,송파헬리오시티 416동 재활용장,1
40,가락1동,서울특별시 송파구 송파대로345,공동주택,송파헬리오시티 418동 재활용장,1
41,가락1동,서울특별시 송파구 송파대로345,공동주택,송파헬리오시티 503동 재활용장,1
42,가락1동,서울특별시 송파구 송파대로345,공동주택,송파헬리오시티 504동 재활용장,1
43,가락1동,서울특별시 송파구 송파대로345,공동주택,송파헬리오시티 506동 재활용장,1
44,가락1동,서울특별시 송파구 송파대로345,공동주택,송파헬리오시티 507동 재활용장,1
45,가락1동,서울특별시 송파구 송파대로345,공동주택,송파헬리오시티 509동 재활용장,1
46,가락1동,서울특별시 송파구 송파대로345,공동주택,송파헬리오시티 510동 재활용장,1
47,가락1동,서울특별시 송파구 송파대로345,공동주택,송파헬리오시티 515동 재활용장,1
48,가락1동,서울특별시 송파구 송파대로345,공동주택,송파헬리오시티 516동 재활용장,1
49,가락1동,서울특별시 송파구 송파대로345,공동주택,송파헬리오시티 517동 재활용장,1
50,가락1동,서울특별시 송파구 양재대로 925,주민센터,가락1동 주민센터 옆,1
51,가락2동,서울특별시 송파구 동남로18길 40,공동주택,가락프라자아파트 관리사무소,1
52,가락2동,서울특별시 송파구 오금로 432 ,공동주택,삼환가락아파트 관리사무소,1
53,가락2동,서울특별시 송파구 오금로 432,공동주택,가락1차쌍용아파트 관리사무소(1초소),1
54,가락2동,서울특별시 송파구 오금로 432,공동주택,가락1차쌍용아파트 관리사무소(2초소),1
55,가락2동,서울특별시 송파구 오금로 432,공동주택,가락1차쌍용아파트 관리사무소(3초소),1
56,가락2동,서울특별시 송파구 오금로 432 ,공동주택,가락1차쌍용아파트 관리사무소(4초소),1
57,가락2동,서울특별시 송파구 오금로 432,공동주택,가락1차쌍용아파트 관리사무소(5초소),1
58,가락2동,서울특별시 송파구 동남로 208,공동주택,가락극동아파트 관리사무소,1
59,가락2동,서울특별시 송파구 동남로 225,공동주택,"레미안파크팰리스 101, 103, 105, 106, 108, 110, 111, 112, 113동",9
60,가락2동,서울특별시 송파구 동남로 169,공동주택,"가락미륭아파트 관리사무소(102동옆,105동뒤)",4
61,가락2동,서울특별시 송파구 동남로 225,공동주택,가락5차현대아파트 관리사무소(53동앞),1
62,가락2동,서울특별시 송파구 오금로44길 47,공동주택, 동궁리치웰아파트 관리사무소(101동),1
63,가락2동,서울특별시 송파구 중대로20길 6,주민센터,가락2동주민센터,1
64,가락2동,서울특별시 송파구 오금로42길 15,주택가,샛팽이경로당,1
65,가락본동,서울특별시 송파구 송파대로32길 15,공동주택,가락금호아파트 관리사무소(104동 2초소앞),1
66,가락본동,서울특별시 송파구 송파대로32길 8,공동주택,가락우성아파트 관리사무소(5동앞),1
67,가락본동,서울특별시 송파구 송파대로32길 8 ,공동주택,가락우성아파트 관리사무소(7동앞),1
68,가락본동,서울특별시 송파구 송이로 166,공동주택,가락우성2차아파트 101동 지하주차장 출입구,1
69,가락본동,서울특별시 송파구 송이로15길 31,공동주택,가락쌍용2차아파트 관리사무소(4초소앞),1
70,가락본동,서울특별시 송파구 송이로 88,공동주택,"가락대림아파트 관리사무소(옆,상가 뒤)",3
71,가락본동,서울특별시 송파구 송파대로32길 33,공동주택,가락동부센트레빌 관리사무소(102동 지하주차장입구),1
72,가락본동,서울특별시 송파구 송파대로 220,공동주택,가락한신아파트 관리사무소,1
73,가락본동,서울특별시 송파구 송이로19길 8,공동주택,가락6차현대아파트 관리사무소(101동옆),1
74,가락본동,서울특별시 송파구 송파대로28길 39,주민센터,가락본동주민센터 ,2
75,가락본동,서울특별시 송파구 중대로 121,공동주택,롯데캐슬파인힐아파트 관리사무소(지하4층 주차장),2
76,가락본동,서울특별시 송파구 송파대로28길 27,공동주택,송파성원쌍떼빌 지하,1
77,가락본동,서울특별시 송파구 송이로17길 10,공동주택,가락쌍용3차아파트 관리사무소(101동),1
78,거여1동,서울특별시 송파구 오금로53길 32,주민센터,거여1동주민센터,1
79,거여1동,서울특별시 송파구 오금로54길 10,공동주택,거여현대1차아파트 관리사무소(102-4앞),1
80,거여1동,서울특별시 송파구 거마로 41,공동주택,거여현대3차아파트 관리사무소(출구옆),2
81,거여1동,서울특별시 송파구 오금로56길 16,공동주택,우방아파트 관리사무소(101동옆초소),1
82,거여1동,서울특별시 송파구 오금로56길 28,공동주택,어울림아파트 관리사무소(101-3앞),1
83,거여1동,서울특별시 송파구 거마로9길 19,공동주택,삼호아파트관리사무소,1
84,거여2동,서울특별시 송파구 거마로2길 19,주민센터,거여2동주민센터,1
85,거여2동,서울특별시 송파구 양산로8길 8,공동주택,거여1단지아파트,3
86,거여2동,서울특별시 송파구 양산로8길 24,공동주택,거여2단지아파트,3
87,거여2동,서울특별시 송파구 양산로2길 44,공동주택,거여3단지아파트,1
88,거여2동,서울특별시 송파구 양산로4길 8,공동주택,거여4단지아파트,1
89,거여2동,서울특별시 송파구 양산로4길 16,공동주택,거여5단지아파트,1
90,거여2동,서울특별시 송파구 양산로2길 38,공동주택,거여6단지아파트,1
91,거여2동,서울특별시 송파구 오금로61길 20,공동주택,거여현대2차아파트,2
92,거여2동,서울특별시 송파구 오금로62길 10,공동주택,쌍용스윗닷홈거여1차아파트,1
93,거여2동,서울특별시 송파구 오금로551,공동주택,e편한세상송파파크센트럴아파트,5
94,거여2동,서울특별시 송파구 거마로 56,공동주택,송파시그니처롯데캐슬아파트,17
95,마천1동,서울특별시 송파구 마천로 303,주민센터,마천1동주민센터,1
96,마천1동,서울특별시 송파구 마천로65길 12,주택가,마천제일경로당(마천동324-2),1
97,마천1동,서울특별시 송파구 성내천로 264-1,주택가,옛고을(마천동200-19),1
98,마천1동,서울특별시 송파구 성내천로43길 6,주택가,마천제일공영주차장(마천동215),1
99,마천1동,서울특별시 송파구 마천로57길 16,공동주택,마천금호아파트 관리사무소(101동),1
100,마천1동,서울특별시 송파구 성내천로37길 37,공동주택, 마천1단지아파트 관리사무소(송파파크데일)집하장,7
101,마천1동,서울특별시 송파구 성내천로47길 38,공동주택, 마천2단지아파트 관리사무소(집하장),3
102,마천1동,서울특별시 송파구 성내천로 314,공동주택,금호어울림2차아파트 관리사무소,1
103,마천1동,서울특별시 성내천로47길 22,공동주택,파크데일3단지 관리사무소,1
104,마천2동,서울특별시 송파구 마천로 287,주민센터,마천2동주민센터,1
105,마천2동,서울특별시 송파구 성내천로33가길 21,주택가,충효사 입구,1
106,마천2동,서울특별시 송파구 성내천로 245 ,공동주택,금호어울림1차아파트,1
107,마천2동,서울특별시 송파구 마천로 237,공동주택,신동아아파트 관리사무소(102동앞),1
108,마천2동,서울특별시 송파구 성내천로 211,공동주택,마천우방아파트 관리사무소(입구),1
109,마천2동,서울특별시 송파구 마천로35길 18,공동주택,마천아남아파트 관리사무소(초소앞),1
110,마천2동,서울특별시 송파구 마천로35길 12,공동주택,건원여미지아파트 관리사무소,1
111,문정1동,서울특별시 송파구 동남로 160,공동주택,문정현대1차아파트 관리사무소(18동뒤),1
112,문정1동,서울특별시 송파구 송파대로16길 12,공동주택,문정현대2차아파트 관리사무소(입구),1
113,문정1동,서울특별시 송파구 송파대로20길 28,공동주택,한전현대아파트 관리사무소(입구),1
114,문정1동,서울특별시 송파구 문정로 55,공동주택,대우1차아파트 관리사무소(104동앞),1
115,문정1동,서울특별시 송파구 송이로32길 37,공동주택,대우푸르지오2차아파트 관리사무소(지하1층),1
116,문정1동,서울특별시 송파구 문정로 83,공동주택,삼성래미안아파트 관리사무소(117동앞),1
117,문정1동,서울특별시 송파구 송이로34길 26,공동주택,문정현대아파트 입구,1
118,문정1동,서울특별시 송파구 동남로 116,주민센터,문정1동주민센터,1
119,문정2동,서울특별시 송파구 중대로 24,공동주택,훼밀이타운아파트 108동  앞,1
120,문정2동,서울특별시 송파구 중대로 24,공동주택,훼밀리타운아파트 관리소 앞,1
121,문정2동,서울특별시 송파구 중대로 24,공동주택,훼밀리타운아파트 210동 앞,1
122,문정2동,서울특별시 송파구 중대로 24,공동주택,훼밀리타운아파트 304동 앞,1
123,문정2동,서울 송파구 송파대로 111,공동주택,101동 옆 재활용품 처리장,1
124,문정2동,서울 송파구 송파대로 111,공동주택,103동 옆 재활용품 처리장,1
125,문정2동,서울 송파구 송파대로 111,공동주택,105동 옆 재활용품 처리장,1
126,문정2동,서울 송파구 송파대로 111,공동주택,107동 옆 재활용품 처리장,1
127,문정2동,서울 송파구 송파대로 111,공동주택,109동 옆 재활용품 처리장,1
128,문정2동,서울특별시 송파구 중대로 16,주민센터,문정2동주민센터 뒷편 ,1
129,방이1동,서울특별시 송파구 위례성대로 16길 22,주민센터,방이1동 주민센터,1
130,방이1동,서울특별시 송파구 양재대로 1109,공동주택,"대림아파트 2동->4동 사이 담벼락, 6동앞, 정문옆",3
131,방이1동,서울특별시 송파구 오금로 31길 28,공동주택,"코오롱아파트 103동, 105동 관리사무소",2
132,방이1동,서울특별시 송파구 위례성대로12길 25,공동주택,신구아파트 101동 밑,1
133,방이1동,서울특별시 송파구 양재대로 1089,공동주택,한양3차 아파트 2동 앞,1
134,방이2동,서울특별시 송파구 위례성대로 8길 28,공동주택,금호아파트 1동->2동 사이 뒤,1
135,방이2동,올림픽로34길 5-13,주민센터,잠실 벨솔레 오피스텔 1층 입구,1
136,삼전동,서울특별시 송파구 삼전동62번지,주민센터,삼전동주민센타 주차장 오른쪽,2
137,삼전동,서울특별시 송파구 삼전동39번지,공동주택,삼전현대아파트 건물옆,1
138,석촌동,서울특별시 송파구 백제고분로37길16,주민센터,석촌동주민센터 뒷편 ,1
139,송파1동,서울특별시 송파구 백제고분로 392,주민센터,송파1동주민센터,1
140,송파1동,서울특별시 송파구 송파대로48길 29,공동주택,호수임광아파트 관리사무소(101동),1
141,송파1동,서울특별시 송파구 가락로 187,공동주택,한양1차아파트 관리사무소,1
142,송파1동,서울특별시 송파구 석촌호수로 298,공동주택,잠실대우레이크빌아파트관리사무소(지하1층 주차장),1
143,송파1동,서울특별시 송파구 석촌호수로 284,공동주택,현대레이크빌아파트관리사무소,1
144,송파2동,서울특별시 송파구 송이로 32,주민센터,송파2동주민센터(가락고담장옆),1
145,송파2동,서울특별시 송파구 송이로12길 24,주택가,송파동183-9건너편,1
146,송파2동,서울특별시 송파구 148-2,주택가,송파동148-2(공영주차장내),1
147,송파2동,서울특별시 송파구 오금로 252,공동주택,"가락삼익아파트 관리사무소(208동,210동 앞)",4
148,송파2동,서울특별시 송파구 오금로32길 31,공동주택,송파래미안아파트 관리사무소(108동앞),1
149,송파2동,서울특별시 송파구 가락로 192,공동주택,한양2차아파트 관리사무소 ,1
150,송파2동,서울특별시 송파구 오금로32길 14,공동주택,삼성래미안아파트 관리사무소앞,1
151,송파2동,서울특별시 송파구 오금로32길 14,공동주택,삼성래미안아파트 관리사무소(109동앞),1
152,송파2동,서울특별시 송파구 오금로32길 10,공동주택,미성아파트 관리사무소,1
153,송파2동,서울특별시 송파구 송이로12길 11,공동주택,성지아파트 관리사무소(101동앞),1
154,송파2동,서울특별시 송파구 오금로32길 42,공동주택,송파현대아파트관리사무소,2
155,송파2동,서울특별시 송파구 송이로 50,공동주택,SK아파트(정문옆),1
156,송파2동,서울특별시 송파구 송이로27-1,공동주택,KCC아파트,1
157,송파2동,서울특별시 송파구 송파대로34길 15,공동주택,마에스트로아파트,1
158,오금동,서울특별시 송파구 중대로25길 5,주민센터,오금동주민센터,1
159,오금동,서울특별시 송파구 오금로35길 17,공동주택,오금현대2차아파트 관리사무소(26동앞),2
160,오금동,서울특별시 송파구 오금로 407,공동주택,가락상아2차아파트 관리사무소(6동앞),1
161,오금동,서울특별시 송파구 마천로7길 4,공동주택, 오금대림아파트 관리사무소,1
162,오금동,서울특별시 송파구 양재대로72길 15,공동주택,오금현대백조아파트 관리사무소(101동앞),1
163,오금동,서울특별시 송파구 동남로 272,공동주택,우창아파트 관리사무소(2동앞),1
164,오금동,서울특별시 송파구 양재대로72길 42,공동주택,쌍용스윗닷홈1차(경비실앞),1
165,오금동,서울특별시 송파구 문정로 197,공동주택,삼성아파트 관리사무소(노인정옆),1
166,오금동,서울특별시 송파구 오금로 405,공동주택,가락상아1차아파트 관리사무소(1동뒤),1
167,오금동,서울특별시 송파구 중대로 293,공동주택,"쌍용스윗닷홈2,3,4단지아파트 관리사무소(201동입구)",1
168,오금동,서울특별시 송파구 동남로24길 6,공동주택,가락우창아파트 관리사무소 앞,1
169,오금동,서울특별시 송파구 동남로 342,공동주택,호반베르디움아파트 관리사무소,2
170,오륜동,서울특별시 송파구 양재대로 1218,공동주택, 올림픽선수기자촌아파트 관리사무소,2
171,위례동,서울특별시 송파구 위례광장로 120,공동주택,송파푸르지오 101동 107동 사이,1
172,위례동,서울특별시 송파구 위례광장로 120,공동주택,송파푸르지오 102동 위,1
173,위례동,서울특별시 송파구 위례광장로 120,공동주택,송파푸르지오 103동 뒤,1
174,위례동,서울특별시 송파구 위례광장로 120,공동주택,송파푸르지오 104동 뒤,1
175,위례동,서울특별시 송파구 위례광장로 120,공동주택,송파푸르지오 105동 106동 사이,1
176,위례동,서울특별시 송파구 위례광장로 163,공동주택,"송파한라비발디(22단지) 2201동 1호,2호 앞",1
177,위례동,서울특별시 송파구 위례광장로 163,공동주택,"송파한라비발디(22단지) 2201동 7호,8호 앞",1
178,위례동,서울특별시 송파구 위례광장로 163,공동주택,"송파한라비발디(22단지) 2203동 1호,2호 앞",1
179,위례동,서울특별시 송파구 위례광장로 163,공동주택,"송파한라비발디(22단지) 2205동 1호,2호 앞",1
180,위례동,서울특별시 송파구 위례광장로 163,공동주택,"송파한라비발디(22단지) 2207동 1호,2호 앞",1
181,위례동,서울특별시 송파구 위례광장로 163,공동주택,"송파한라비발디(22단지) 2208동 1호,2호 앞",1
182,위례동,서울특별시 송파구 위례광장로 163,공동주택,"송파한라비발디(22단지) 2209동 3호,4호 앞",1
183,위례동,서울특별시 송파구 위례광장로 163,공동주택,"송파한라비발디(22단지) 2211동 3호,4호 앞",1
184,위례동,서울특별시 송파구 위례광장로 163,공동주택,"송파한라비발디(22단지) 2212동 7호,8호 앞",1
185,위례동,서울특별시 송파구 위례광장로 121,공동주택,송파꿈에그린(24단지) 2401동 앞,1
186,위례동,서울특별시 송파구 위례광장로 121,공동주택,송파꿈에그린(24단지) 2402동 앞,1
187,위례동,서울특별시 송파구 위례광장로 121,공동주택,송파꿈에그린(24단지) 2403동 앞,1
188,위례동,서울특별시 송파구 위례광장로 121,공동주택,송파꿈에그린(24단지) 2405동 앞,1
189,위례동,서울특별시 송파구 위례광장로 121,공동주택,송파꿈에그린(24단지) 2406동 앞,1
190,위례동,서울특별시 송파구 위례광장로 121,공동주택,송파꿈에그린(24단지) 2407동 앞,1
191,위례동,서울특별시 송파구 위례광장로 121,공동주택,송파꿈에그린(24단지) 2408동 앞,1
192,위례동,서울특별시 송파구 위례광장로 121,공동주택,송파꿈에그린(24단지) 2409동 앞,1
193,위례동,서울특별시 송파구 위례광장로 121,공동주택,송파꿈에그린(24단지) 2410동 앞,1
194,위례동,서울특별시 송파구 위례광장로 121,공동주택,송파꿈에그린(24단지) 2411동 앞,1
195,위례동,서울특별시 송파구 위례광장로 121,공동주택,송파꿈에그린(24단지) 2412동 앞,1
196,위례동,서울특별시 송파구 위례광장로 121,공동주택,송파꿈에그린(24단지) 2413동 앞,1
197,위례동,서울특별시 송파구 위례광장로 121,공동주택,송파꿈에그린(24단지) 2414동 앞,1
198,위례동,서울특별시 송파구 위례광장로 121,공동주택,송파꿈에그린(24단지) 2415동 앞,1
199,위례동,서울특별시 송파구 위례광장로 121,공동주택,송파꿈에그린(24단지) 2416동 앞,1
200,위례동,서울특별시 송파구 위례광장로 121,공동주택,송파꿈에그린(24단지) 2418동 앞,1
201,위례동,서울특별시 송파구 위례광장로 121,공동주택,송파꿈에그린(24단지) 2420동 앞,1
202,위례동,서울특별시 송파구 위례광장로 136,공동주택,송파위례아이파크1차 101동 옆,1
203,위례동,서울특별시 송파구 위례광장로 136,공동주택,"송파위례아이파크1차 102동 3,4라인 앞",1
204,위례동,서울특별시 송파구 위례광장로 136,공동주택,"송파위례아이파크1차 103동 3,4라인 앞",1
205,위례동,서울특별시 송파구 위례광장로 136,공동주택,송파위례아이파크1차 105 옆,1
206,위례동,서울특별시 송파구 위례광장로 270,공동주택,송파와이즈더샵 101동 앞,1
207,위례동,서울특별시 송파구 위례광장로 270,공동주택,송파와이즈더샵 104동 앞,1
208,위례동,서울특별시 송파구 위례광장로 230,공동주택,위례2차아이파크 201동 앞,1
209,위례동,서울특별시 송파구 위례광장로 230,공동주택,위례2차아이파크 202동 앞,1
210,위례동,서울특별시 송파구 위례광장로 230,공동주택,위례2차아이파크 203동 앞,1
211,위례동,서울특별시 송파구 위례광장로 230,공동주택,위례2차아이파크 204동 앞,1
212,위례동,서울특별시 송파구 위례광장로 170,공동주택,힐스테이트 105동 앞,1
213,위례동,서울특별시 송파구 위례광장로 170,공동주택,힐스테이트 108동 앞,1
214,위례동,서울특별시 송파구 위례광장로 120,공동주택,위례중앙푸르지오1단지 경비실 뒤,1
215,위례동,서울특별시 송파구 위례광장로 290,공동주택,위례중앙푸르지오2단지 경비실 뒤,1
216,위례동,서울특별시 송파구 위례광장로 215,공동주택,위례스타힐스 2501동 앞,1
217,위례동,서울특별시 송파구 위례광장로 215,공동주택,위례스타힐스 2502동~2503동 사이,1
218,위례동,서울특별시 송파구 위례광장로 215,공동주택,위례스타힐스 2504동 앞,1
219,위례동,서울특별시 송파구 위례광장로 215,공동주택,위례스타힐스 2505동 앞,1
220,위례동,서울특별시 송파구 위례광장로 215,공동주택,위례스타힐스 2506동 앞,1
221,위례동,서울특별시 송파구 위례광장로 215,공동주택,위례스타힐스 2507동 앞,1
222,위례동,서울특별시 송파구 위례광장로 215,공동주택,위례스타힐스 2508동 앞,1
223,위례동,서울특별시 송파구 위례광장로 215,공동주택,위례스타힐스 2509동 앞,1
224,위례동,서울특별시 송파구 위례광장로 215,공동주택,위례스타힐스 2510동 앞,1
225,위례동,서울특별시 송파구 위례광장로 215,공동주택,위례스타힐스 2511동 앞,1
226,위례동,서울특별시 송파구 위례광장로 215,공동주택,위례스타힐스 2512동 앞,1
227,위례동,서울특별시 송파구 위례광장로 215,공동주택,위례스타힐스 2513동 앞,1
228,위례동,서울특별시 송파구 위례광장로 215,공동주택,위례스타힐스 2514동 앞,1
229,위례동,서울특별시 송파구 위례광장로 215,공동주택,위례스타힐스 2515동 앞,1
230,위례동,서울특별시 송파구 위례광장로 210,주민센터,위례동주민센터,1
231,잠실2동,서울특별시 송파구 올림픽로 135,공동주택,리센츠아파트 집하장,30
232,잠실3동,서울특별시 송파구 올림픽로 212,공동주택,갤러리아팰리스 지하1층종합집하장,1
233,잠실3동,서울시 송파구 잠실로62,공동주택,3단지 트리지움1집하장,1
234,잠실3동,서울시 송파구 잠실로62,공동주택,3단지 트리지움2집하장,1
235,잠실3동,서울시 송파구 잠실로62,공동주택,3단지 트리지움3집하장,1
236,잠실3동,서울시 송파구 잠실로62,공동주택,3단지 트리지움4집하장,1
237,잠실3동,서울시 송파구 잠실로62,공동주택,3단지 트리지움5집하장,1
238,잠실3동,서울시 송파구 잠실로62,공동주택,3단지 트리지움6집하장,1
239,잠실3동,서울시 송파구 잠실로62,공동주택,3단지 트리지움7집하장,1
240,잠실3동,서울시 송파구 잠실로62,공동주택,3단지 트리지움8집하장,1
241,잠실3동,서울시 송파구 잠실로62,공동주택,3단지 트리지움9집하장,1
242,잠실3동,서울시 송파구 잠실로62,공동주택,3단지 트리지움10집하장,1
243,잠실3동,서울시 송파구 잠실로62,공동주택,3단지 트리지움11집하장,1
244,잠실3동,서울시 송파구 잠실로62,공동주택,3단지 트리지움12집하장,1
245,잠실3동,서울시 송파구 잠실로62,공동주택,3단지 트리지움13집하장,1
246,잠실3동,서울시 송파구 잠실로62,공동주택,3단지 트리지움14집하장,1
247,잠실3동,서울시 송파구 잠실로62,공동주택,3단지 트리지움15집하장,1
248,잠실3동,서울시 송파구 잠실로62,공동주택,3단지 트리지움16집하장,1
249,잠실3동,서울시 송파구 잠실로62,공동주택,3단지 트리지움17집하장,1
250,잠실3동,서울시 송파구 잠실로62,공동주택,3단지 트리지움18집하장,1
251,잠실3동,서울시 송파구 잠실로62,공동주택,3단지 트리지움19집하장,1
252,잠실3동,서울시 송파구 잠실로62,공동주택,3단지 트리지움20집하장,1
253,잠실3동,서울시 송파구 잠실로62,공동주택,3단지 트리지움21집하장,1
254,잠실3동,서울시 송파구 잠실로62,공동주택,3단지 트리지움22집하장,1
255,잠실3동,서울시 송파구 잠실로62,공동주택,3단지 트리지움23집하장,1
256,잠실3동,서울시 송파구 잠실로62,공동주택,3단지 트리지움24집하장,1
257,잠실3동,서울시 송파구 잠실로62,공동주택,3단지 트리지움25집하장,1
258,잠실3동,서울시 송파구 잠실로62,공동주택,3단지 트리지움 지하상가 집하장,1
259,잠실3동,서울시 송파구 잠실로62,공동주택,4단지 레이크팰리스 101동집하장,1
260,잠실3동,서울시 송파구 잠실로62,공동주택,4단지 레이크팰리스 111동집하장,1
261,잠실3동,서울시 송파구 잠실로62,공동주택,4단지 레이크팰리스 115동집하장,1
262,잠실3동,서울시 송파구 잠실로62,공동주택,4단지 레이크팰리스 119동집하장,1
263,잠실3동,서울시 송파구 잠실로62,공동주택,4단지 레이크팰리스 127동집하장,1
264,잠실3동,서울시 송파구 잠실로62,공동주택,4단지 레이크팰리스 133동집하장,1
265,잠실3동,서울시 송파구 잠실로62,공동주택,4단지 레이크팰리스 134동집하장,1
266,잠실3동,서울시 송파구 잠실로62,공동주택,5단지 관리사무소,2
267,잠실3동,서울시 송파구 잠실로62,공동주택,5단지 중앙상가,1
268,잠실3동,서울시 송파구 잠실로62,주민센터,5단지내 잠실3동주민센타,1
269,잠실4동,서울특별시 송파구 올림픽로 435,공동주택,파크리오아파트 관리사무소 1~16집하장,16
270,잠실6동,서울특별시 송파구 올림픽로35길 104,공동주택,장미1차아파트 관리사무소(충효정 옆),2
271,잠실6동,서울특별시 송파구 올림픽로35길 94,공동주택,장미2차아파트 관리사무소(23동 앞),1
272,잠실6동,서울특별시 송파구 올림픽로35길 94,공동주택,장미3차아파트 관리사무소(1동앞),1
273,잠실6동,서울특별시 송파구 올림픽로 269,공동주택,롯테캐슬골드아파트 관리사무소(102동 지하),2
274,잠실6동,서울특별시 송파구 올림픽로35가길 11,공동주택,한신잠실코아아파트 뒤쪽,1
275,잠실7동,서울특별시 송파구 올림픽로4길 48,공동주택,우성상가 재활용품 수집장(지하주차장입구),1
276,잠실7동,서울특별시 송파구 올림픽로4길 40,공동주택,우성아파트 관리사무소,5
277,잠실7동,서울특별시 송파구 올림픽로4길 15,공동주택,아시아선수촌아파트 관리사무소,1
278,잠실7동,서울특별시 송파구 올림픽로4길 42,공동주택,우성아파트 27동~28동 사이,1
279,잠실7동,서울특별시 송파구 올림픽로4길 42,공동주택,우성아파트 2동 앞,1
280,잠실7동,서울특별시 송파구 올림픽로4길 15,주민센터,아시아선수촌상가재활용품수집장(잠실7동사무소),1
281,잠실본동,서울시 송파구 백제고분로18길 7,공동주택,잠실현대아파트 101동 앞. 102동 앞,2
282,잠실본동,서울시 송파구 백제고분로18길 26,공동주택,"우성4차아파트 103동,107동 앞",2
283,잠실본동,서울시 송파구 백제고분로15길 9,주민센터,잠실본동주민센타건물옆,2
284,장지동,서울특별시 송파구 새말로19길 6,주민센터,장지동주민센터,1
285,장지동,서울특별시 송파구 새말로10길 3-16,주택가,개나리공원내,1
286,장지동,서울특별시 송파구 송이로31길 52,공동주택,문정시영아파트,1
287,장지동,서울특별시 송파구 새말로8길 12,공동주택,건영아파트,1
288,장지동,서울특별시 송파구 송이로 257,공동주택,대우3차아파트,1
289,장지동,서울특별시 송파구 송이로31길 66,공동주택,세양청마루아파트,1
290,장지동,서울시 송파구 충민로 188,공동주택,101동 앞 재활용품 처리장,1
291,장지동,서울시 송파구 충민로 188,공동주택,103동 앞 재활용품 처리장,1
292,장지동,서울시 송파구 충민로 188,공동주택,104동 앞 재활용품 처리장,1
293,장지동,서울시 송파구 충민로 188,공동주택,106동 앞 재활용품 처리장,1
294,장지동,서울시 송파구 충민로 151,공동주택,204동 앞 재활용품 처리장,1
295,장지동,서울시 송파구 충민로 152,공동주택,301동 정문 경비실 옆,1
296,장지동,서울시 송파구 충민로 152,공동주택,304동 앞 재활용품 처리장,1
297,장지동,서울시 송파구 충민로 152,공동주택,310동 앞 재활용품 처리장,1
298,장지동,서울 송파구 새말로12길 16,공동주택,경비실 앞 재활용품 처리장,1
299,장지동,서울 송파구 새말로12길 16,공동주택,402동 앞 재활용품 처리장,1
300,장지동,서울 송파구 새말로12길 16,공동주택,404동 앞 재활용품 처리장,1
301,장지동,서울 송파구 충민로4길 5,공동주택,501동 출입구 부근,1
302,장지동,서울 송파구 충민로4길 5,공동주택,502동 출입구 부근,1
303,장지동,서울 송파구 충민로4길 5,공동주택,503동 출입구 부근,1
304,장지동,서울 송파구 충민로4길 5,공동주택,504동 1층 필로티 자전거보관소 옆,1
305,장지동,서울 송파구 충민로4길 5,공동주택,505동 출입구 부근,1
306,장지동,서울 송파구 충민로4길 5,공동주택,506동 3~4호라인 출입구 부근,1
307,장지동,서울 송파구 충민로6길 14,공동주택,601동 중문 경비실 앞 재활용품 처리장,1
308,장지동,서울 송파구 충민로6길 14,공동주택,604동 앞 재활용품 처리장,1
309,장지동,서울 송파구 충민로6길 14,공동주택,607동 앞 재활용품 처리장,1
310,장지동,서울 송파구 충민로4길 19,공동주택,701동 5호라인 필로티,1
311,장지동,서울 송파구 충민로4길 19,공동주택,702동 5호라인 필로티,1
312,장지동,서울 송파구 충민로4길 19,공동주택,703동 6호라인 필로티,1
313,장지동,서울 송파구 충민로4길 6,공동주택,801동 1초소 경비실 앞 재활용품 처리장,1
314,장지동,서울 송파구 충민로4길 6,공동주택,801동 1~5호 라인 앞 재활용품 처리장,1
315,장지동,서울 송파구 충민로4길 6,공동주택,803동 2초소 경비실 옆 재활용품 처리장,1
316,장지동,서울 송파구 충민로4길 6,공동주택,804동 앞 재활용품 처리장,1
317,장지동,서울 송파구 충민로4길 6,공동주택,805동 앞 재활용품 처리장,1
318,장지동,서울 송파구 송파대로8길 17,공동주택,901동 앞 재활용품 처리장,1
319,장지동,서울 송파구 송파대로8길 17,공동주택,902동 앞 재활용품 처리장,1
320,장지동,서울 송파구 송파대로8길 17,공동주택,903동 앞 재활용품 처리장,1
321,장지동,서울 송파구 송파대로8길 17,공동주택,904동 앞 재활용품 처리장,1
322,장지동,서울 송파구 송파대로8길 17,공동주택,905동 앞 재활용품 처리장,1
323,장지동,서울 송파구 송파대로8길 17,공동주택,906동 앞 재활용품 처리장,1
324,장지동,서울 송파구 송파대로8길 17,공동주택,907동 앞 재활용품 처리장,1
325,장지동,서울 송파구 송파대로8길 20,공동주택,1002동 1층 필로티 1~2호라인 출입구 옆,1
326,장지동,서울 송파구 송파대로8길 20,공동주택,1003동 뒤편 재활용품 처리장,1
327,장지동,서울 송파구 송파대로8길 20,공동주택,1006동 지하주차장 램프 옆 재활용품 처리장,1
328,장지동,서울 송파구 송파대로8길 20,공동주택,1007동 1층 필로티 6호라인 옆,1
329,장지동,서울 송파구 송파대로8길 20,공동주택,1009동 1층 필로티 4호라인 옆,1
330,장지동,서울 송파구 송파대로 8길 58,공동주택,1104동~1105동 사이 재활용품 수거장,1
331,장지동,서울 송파구 송파대로 8길 42,공동주택,1201동 뒤 재활용품 처리장,1
332,장지동,서울 송파구 송파대로 8길 42,공동주택,1204동 뒤 재활용품 처리장,1
333,장지동,서울 송파구 송파대로 8길 10,공동주택,1301동 옆 재활용품 처리장,1
334,풍납1동,서울특별시 송파구 천호대로 152길7,주민센터,풍납1동주민센터,1
335,풍납1동,서울특별시 송파구 한가람로 446,공동주택,동아한가람아파트,2
336,풍납1동,서울특별시 송파구 한가람로 478,공동주택,풍납씨티극동아파트,1
337,풍납1동,서울특별시 송파구 한가람로 468,공동주택,신성노바빌아파트,1
338,풍납1동,서울특별시 송파구 풍성로15길10,공동주택,대동아파트,1
339,풍납1동,서울특별시 송파구 풍성로25나길 16-1,공동주택,금강캐스빌,1
340,풍납2동,서울특별시 송파구 풍성로22길 35,주택가,풍산노인정,1
341,풍납2동,서울특별시 송파구 토성로 38-6,공동주택,한강극동아파트,3
342,풍납2동,서울특별시 송파구 올림픽로 525,공동주택,풍납현대아파트,3
343,풍납2동,서울특별시 송파구 풍성로24길 26,공동주택,현대리버빌1차,1
344,풍납2동,서울특별시 송파구 풍성로24길 38 ,공동주택,현대리버빌2차,1
345,풍납2동,서울특별시 송파구 풍성로6가길 7,공동주택,KNP상상아파트,1
346,풍납2동,서울특별시 송파구 올림픽로47길 9,공동주택,쌍용아파트,1
347,풍납2동,서울특별시 송파구 강동대로9길 8,공동주택,극동아파트,1
348,풍납2동,서울특별시 송파구 풍성로6길 10,공동주택,풍납미성아파트,1
349,풍납2동,서울특별시 송파구 풍성로26길 31,공동주택,송파힐스테이트아파프,1
350,풍납2동,서울특별시 송파구 한가람로 414,공동주택,갑을아파트,1
351,풍납2동,서울특별시 송파구 풍성로14길 19,공동주택,토성현대아파트,1
