행정동,도로명주소,지번주소,위도,경도,데이터기준일자
당산1동,서울특별시 영등포구 국회대로38길 18,서울특별시 영등포구 당산동3가 80-3,37.52545384,126.8986723,2025-08-22
당산1동,서울특별시 영등포구 양산로25길 3-1,서울특별시 영등포구 당산동3가 13,37.52411434,126.8983853,2025-08-22
당산1동,서울특별시 영등포구 당산로10길 21,서울특별시 영등포구 당산동1가 113,37.52169111,126.8982972,2025-08-22
당산1동,서울특별시 영등포구 당산로14길 10-1,서울특별시 영등포구 당산동1가 255-28,37.52227727,126.897015,2025-08-22
당산1동,서울특별시 영등포구 양산로23길 11,서울특별시 영등포구 당산동3가 250,37.52512811,126.8974049,2025-08-22
당산1동,서울특별시 영등포구 양산로23길 14,,,,2025-08-22
당산1동,서울특별시 영등포구 당산로32길 7-4,서울특별시 영등포구 당산동3가 158-1,37.52652031,126.8977862,2025-08-22
당산1동,서울특별시 영등포구 선유동1로 20-10,서울특별시 영등포구 당산동2가 147-7,37.52363063,126.8923275,2025-08-22
당산1동,서울특별시 영등포구 당산로27길 7,서울특별시 영등포구 당산동3가 363,37.5249831,126.8955041,2025-08-22
당산1동,서울특별시 영등포구 국회대로30길 14,서울특별시 영등포구 당산동3가 395-3,37.52698911,126.8953256,2025-08-22
당산1동,서울특별시 영등포구 영신로39길 14-1,서울특별시 영등포구 당산동1가 155-2,37.52182447,126.8996821,2025-08-22
당산1동,서울특별시 영등포구 영등포로28길 5,서울특별시 영등포구 당산동1가 9-1,37.51995668,126.899242,2025-08-22
문래동,서울특별시 영등포구 선유로3길 21,서울특별시 영등포구 문래동5가 19-8,37.51605543,126.8853137,2025-08-22
문래동,서울특별시 영등포구 선유로 28,서울특별시 영등포구 문래동4가 10-4,37.51640521,126.8887147,2025-08-22
문래동,서울특별시 영등포구 영등포로20길 22-8,서울특별시 영등포구 문래동3가 82-12,37.51995006,126.8918587,2025-08-22
문래동,서울특별시 영등포구 도림로128가길 1,서울특별시 영등포구 문래동3가 54-5,37.51442403,126.8957676,2025-08-22
양평1동,서울특별시 영등포구 선유서로 103-3,서울특별시 영등포구 양평동2가 33-48,37.52491776,126.8857593,2025-08-22
양평1동,서울특별시 영등포구 문래북로 57,서울특별시 영등포구 양평동1가 1-42,37.52091602,126.8915548,2025-08-22
양평1동,서울특별시 영등포구 영등포로5길 12,서울특별시 영등포구 양평동2가 32-11,,,2025-08-22
양평1동,서울특별시 영등포구 영등포로3길 23 육교 앞,서울특별시 영등포구 양평동2가 43-14,,,2025-08-22
양평1동,서울특별시 영등포구 양산로3길 9 건너편,서울특별시 영등포구 양평동3가 30-19,37.52642209,126.8850352,2025-08-22
양평1동,서울특별시 영등포구 선유서로31길 1 건너편,서울특별시 영등포구 양평동3가 23-3,37.52638471,126.8861656,2025-08-22
양평1동,서울특별시 영등포구 선유서로 129 건너편,서울특별시 영등포구 양평동3가 32-1,37.52722591,126.8864672,2025-08-22
양평1동,서울특별시 영등포구 선유서로34길 13 건너편,서울특별시 영등포구 양평동3가 56-4,37.52741176,126.8875694,2025-08-22
양평1동,서울특별시 영등포구 영등포로 14-3,서울특별시 영등포구 양평동2가 22-1,37.52277965,126.8833253,2025-08-22
양평1동,서울특별시 영등포구 양산로9길 15 건너편,서울특별시 영등포구 양평동3가 37-1,,,2025-08-22
양평1동,서울특별시 영등포구 선유로 149 건너편,서울특별시 영등포구 양평동3가 50,,,2025-08-22
양평1동,서울특별시 영등포구 문래북로 31 건너편,서울특별시 영등포구 양평동1가 13-25,37.52139269,126.8887937,2025-08-22
양평1동,서울특별시 영등포구 선유동1로 35,서울특별시 영등포구 양평동3가 3-1,37.52547616,126.8919405,2025-08-22
양평1동,서울특별시 영등포구 영등포로13길 20-1 맞은편,서울특별시 영등포구 양평동1가 120-14,,,2025-08-22
도림동,서울특별시 영등포구 도신로25길 5,서울특별시 영등포구 도림동 147-34,37.50788365,126.9025314,2025-08-22
도림동,서울특별시 영등포구 도림로112길 18,서울특별시 영등포구 도림동 144-185,37.50903795,126.9020101,2025-08-22
도림동,서울특별시 영등포구 도림로112길 6,서울특별시 영등포구 도림동 154-21,37.50862949,126.9008946,2025-08-22
도림동,서울특별시 영등포구 도림로108가길 3,서울특별시 영등포구 도림동 152-33,37.50767681,126.9012685,2025-08-22
도림동,서울특별시 영등포구 도림로 367,서울특별시 영등포구 도림동 180-6,,,2025-08-22
도림동,서울특별시 영등포구 도림로113길 3,서울특별시 영등포구 도림동 156-3,37.50867934,126.8995338,2025-08-22
도림동,서울특별시 영등포구 도림로113길 17,서울특별시 영등포구 도림동 234-1,37.50882997,126.8979351,2025-08-22
도림동,서울특별시 영등포구 도신로19길 5,서울특별시 영등포구 도림동 251-3,37.50682066,126.9003934,2025-08-22
도림동,서울특별시 영등포구 도신로15나길 13-9,서울특별시 영등포구 도림동 247-31,37.50702025,126.8990279,2025-08-22
도림동,서울특별시 영등포구 도신로15가길 2,서울특별시 영등포구 도림동 250-11,37.50608107,126.8989617,2025-08-22
도림동,서울특별시 영등포구 도신로15라길 2,서울특별시 영등포구 도림동 232,37.50702242,126.8978818,2025-08-22
도림동,서울특별시 영등포구 도신로15라길 5-7,서울특별시 영등포구 도림동 231-1,37.50785334,126.897382,2025-08-22
도림동,서울특별시 영등포구 도신로15길 31,서울특별시 영등포구 도림동 229-18,,,2025-08-22
도림동,서울특별시 영등포구 도신로15길 36,서울특별시 영등포구 도림동 226-13,37.50820309,126.8967351,2025-08-22
도림동,서울특별시 영등포구 도영로7길 12-7,서울특별시 영등포구 도림동 202-43,37.50978248,126.8960392,2025-08-22
도림동,서울특별시 영등포구 도영로11길 15,서울특별시 영등포구 도림동 201-2,37.51071645,126.8968518,2025-08-22
도림동,서울특별시 영등포구 도영로11길 6,서울특별시 영등포구 도림동 187-51,37.51042435,126.897691,2025-08-22
도림동,서울특별시 영등포구 영신로1길 8-5,서울특별시 영등포구 도림동 30,,,2025-08-22
도림동,서울특별시 영등포구 도신로 165,서울특별시 영등포구 도림동 45-9,,,2025-08-22
도림동,서울특별시 영등포구 도신로29라길 6,서울특별시 영등포구 도림동 113-2,37.50950072,126.9055743,2025-08-22
신길1동,서울특별시 영등포구 영등포로74길 14,서울특별시 영등포구 신길동 95-51,37.51330528,126.9186287,2025-08-22
신길1동,서울특별시 영등포구 영등포로84길 38,서울특별시 영등포구 신길동 456-7,37.50996203,126.9219778,2025-08-22
신길1동,서울특별시 영등포구 여의대방로47다길 16-9,서울특별시 영등포구 신길동 465-16,37.51080085,126.9214242,2025-08-22
신길1동,서울특별시 영등포구 영등포로84길 24-14,서울특별시 영등포구 신길동 466-3,37.51157802,126.9214969,2025-08-22
신길1동,서울특별시 영등포구 도신로62길 36,서울특별시 영등포구 신길동 124-10,37.50936967,126.9197696,2025-08-22
신길1동,서울특별시 영등포구 도신로62길 26-1,서울특별시 영등포구 신길동 124-30,37.51008587,126.9189675,2025-08-22
신길1동,서울특별시 영등포구 도신로58길 34,서울특별시 영등포구 신길동 146-16,37.5091097,126.9168635,2025-08-22
신길1동,서울특별시 영등포구 영등포로72길 35,서울특별시 영등포구 신길동 119-2,37.51095844,126.9187574,2025-08-22
신길1동,서울특별시 영등포구 영등포로79길 9,서울특별시 영등포구 신길동 65-103,37.51460728,126.9212226,2025-08-22
신길1동,서울특별시 영등포구 여의대방로59길 42-4,서울특별시 영등포구 신길동 7-39,37.5152613,126.9218706,2025-08-22
신길1동,서울특별시 영등포구 여의대방로61길 42,서울특별시 영등포구 신길동 10-40,37.51596302,126.9220354,2025-08-22
신길1동,서울특별시 영등포구 영등포로81길 6,서울특별시 영등포구 신길동 69-15,37.51385987,126.9221306,2025-08-22
신길1동,서울특별시 영등포구 도신로52길 11,서울특별시 영등포구 신길동 158-30,37.51042055,126.9141816,2025-08-22
신길3동,서울특별시 영등포구 신길로37길 13-1,서울특별시 영등포구 신길동 230-4,37.50736091,126.9104193,2025-08-22
신길3동,서울특별시 영등포구 가마산로61다길 9,서울특별시 영등포구 신길동 312-23,37.50617622,126.9041495,2025-08-22
신길3동,서울특별시 영등포구 신길로41나길 11,서울특별시 영등포구 신길동 271-10,37.5072575,126.9089153,2025-08-22
신길3동,서울특별시 영등포구 가마산로 51길 8 ,서울특별시 영등포구 신길동 355-93,37.50377911,126.9011074,2025-08-22
신길3동,서울특별시 영등포구 신길로39길 28,서울특별시 영등포구 신길동 268-13,37.50718204,126.9079205,2025-08-22
신길3동,서울특별시 영등포구 신길로41길 34,서울특별시 영등포구 신길동 287-12,37.50890327,126.9074029,2025-08-22
신길3동,서울특별시 영등포구 신길로41길 28-5,서울특별시 영등포구 신길동 287-42,37.5088075,126.907988,2025-08-22
신길3동,서울특별시 영등포구 신길로41라길 13-7,서울특별시 영등포구 신길동 281-22,37.50752245,126.9079429,2025-08-22
신길3동,서울특별시 영등포구 가마산로63길 25,서울특별시 영등포구 신길동 307-3,37.50762557,126.90504,2025-08-22
신길3동,서울특별시 영등포구 가마산로61길 24-7,서울특별시 영등포구 신길동 308-14,37.50735662,126.9047068,2025-08-22
신길3동,서울특별시 영등포구 가마산로61길 26,서울특별시 영등포구 신길동 296-44,37.50730806,126.9042644,2025-08-22
신길3동,서울특별시 영등포구 도신로24길6-1 ,서울특별시 영등포구 신길동362-19,37.50683305,126.9026622,2025-08-22
신길3동,서울특별시 영등포구 신길로39길26-1 ,서울특별시 영등포구 신길동268-11,37.50722231,126.9082338,2025-08-22
신길3동,서울특별시 영등포구 도신로 160,서울특별시 영등포구 신길동 276-77,37.50994842,126.9092385,2025-08-22
신길6동,서울특별시 영등포구 신풍로19가길 13,서울특별시 영등포구 신길동 1560,37.50139068,126.9173505,2025-08-22
신길6동,서울특별시 영등포구 여의대방로31길 7,서울특별시 영등포구 신길동 507-1,37.50034147,126.9195796,2025-08-22
신길6동,서울특별시 영등포구 신풍로20길 1,서울특별시 영등포구 신길동 4145,37.49970965,126.9169316,2025-08-22
신길6동,서울특별시 영등포구 신길로16길 9-1,서울특별시 영등포구 신길동 4605,37.49816977,126.9092554,2025-08-22
신길6동,서울특별시 영등포구 여의대방로7길 9,서울특별시 영등포구 신길동 4507,37.49732158,126.9127439,2025-08-22
신길6동,서울특별시 영등포구 신길로8길 5,서울특별시 영등포구 신길동 4728,37.49569374,126.9091698,2025-08-22
신길6동,서울특별시 영등포구 신길로8길 9-15,서울특별시 영등포구 신길동 4692,37.49631087,126.9090982,2025-08-22
신길6동,서울특별시 영등포구 신풍로12가길 1-6,서울특별시 영등포구 신길동 3829,37.49935592,126.9125699,2025-08-22
신길6동,서울특별시 영등포구 신풍로14길 2,서울특별시 영등포구 신길동 3980-10,37.49971196,126.9148528,2025-08-22
신길6동,서울특별시 영등포구 여의대방로27길 2,서울특별시 영등포구 신길동 503,37.49948191,126.9198425,2025-08-22
신길6동,서울특별시 영등포구 신풍로22길 10,서울특별시 영등포구 신길동 4148,37.4995202,126.9181331,2025-08-22
신길6동,서울특별시 영등포구 신풍로 31-1,서울특별시 영등포구 신길동 3574-5,37.50062355,126.9099333,2025-08-22
신길6동,서울특별시 영등포구 신풍로14길 7,서울특별시 영등포구 신길동 3988,37.49909364,126.9150473,2025-08-22
신길6동,서울특별시 영등포구 신풍로 14길 2,서울특별시 영등포구 신길동 3980-10,37.49971,126.91485,2025-08-22
신길6동,서울특별시 영등포구 신풍로 31-7,서울특별시 영등포구 신길동 3574-8,37.50063,126.9101,2025-08-22
신길제7동,서울특별시 영등포구 여의대방로45길 5,서울특별시 영등포구 신길동 1088,37.50768248,126.9225161,2025-08-22
신길제7동,서울특별시 영등포구 여의대방로45길 15,서울특별시 영등포구 신길동 457-3,37.50827094,126.9219878,2025-08-22
신길제7동,서울특별시 영등포구 여의대방로49길 15-1,서울특별시 영등포구 신길동 1222,37.50989937,126.9223382,2025-08-22
신길제7동,서울특별시 영등포구 여의대방로53가길 2,서울특별시 영등포구 신길동 1267,37.51144852,126.9233855,2025-08-22
신길제7동,서울특별시 영등포구 여의대방로53가길 10,서울특별시 영등포구 신길동 1272,37.51083347,126.9232004,2025-08-22
신길제7동,서울특별시 영등포구 여의대방로53가길 26-1,서울특별시 영등포구 신길동 1210,37.50933621,126.9225666,2025-08-22
신길제7동,서울특별시 영등포구 여의대방로43길 11-5,서울특별시 영등포구 신길동 882,37.505696,126.921454,2025-08-22
신길제7동,서울특별시 영등포구 여의대방로43길 1,서울특별시 영등포구 신길동869-2,37.506112,126.922133,2025-08-22
신길제7동,서울특별시 영등포구 여의대방로 249,서울특별시 영등포구신길동 4877,37.50904,126.92273,2025-08-22
신길제7동,서울특별시 영등포구 여의대방로53가길 22-1,서울특별시 영등포구신길동 1206,37.509901,126.922959,2025-08-22
