연번,동명,주소,구분,세부위치(건물명 또는 상호),박스수량,비고
1,당산1동,영등포구 국회대로 522,공동주택,삼익아파트,1,
2,당산1동,영등포구 당산로31길 32,공동주택,쌍용예가아파트,3,
3,당산1동,영등포구 선유동1로 50,공동주택,더파크365,1,
4,당산1동,영등포구 양산로17길 22,공동주택,당산금호어울림2차아파트,1,
5,당산1동,영등포구 영등포로 112,공동주택,대우미래사랑3차아파트,1,
6,당산1동,영등포구 영등포로 106,공동주택,대우아파트,1,
7,당산1동,영등포구 당산로 95,공동주택,당산2가현대홈타운아파트,1,
8,당산1동,영등포구 영신로 193,공동주택,당산한양아파트,1,
9,당산1동,영등포구 영신로 191,공동주택,동부센트레빌아파트,4,
10,당산1동,영등포구 영신로 183,공동주택,당산에스에이치빌 아파트,1,
11,당산1동,영등포구 양산로25길 16,공동주택,당산계룡리슈빌 1단지,1,
12,당산1동,영등포구 양산로25길 8,공동주택,당산계룡리슈빌 2단지,1,
13,당산1동,영등포구 양산로25길 12,공동주택,당산계룡리슈빌 3단지,1,
14,당산1동,영등포구 국회대로36길 17,공동주택,리앤나빌리지,1,
15,당산1동,영등포구 영신로33길 3,공동주택,신동아파밀리에아파트,1,
16,당산1동,영등포구 영등포로28길 5,공동주택,코오롱아파트,1,
17,당산1동,영등포구 당산로 68,공동주택,진로아파트,1,
18,당산2동,영등포구 당산로42길 16,공동주택,당산현대5차아파트,2,
19,당산2동,영등포구 당산로41길 23,공동주택,당산현대3차아파트,2,
20,당산2동,영등포구 국회대로29길 5,공동주택,당산현대2차아파트,1,
21,당산2동,영등포구 국회대로29길 13,공동주택,당산유원제일1차아파트,1,
22,당산2동,영등포구 선유동2로 56,공동주택,당산유원제일2차아파트,3,
23,당산2동,영등포구 양평로 57,공동주택,성원아파트,1,
24,당산2동,영등포구 당산로45길 7-3,공동주택,반도보라빌아파트,1,
25,당산2동,영등포구 당산로 205,공동주택,효성헤링턴타워오피스텔,1,
26,당산2동,영등포구 당산로 203,공동주택,데시앙루브오피스텔,1,
27,당산2동,영등포구 당산로 175,공동주택,삼익플라주아파트,1,
28,당산2동,영등포구 당산로54길 11,공동주택,래미안당산1차,1,
29,당산2동,영등포구 당산로36길 12,공동주택,당산삼성2차,2,
30,당산2동,영등포구 당산로 214,공동주택,래미안당산4차,4,
31,당산2동,영등포구 버드나루로22길 7,공동주택,드림리버빌 아파트,1,
32,당산2동,영등포구 버드나루로22길 5,공동주택,강변한솔그라치아,1,
33,당산2동,영등포구 버드나루로 130,공동주택,강변래미안아파트,5,
34,당산2동,영등포구 버드나루로 142,공동주택,한산오피스텔,1,
35,당산2동,영등포구 당산로42길 13,공동주택,효성1차아파트,1,
36,당산2동,영등포구 당산로42길 7,공동주택,효성2차아파트,1,
37,당산2동,영등포구 영신로 237,공동주택,롯데캐슬프레스티지,2,
38,당산2동,영등포구 국회대로37길 22,공동주택,당산금호어울림아파트,1,
39,당산2동,영등포구 영신로57길 5,공동주택,한강아파트,1,
40,당산2동,영등포구 영신로 219,공동주택,코오롱스타폴리스,1,
41,당산2동,영등포구 영신로55길 8,공동주택,브라운스톤당산아파트,1,
42,당산2동,영등포구 국회대로 597,공동주택,반도유보라팰리스아파트,1,
43,당산2동,영등포구 버드나루로16길 5,공동주택,칸리버팰리스,1,
44,당산2동,영등포구 국회대로53길 30,공동주택,드림시드아파트,1,
45,양평1동,영등포구 선유로 172,공동주택,삼호아파트,1,
46,양평1동,영등포구 선유로33길 10,공동주택,양평대우이안1차아파트,1,
47,양평1동,영등포구 선유로33길 18,공동주택,양평대우이안2차아파트,1,
48,양평1동,영등포구 선유로33길 22,공동주택,경남아너스빌아파트,1,
49,양평1동,영등포구 선유로33길 23,공동주택,우림루미아트아파트,1,
50,양평1동,영등포구 양산로 43,공동주택,우림EBIZ센터 2차,1,
51,양평1동,영등포구 양산로7길 3,공동주택,우림보보카운티오피스텔,1,
52,양평1동,영등포구 선유서로 116,공동주택,월드메르디앙아파트,1,
53,양평1동,영등포구 선유서로 128,공동주택,대우미래사랑오피스텔,1,
54,양평1동,영등포구 선유서로34길 6,공동주택,태승훼미리아파트,1,
55,양평1동,영등포구 양산로 11,공동주택,미소지움아파트,1,
56,양평1동,영등포구 선유서로 115,공동주택,삼천리아파트,1,
57,양평1동,영등포구 영등포로 17,공동주택,상록수아파트,1,
58,양평1동,영등포구 영등포로3길 9,공동주택,삼성래미안아파트,1,
59,양평1동,영등포구 선유서로21길 19,공동주택,벽산블루밍아파트,1,
60,양평1동,영등포구 영등포로12길 7,공동주택,양평동서통한신아파트,1,
61,양평1동,영등포구 영등포로12길 8,공동주택,신동아아파트,4,
62,양평1동,영등포구 영등포로 49,공동주택,삼환아파트,1,
63,양평1동,영등포구 영등포로 32,공동주택,우남푸르미아오피스텔,1,
64,양평1동,영등포구 선유서로 67,공동주택,신동아하이팰리스,1,
65,양평1동,영등포구 선유서로 59,공동주택,힘멜하임오피스텔,1,
66,양평1동,영등포구 문래로 21,공동주택,샤르망오피스텔,1,
67,양평2동,영등포구 양평로30길 51,공동주택,한솔아파트,1,
68,양평2동,영등포구 양평로30가길 15,공동주택,동양엔파트,1,
69,양평2동,영등포구 양평로24길 9,공동주택,한신휴플러스아파트,2,
70,양평2동,양평로22라길 1,공동주택,대우미래사랑2차,1,
71,양평2동,영등포구 선유로43가길 24,공동주택,거성파스텔아파트,1,
72,양평2동,영등포구 선유동2로 29,공동주택,현대2차아파트,1,
73,양평2동,영등포구 선유동2로 23,공동주택,현대3차아파트,1,
74,양평2동,영등포구 선유로 207,공동주택,현대6차아파트,1,
75,양평2동,영등포구 양평로17길 36,공동주택,성원아파트,1,
76,양평2동,영등포구 선유로47길 15,공동주택,구산드림타워오피스텔,1,
77,양평2동,영등포구 양평로17길 9,공동주택,경남아파트,1,
78,양평2동,영등포구 선유로47길 34,공동주택,삼호한숲아파트,1,
79,양평2동,영등포구 선유로55길 25,공동주택,리오파크1차 아파트,1,
80,양평2동,영등포구 양평로12가길 14,공동주택,삼부르네상스한강오피스텔,1,
81,양평2동,영등포구 선유로42길 6,공동주택,삼익플라주 101동,1,
82,양평2동,영등포구 선유로40길 7,공동주택,삼익플라주 201동,1,
83,문래동,영등포구 도림로143길 32,공동주택,삼환아파트,1,
84,문래동,영등포구 문래북로 108,공동주택,문래태영데시앙,1,
85,문래동,영등포구 문래로 137,공동주택,금호어울림아파트,1,
86,문래동,영등포구 문래로26길 6,공동주택,벽산메가트리움,1,
87,문래동,영등포구 당산로4길 12,공동주택,자이아파트,4,
88,문래동,영등포구 문래로4길 14,공동주택,현대1차아파트,1,
89,문래동,영등포구 문래로4길 6,공동주택,현대2차아파트,1,
90,문래동,영등포구 선유서로 6,공동주택,현대3차아파트,1,
91,문래동,영등포구 선유서로9길 5,공동주택,현대5차아파트,1,
92,문래동,영등포구 선유서로 31,공동주택,현대6차아파트,1,
93,문래동,영등포구 선유서로 43,공동주택,한신아파트,1,
94,문래동,영등포구 문래로4길 26,공동주택,대원아파트,1,
95,문래동,영등포구 선유로9길 31,공동주택,진주맨션아파트,1,
96,문래동,영등포구 선유로3길 10,공동주택,하우스디비즈,1,"상가, 기업 빌딩"
97,문래동,영등포구 선유로9나길 8,공동주택,두산위브아파트,2,
98,문래동,영등포구 선유서로 40,공동주택,베어스타운아파트,1,
99,문래동,영등포구 문래로8길 5,공동주택,미원아파트,1,
100,문래동,영등포구 선유로17길 24,공동주택,신일아르디세오피스텔,1,
101,문래동,영등포구 문래북로 22,공동주택,유원물래아파트,1,
102,문래동,영등포구 선유로 71,공동주택,임광그대가오피스텔,1,
103,문래동,영등포구 선유로11길 5,공동주택,현대홈시티1차,1,
104,문래동,영등포구 선유로13길 5,공동주택,현대홈시티2차,1,
105,문래동,영등포구 선유로11길 12,공동주택,문래파라곤오피스텔,1,
106,문래동,영등포구 문래동6가 56-1,공동주택,미주프라자,1,주상복합
107,문래동,영등포구 선유로 33,공동주택,대림아파트,1,
108,문래동,영등포구 문래로 82,공동주택,문래힐스테이트아파트,3,
109,문래동,영등포구 문래로 94-7,공동주택,건영아파트,1,
110,문래동,영등포구 문래로20길 14,공동주택,문래공원한신아파트,1,
111,문래동,영등포구 문래로20길 40,공동주택,문래동원데자뷰,1,
112,문래동,영등포구 문래로 41,공동주택,문래대우이안오피스텔,1,
113,문래동,영등포구 도림로 472,공동주택,카튼빌아파트,1,
114,문래동,영등포구 도림로 456,공동주택,우정아파트,1,
115,문래동,영등포구 도림로 464,공동주택,국화맨션아파트,1,
116,문래동,영등포구 선유로9나길 5,공동주택,모아미래도아파트,1,
117,문래동,영등포구 도림로145길 28,공동주택,리버뷰신안인스빌1단지,1,
118,문래동,영등포구 도림로143길 27,공동주택,리버뷰신안인스빌2단지,1,
119,문래동,영등포구 경인로77길 21,공동주택,남성아파트,2,
120,영등포동,영등포구 버드나루로 50,공동주택,리버타워오피스텔,1,
121,영등포동,영등포구 버드나루로12가길 13,공동주택,브라운스톤아파트,1,
122,영등포동,영등포구 버드나루로12길 8,공동주택,프리마리버텔오피스텔,1,
123,영등포동,영등포구 국회대로54길 10,공동주택,아크로타워스퀘어,5,
124,영등포동,영등포구 영중로 154,공동주택,푸르지오아파트,2,
125,영등포동,영등포구 양산로 214,공동주택,현대프라자,1,
126,영등포동,영등포구 영중로 145,공동주택,삼환아파트,1,
127,영등포본동,영등포구 도신로29길 28,공동주택,푸르지오아파트,4,
128,영등포본동,영등포구 신길로60나길 9,공동주택,두산위브아파트,1,
129,영등포본동,영등포구 영등포로62길 42,공동주택,순영웰라이빌아파트,1,
130,영등포본동,영등포구 영등포로64길 11,공동주택,우성4차아파트,2,
131,신길1동,영등포구 여의대방로61길 6,공동주택,전철아파트,2,
132,신길1동,영등포구 여의대방로61길 19,공동주택,삼두아파트,1,
133,신길1동,영등포구 영등포로 351,공동주택,경남아파트,3,
134,신길1동,영등포구 도신로60길 7,공동주택,대신아파트,1,
135,신길1동,영등포구 신길로42가길 34,공동주택,신기목련아파트,1,
136,신길1동,영등포구 여의대방로43라길 17,공동주택,국군복지단대방학사,1,기숙사
137,신길1동,영등포구 가마산로79길 19,공동주택,신길자이아파트,3,
138,신길3동,영등포구 도신로 68,공동주택,우성1차아파트,2,
139,신길3동,영등포구 도림로 313,공동주택,건영아파트,1,
140,신길3동,영등포구 도신로 100,공동주택,우성5차아파트,1,
141,신길3동,영등포구 가마산로 442,공동주택,래미안프레비뉴아파트,12,
142,신길4동,영등포구 가마산로79길 7,공동주택,신길삼성래미안1단지아파트,2,
143,신길4동,영등포구 도신로56길 62,공동주택,삼성래미안아파트,2,
144,신길5동,영등포구 신길로 119,공동주택,한화꿈에그린아파트,1,
145,신길5동,영등포구 신길로23길 20,공동주택,신미아파트,1,
146,신길5동,영등포구 대방천로 155,공동주택,신풍두산위브아파트,1,
147,신길5동,영등포구 가마산로50길 27,공동주택,대성유니드아파트,1,
148,신길6동,영등포구 신길로 108,공동주택,남서울아파트,1,
149,신길6동,영등포구 대방천로 180,공동주택,우성2차아파트,1,
150,신길6동,영등포구 대방천로14길 8,공동주택,우성3차아파트,1,
151,신길6동,영등포구 여의대방로 25,공동주택,보라매경남아너스빌,5,
152,신길6동,영등포구 여의대방로9길 5,공동주택,보라매두산위브아파트,1,
153,신길6동,영등포구 여의대방로 99-3,공동주택,대방아파트,1,
154,신길6동,영등포구 여의대방로5길 6,공동주택,우창아파트,1,
155,신길6동,영등포구 여의대방로 45,공동주택,삼성아파트,1,
156,신길7동,영등포구 여의대방로55길 3,공동주택,대방동아파트,1,
157,신길7동,영등포구 여의대방로 249,공동주택,우주마루아파트,2,
158,신길7동,영등포구 여의대방로43라길 9,공동주택,삼환아파트,2,
159,신길7동,영등포구 가마산로 575,공동주택,한성아파트,2,
160,신길7동,영등포구 가마산로 540,공동주택,바다마을아파트,2,
161,신길7동,영등포구 가마산로79길 46,공동주택,푸른숲마을아파트,2,
162,신길7동,영등포구 신풍로 77,공동주택,래미안에스티움아파트,17,
163,대림1동,영등포구 시흥대로187길 12,공동주택,현대아파트,1,
164,대림1동,영등포구 도림로54길 14,공동주택,신동아파밀리에아파트,2,
165,대림1동,영등포구 디지털로 420,공동주택,보라매신동아파밀리에아파트,1,
166,대림1동,영등포구 디지털로69길 13,공동주택,대림한신1차아파트,1,
167,대림1동,영등포구 디지털로69길 12,공동주택,대림한신2차아파트,1,
168,대림1동,영등포구 대림로22길 29,공동주택,갑을명가아파트,1,
169,대림2동,영등포구 시흥대로 609,공동주택,무림아파트,1,
170,대림2동,영등포구 시흥대로 595,공동주택,H하우스대림뉴스테이아파트,1,
171,대림2동,영등포구 도림천로 431,공동주택,한솔솔파크 아파트,1,
172,대림2동,영등포구 도림천로 391,공동주택,문영칸타빌레아파트,1,
173,대림3동,영등포구 가마산로 312,공동주택,대림신동아아파트,2,
174,대림3동,영등포구 도림로 187,공동주택,우성1차아파트,1,
175,대림3동,영등포구 도림로47길 1,공동주택,우성2차아파트,2,
176,대림3동,영등포구 도신로4길 14,공동주택,현대1차아파트,1,
177,대림3동,영등포구 도신로4길 6,공동주택,현대2차아파트,1,
178,대림3동,영등포구 도신로 31,공동주택,현대3차아파트,1,
179,대림3동,영등포구 대림로 256,공동주택,성원상떼빌아파트,1,
180,대림3동,영등포구 도영로 2-5,공동주택,코오롱하늘채아파트,1,
181,도림동,영등포구 도영로 66,공동주택,아트자이아파트,6,
182,도림동,영등포구 도영로7길 7,공동주택,청구아파트,1,
183,도림동,영등포구 도영로 16,공동주택,하나아파텔,1,
184,도림동,영등포구 도신로15길 37,공동주택,타원벨라움 오피스텔,1,
185,도림동,영등포구 도신로15라길 5-7,공동주택,한라아파트,1,
186,도림동,영등포구 도림로 365,공동주택,동아에코빌아파트,1,
187,도림동,영등포구 도영로7길 15,공동주택,쌍용플레티넘시티1단지 오피스텔,1,
188,도림동,영등포구 도영로 15,공동주택,쌍용플레티넘시티2단지 오피스텔,1,
189,여의동,영등포구 여의나루로 7,공동주택,광장아파트,4,
190,여의동,영등포구 의사당대로 110,공동주택,미성아파트,3,
191,여의동,영등포구 여의동로3길 10,공동주택,자이아파트,1,
192,여의동,영등포구 국제금융로7길 1,공동주택,수정아파트,1,
193,여의동,영등포구 국회대로76가길 11,공동주택,초원아파트,1,
194,여의동,영등포구 여의대로6길 17,공동주택,공작아파트,1,
195,여의동,영등포구 여의나루로 121,공동주택,서울아파트,1,
196,여의동,영등포구 여의나루로 126,공동주택,목화아파트,1,
197,여의동,영등포구 국제금융로7길 27,공동주택,삼부아파트 ,2,
198,여의동,영등포구 국제금융로7길 32,공동주택,장미아파트,1,
199,여의동,영등포구 국제금융로7길 20,공동주택,대교아파트,1,
200,여의동,영등포구 여의동로 143,공동주택,대우트럼프월드1차아파트,1,
201,여의동,영등포구 여의동로 97,공동주택,대우트럼프월드2차아파트,1,
202,여의동,영등포구 국제금융로 108-6,공동주택,진주아파트,1,
203,여의동,영등포구 63로 32,공동주택,라이프콤비아파트,1,
204,여의동,영등포구 63로 36,공동주택,리버타워오피스텔,1,
205,여의동,영등포구 63로 40,공동주택,라이프오피스텔,1,
206,여의동,영등포구 63로 45,공동주택,시범아파트,4,
207,여의동,영등포구 국제금융로 109,공동주택,삼익아파트,1,
208,여의동,영등포구 국제금융로7가길 21,공동주택,화랑아파트,1,
209,여의동,영등포구 국제금융로 79,공동주택,한양아파트,2,
210,여의동,영등포구 여의동로 213,공동주택,금호리첸시아,1,주상복합
211,영등포본동,신길로61길 17,주택가,영등포본동 주민센터 앞,1,클린하우스
212,영등포본동,도신로65길 3-2,주택가,장훈고 주변,1,클린하우스
213,영등포본동,영등포로62가길6-16,주택가,SK주유소옹벽,1,클린하우스
214,영등포본동,신길로60길34,주택가,"제2공영주차장담벽, 신길지구대 뒷편",1,클린하우스
215,영등포본동,신길로62길35,주택가,장훈고등학교 뒷편 담장,1,클린하우스
216,영등포본동,영등포로62길34앞,주택가,영원중담장,1,클린하우스
217,영등포본동,영등포로 60길 33,주택가,엔프리빌오피스텔,1,클린하우스
218,영등포본동,영등포로 60길 17,주택가,파파이발관 앞/ 지하도 옆,1,클린하우스
219,영등포본동,도신로51길9,주택가,영신슈퍼마켓 앞,1,클린하우스
220,영등포동,영등포로33길9-1,주택가,동방주차장,1,클린하우스
221,영등포동,영등포로34길12,주택가,영남주차장,1,클린하우스
222,영등포동,영등포로35길15,주택가,중앙어린이공원,1,클린하우스
223,영등포동,영중로27길3,주택가,영중작은복지센터,1,클린하우스
224,도림동,도신로15라길 33,주택가,"한라아파트앞, 도림빗물펌프장입구",1,클린하우스
225,도림동,도신로15길 5,주택가,영등포구다목적배드민턴체육관 앞,1,클린하우스
226,도림동,도신로 25길 4 앞,주택가,진풍주차장 앞,1,클린하우스
227,양평1동,양산로3길 9,주택가,삼천리아파트담장,1,클린하우스
228,양평2동,양평로28사길9,주택가,아트리버빌 맞은편,1,클린하우스
229,신길1동,영등포로84길36,주택가,어린이놀이터,1,클린하우스
230,신길1동,여의대방로47다길16-9,주택가,신길1동주민센터뒷편,1,클린하우스
231,신길3동,가마산로51길6앞,주택가,성락유치원뒤,1,클린하우스
232,신길3동,가마산로49길2,주택가,가마산로49길2앞,1,클린하우스
233,신길3동,가마산로 61다길 9,주택가,우성5차아파트 담장,1,클린하우스
234,신길3동,가마산로63길25,주택가,공원인근,1,클린하우스
235,신길3동,신길로39길8,주택가,"경남여인숙앞,사러가시장 옆",1,클린하우스
236,신길3동,신길로39길 28,주택가,썬마트 맞은편,1,클린하우스
237,신길5동,가마산로48길 26앞,주택가,뚝방길옆,1,클린하우스
238,신길5동,도림로63길1앞,주택가,대림소방파출소 앞,1,클린하우스
239,신길5동,신길로15길9앞,주택가,영등포종합사회복지관,1,클린하우스
240,신길5동,가마산로50길9주변,주택가,가마산로50길9주변,1,클린하우스
241,신길6동,신길로8길7,주택가,신길로8길7건너편(KT대방지사옆),1,클린하우스
242,신길6동,신길로 16길 9-1,주택가,영신고등학교 담장,1,클린하우스
243,신길6동,신길로8길9-15,주택가,신길로8길9-15 건너편(신길3차우성아파트),1,클린하우스
244,신길6동,대방천로 182,주택가,한국목재 뒤,1,클린하우스
245,대림1동,대림로106,주택가,대림어린이공원 앞,1,클린하우스
246,대림2동,디지털로 38길 16-15,주택가,신대림한솔솔파크아파트뒷편1,1,클린하우스
247,대림2동,대림2동 702,주택가,대동초등학교 담장,1,클린하우스
248,대림2동,디지털로 38길 8-8,주택가,신대림한솔솔파크아파트뒷편2,1,클린하우스
249,대림3동,가마산로47길 13,주택가,신우어린이공원,1,클린하우스
250,대림3동,도림로39길7-2,주택가,남부도로사업소좌측,1,클린하우스
251,대림3동,도림로31길 28,주택가,대림역,1,클린하우스
252,대림1동,영등포구 디지털로 441,주민센터,대림1동 주민센터,1,
253,대림2동,영등포구 대림로23길 25,주민센터,대림2동 주민센터,1,
254,대림3동,영등포구 대림로 197,주민센터,대림3동 주민센터,1,
255,문래동,영등포구 문래로28길 15,주민센터,문래동 주민센터,1,
256,영등포동,영등포로53길 22,주민센터,영등포동 주민센터,1,
257,양평1동,영등포로11길 12,주민센터,양평1동 주민센터,1,
258,양평2동,영등포구 선유로47길 30,주민센터,양평2동 주민센터,1,
259,당산1동,영등포구 양산로23길 11,주민센터,당산1동 주민센터,1,
260,당산2동,영등포구 당산로41가길 7,주민센터,당산2동 주민센터,1,
261,도림동,영등포구 도영로7길 10,주민센터,도림동 주민센터,1,
262,신길1동,영등포구 영등포로84길 24-5,주민센터,신길1동 주민센터,1,
263,신길3동,영등포구 신길로41라길 13-8,주민센터,신길3동 주민센터,1,
264,신길4동,영등포구 신길로42길 1,주민센터,신길4동 주민센터,1,
265,신길5동,영등포구 도림로 264,주민센터,신길5동 주민센터,1,
266,신길6동,영등포구 대방천로 258,주민센터,신길6동 주민센터,1,
267,신길7동,영등포구 여의대방로43길 10,주민센터,신길7동 주민센터,1,
